--
-- PostgreSQL database dump
--

-- Dumped from database version 9.3.3
-- Dumped by pg_dump version 9.3.3
-- Started on 2016-08-23 17:00:28

SET statement_timeout = 0;
SET lock_timeout = 0;
SET client_encoding = 'UTF8';
SET standard_conforming_strings = on;
SET check_function_bodies = false;
SET client_min_messages = warning;

SET search_path = gracethd, pg_catalog;

--
-- TOC entry 4012 (class 0 OID 156636)
-- Dependencies: 233
-- Data for Name: t_adresse; Type: TABLE DATA; Schema: gracethd; Owner: -
--

INSERT INTO t_adresse VALUES ('AD000180031091', 'ADRNIVX_0000000279340631', 'RUE DU VOEU DE VILLE', '0270', 4, NULL, '18003', '18220', NULL, NULL, 667452.700000, 6677769.400000, 'LES AIX D ANGILLON', 'AE', '0195', 667454.646000, 6677770.070000, false, 1, 0, 1, 0, NULL, '18003222V4', NULL, NULL, false, false, '7', NULL, NULL, 'CI', 'I', NULL, NULL, 'AD000180031091', NULL, NULL, false, NULL, NULL, '3', NULL, 25.00, 'CADA', 'GPS GRAND PUBLIC', '2015-05-26 00:00:00', '2015-06-04 00:00:00', NULL, NULL, NULL, '01010000206A0800009EFFFFFF815E2441B8F7FF7F42795941');
INSERT INTO t_adresse VALUES ('AD000180031092', 'ADRNIVX_0000000279340515', 'RUE DU MAIL', '0155', 28, NULL, '18003', '18220', NULL, NULL, 667462, 6677749.200000, 'LES AIX D ANGILLON', 'AE', '0196', 667463.309000, 6677767.160000, false, 1, 0, 1, 0, NULL, NULL, NULL, NULL, false, false, '7', NULL, NULL, 'CI', 'I', NULL, NULL, 'AD000180031092', NULL, NULL, false, NULL, NULL, '3', NULL, 25.00, 'CADA', 'GPS GRAND PUBLIC', '2015-05-26 00:00:00', '2015-06-04 00:00:00', NULL, NULL, NULL, '01010000206A080000A2FFFFFF8D5E2441B7F7FFFF3D795941');
INSERT INTO t_adresse VALUES ('AD000180031093', 'ADRNIVX_0000000279340514', 'RUE DU MAIL', '0155', 26, NULL, '18003', '18220', NULL, NULL, 667466.800000, 6677747, 'LES AIX D ANGILLON', 'AE', '0199', 667473.202000, 6677751.330000, false, 3, 0, 3, 0, NULL, '18003222UU', NULL, NULL, false, false, '7', NULL, NULL, 'CI', 'I', NULL, NULL, 'AD000180031093', NULL, NULL, true, NULL, NULL, '3', NULL, 25.00, 'CADA', 'GPS GRAND PUBLIC', '2015-05-26 00:00:00', '2015-06-04 00:00:00', NULL, NULL, NULL, '01010000206A0800009CFFFFFF975E2441B7F7FF7F3D795941');
INSERT INTO t_adresse VALUES ('AD000180031094', NULL, 'LE BOURG', NULL, 125, NULL, '18003', '18220', NULL, NULL, NULL, NULL, 'LES AIX D ANGILLON', 'AE', '0513', 667541.028000, 6677754.210000, false, 0, 0, 0, 0, NULL, NULL, NULL, NULL, false, false, '0', NULL, NULL, 'CI', 'P', NULL, NULL, 'AD000180031094', NULL, NULL, false, NULL, NULL, '3', NULL, 25.00, 'CADA', 'GPS GRAND PUBLIC', '2015-05-26 00:00:00', '2015-06-04 00:00:00', NULL, NULL, NULL, '01010000206A080000A0FFFFFF255F2441B7F7FFFF3E795941');
INSERT INTO t_adresse VALUES ('AD000180031100', 'ADRNIVX_0000000279340510', 'RUE DU MAIL', '0155', 20, NULL, '18003', '18220', NULL, NULL, 667485.900000, 6677738.200000, 'LES AIX D ANGILLON', 'AE', '0211', 667486.032000, 6677753.190000, false, 2, 0, 2, 0, NULL, '18003222UP', NULL, NULL, false, false, '7', NULL, NULL, 'CI', 'I', NULL, NULL, 'AD000180031100', NULL, NULL, false, NULL, NULL, '3', NULL, 25.00, 'CADA', 'GPS GRAND PUBLIC', '2015-05-26 00:00:00', '2015-06-04 00:00:00', NULL, NULL, NULL, '01010000206A080000A6FFFFFFB75E2441B6F7FFBF3B795941');
INSERT INTO t_adresse VALUES ('AD000180031101', 'ADRNIVX_0000000279340544', 'RUE DU PROGRES', '0203', 1, NULL, '18003', '18220', NULL, NULL, 667492.900000, 6677738.900000, 'LES AIX D ANGILLON', 'AE', '0211', 667486.032000, 6677753.190000, false, 1, 0, 1, 0, NULL, NULL, NULL, NULL, false, false, '7', NULL, NULL, 'CI', 'I', NULL, NULL, 'AD000180031101', NULL, NULL, false, NULL, NULL, '3', NULL, 25.00, 'CADA', 'GPS GRAND PUBLIC', '2015-05-26 00:00:00', '2015-06-04 00:00:00', NULL, NULL, NULL, '01010000206A080000A5FFFFFFC75E2441B9F7FFFF3B795941');
INSERT INTO t_adresse VALUES ('AD000180031227', 'ADRNIVX_0000000279340507', 'RUE DU MAIL', '0155', 14, NULL, '18003', '18220', NULL, NULL, 667518.600000, 6677724.500000, 'LES AIX D ANGILLON', 'AE', '0220', 667524.741000, 6677738.270000, false, 1, 1, 1, 1, NULL, '18003222UL', NULL, NULL, false, false, '2', NULL, NULL, 'CI', 'I', NULL, NULL, 'AD000180031227', NULL, NULL, false, NULL, NULL, '3', NULL, 25.00, 'CADA', 'GPS GRAND PUBLIC', '2015-05-26 00:00:00', '2015-06-04 00:00:00', NULL, NULL, NULL, '01010000206A080000A3FFFFFF095F2441B6F7FF3F39795941');
INSERT INTO t_adresse VALUES ('AD000180031284', 'ADRNIVX_0000000279340486', 'RUE DE LA LIBERTE', '0145', 13, NULL, '18003', '18220', NULL, NULL, 667560.900000, 6677785.800000, 'LES AIX D ANGILLON', 'AE', '0499', 667556.884000, 6677779.530000, false, 1, 0, 1, 0, NULL, '18003223MU', NULL, NULL, false, false, '0', NULL, NULL, 'CI', 'I', NULL, NULL, 'AD000180031284', NULL, NULL, true, NULL, NULL, '3', NULL, 25.00, 'CADA', 'GPS GRAND PUBLIC', '2015-05-26 00:00:00', '2015-06-04 00:00:00', NULL, NULL, NULL, '01010000206A080000A5FFFFFF4F5F2441B5F7FFBF45795941');
INSERT INTO t_adresse VALUES ('AD000180031287', 'ADRNIVX_0000000279340490', 'RUE DE LA LIBERTE', '0145', 19, NULL, '18003', '18220', NULL, NULL, 667545.800000, 6677794.400000, 'LES AIX D ANGILLON', 'AE', '0501', 667541.626000, 6677784.550000, false, 1, 0, 1, 0, NULL, '18003223H4', NULL, NULL, false, false, '0', NULL, NULL, 'CI', 'I', NULL, NULL, 'AD000180031287', NULL, NULL, true, NULL, NULL, '3', NULL, 25.00, 'CADA', 'GPS GRAND PUBLIC', '2015-05-26 00:00:00', '2015-06-04 00:00:00', NULL, NULL, NULL, '01010000206A080000A8FFFFFF315F2441B4F7FF3F48795941');
INSERT INTO t_adresse VALUES ('AD000180031292', 'ADRNIVX_0000000279340505', 'RUE DU MAIL', '0155', 10, NULL, '18003', '18220', NULL, NULL, 667537.500000, 6677715.300000, 'LES AIX D ANGILLON', 'AE', '0514', 667554.967000, 6677754.880000, false, 1, 0, 1, 0, NULL, '18003222UH', NULL, NULL, false, false, '0', NULL, NULL, 'CI', 'P', NULL, NULL, 'AD000180031292', NULL, NULL, true, NULL, NULL, '3', NULL, 25.00, 'CADA', 'GPS GRAND PUBLIC', '2015-05-26 00:00:00', '2015-06-04 00:00:00', NULL, NULL, NULL, '01010000206A0800009FFFFFFF3B5F2441B7F7FF3F3F795941');
INSERT INTO t_adresse VALUES ('AD000180031301', 'ADRNIVX_0000000279340487', 'RUE DE LA LIBERTE', '0145', 15, NULL, '18003', '18220', NULL, NULL, 667550.800000, 6677792.100000, 'LES AIX D ANGILLON', 'AE', '0548', 667545.543000, 6677781.380000, false, 0, 1, 0, 1, NULL, NULL, NULL, NULL, false, false, '0', NULL, NULL, 'CI', 'I', NULL, NULL, 'AD000180031301', NULL, NULL, true, NULL, NULL, '3', NULL, 25.00, 'CADA', 'GPS GRAND PUBLIC', '2015-05-26 00:00:00', '2015-06-04 00:00:00', NULL, NULL, NULL, '01010000206A080000AAFFFFFF3F5F2441B4F7FF3F47795941');
INSERT INTO t_adresse VALUES ('AD000180031330', 'ADRNIVX_0000000279340506', 'RUE DU MAIL', '0155', 12, NULL, '18003', '18220', NULL, NULL, 667526, 6677721.300000, 'LES AIX D ANGILLON', 'AE', '0221', 667532.026000, 6677732.890000, false, 4, 0, 4, 0, NULL, '18003222UI', NULL, NULL, false, false, '2', NULL, NULL, 'CI', 'I', NULL, NULL, 'AD000180031330', NULL, NULL, true, NULL, NULL, '3', NULL, 25.00, 'CADA', 'GPS GRAND PUBLIC', '2015-05-26 00:00:00', '2015-06-04 00:00:00', NULL, NULL, NULL, '01010000206A080000A4FFFFFF135F2441B7F7FFBF37795941');
INSERT INTO t_adresse VALUES ('AD000180031404', NULL, 'RTE D''HENRICHEMONT', NULL, 10, NULL, '18003', '18220', NULL, NULL, NULL, NULL, 'LES AIX D ANGILLON', 'AE', '0184', 667575.791000, 6677969.560000, false, 1, 1, 1, 1, NULL, '180032227Y', NULL, 144, true, false, NULL, NULL, NULL, 'CI', 'P', NULL, NULL, 'AD000180031400', NULL, NULL, false, NULL, NULL, '3', NULL, 25.00, 'CADA', 'GPS GRAND PUBLIC', '2015-06-06 00:00:00', NULL, NULL, NULL, NULL, '01010000206A08000000000000525F24410000000071795941');
INSERT INTO t_adresse VALUES ('AD000180031413', 'ADRNIVX_0000000279340491', 'RUE DE LA LIBERTE', '0145', 21, NULL, '18003', '18220', NULL, NULL, 667536.600000, 6677796.600000, 'LES AIX D ANGILLON', 'AE', '0707', 667532.623000, 6677780.460000, false, 1, 0, 1, 0, NULL, '18003223H6', NULL, NULL, false, false, '0', NULL, NULL, 'CI', 'I', NULL, NULL, 'AD000180031413', NULL, NULL, false, NULL, NULL, '3', NULL, 25.00, 'CADA', 'GPS GRAND PUBLIC', '2015-05-26 00:00:00', '2015-06-04 00:00:00', NULL, NULL, NULL, '01010000206A080000A4FFFFFF255F2441BAF7FF7F48795941');
INSERT INTO t_adresse VALUES ('AD000180031414', 'ADRNIVX_0000000279340491', 'RUE DE LA LIBERTE', '0145', 21, 'B', '18003', '18220', NULL, NULL, 667536.600000, 6677796.600000, 'LES AIX D ANGILLON', 'AE', '0707', 667532.623000, 6677780.460000, false, 1, 0, 1, 0, NULL, '18003223RT', NULL, NULL, false, false, '0', NULL, NULL, 'CI', 'I', NULL, NULL, 'AD000180031414', NULL, NULL, true, NULL, NULL, '3', NULL, 25.00, 'CADA', 'GPS GRAND PUBLIC', '2015-05-26 00:00:00', '2015-06-04 00:00:00', NULL, NULL, NULL, '01010000206A0800009FFFFFFF255F2441B5F7FF7F46795941');
INSERT INTO t_adresse VALUES ('AD001180031414', NULL, 'R DU CHEM VERT D46 CHÂTEAU D''EAU', NULL, NULL, NULL, '18003', '18220', NULL, 'COULANGES', NULL, NULL, 'LES AIX-D''ANGILLON', NULL, NULL, NULL, NULL, NULL, NULL, NULL, NULL, NULL, NULL, NULL, NULL, NULL, NULL, NULL, NULL, NULL, NULL, NULL, NULL, NULL, NULL, NULL, NULL, NULL, NULL, NULL, NULL, NULL, NULL, 25.00, 'CADA', 'GPS GRAND PUBLIC', '2015-06-08 00:00:00', NULL, NULL, NULL, NULL, '01010000206A080000FF60DDA80B632441D0D8113AAE795941');


--
-- TOC entry 4023 (class 0 OID 156994)
-- Dependencies: 244
-- Data for Name: t_baie; Type: TABLE DATA; Schema: gracethd; Owner: -
--

INSERT INTO t_baie VALUES ('BA000180030502', NULL, 'BA000180030502', 'LT000180030001', 'OR900000000000', 'OR900000000000', 'OR900000000000', 'CST', 'AVP', 'OK', 'RF000000000011', 'BAIE', 42, 2200, 800, 600, 'BaieOrange', '2015-06-02 11:59:00', '2015-06-04 00:00:00', NULL, NULL, NULL);
INSERT INTO t_baie VALUES ('BA000180030503', NULL, 'BA000180030503', 'LT000180030001', 'OR000000000004', 'OR000000000004', 'OR000000000004', 'CST', 'AVP', 'OK', 'RF000000000011', 'BAIE', 42, 2200, 800, 600, 'BaieSFR', '2015-06-02 11:59:00', '2015-06-04 00:00:00', NULL, NULL, NULL);
INSERT INTO t_baie VALUES ('BA000180030504', NULL, 'BA000180030504', 'LT000180030001', 'OR000000000005', 'OR000000000005', 'OR000000000005', 'CST', 'AVP', 'OK', 'RF000000000011', 'BAIE', 42, 2000, 800, 600, 'BaieFree', '2015-06-02 11:59:00', '2015-06-04 00:00:00', NULL, NULL, NULL);
INSERT INTO t_baie VALUES ('BA000180030505', NULL, 'BA000180030505', 'LT000180030001', 'OR900000000002', 'OR900000000002', 'OR900000000002', 'CST', 'AVP', 'OK', 'RF000000000012', 'BAIE', 28, 1600, 800, 350, 'RépartiteurSMO', '2015-06-02 11:59:00', '2015-06-04 00:00:00', NULL, NULL, NULL);
INSERT INTO t_baie VALUES ('BA000180030506', NULL, 'BA000180030506', 'LT200180030502', 'OR900000000002', 'OR900000000002', 'OR900000000002', 'CST', 'AVP', 'OK', 'RF000000000012', 'BAIE', 28, 1600, 800, 350, 'RépartiteurSMO', '2015-06-02 11:59:00', '2015-06-04 00:00:00', NULL, NULL, NULL);
INSERT INTO t_baie VALUES ('BA000180030507', NULL, 'BA000180030507', 'LT000180030001', 'OR900000000002', 'OR900000000002', 'OR900000000002', 'CST', 'AVP', 'OK', 'RF000000000012', 'BAIE', 28, 1600, 800, 350, 'ZoneOperateur', '2015-06-02 11:59:00', '2015-06-04 00:00:00', NULL, NULL, NULL);
INSERT INTO t_baie VALUES ('BA000180030508', NULL, 'BA000180030508', 'LT200180030502', 'OR900000000002', 'OR900000000002', 'OR900000000002', 'CST', 'AVP', 'OK', 'RF000000000012', 'BAIE', 28, 1600, 800, 350, 'ZoneOperateur', '2015-06-02 11:59:00', '2015-06-04 00:00:00', NULL, NULL, NULL);
INSERT INTO t_baie VALUES ('BA000180030509', NULL, 'BA000180030509', 'LT000180030001', 'OR900000000002', 'OR900000000002', 'OR900000000002', 'CST', 'AVP', 'OK', 'RF000000000011', 'BAIE', 42, 2200, 800, 600, 'DepartTransport', '2015-06-02 11:59:00', '2015-06-04 00:00:00', NULL, NULL, NULL);


--
-- TOC entry 4036 (class 0 OID 157615)
-- Dependencies: 257
-- Data for Name: t_cab_cond; Type: TABLE DATA; Schema: gracethd; Owner: -
--

INSERT INTO t_cab_cond VALUES ('CB000180030001', 'CD201800331341', '2015-06-01 00:00:00', NULL, NULL, NULL, NULL);
INSERT INTO t_cab_cond VALUES ('CB000180030003', 'CD001800331341', '2015-06-03 00:00:00', NULL, NULL, NULL, NULL);
INSERT INTO t_cab_cond VALUES ('CB000180030916', 'CD201800331342', '2015-06-01 00:00:00', NULL, NULL, NULL, NULL);
INSERT INTO t_cab_cond VALUES ('CB000180030341', 'CD001800325991', '2015-06-01 00:00:00', NULL, NULL, NULL, NULL);
INSERT INTO t_cab_cond VALUES ('CB000180030975', 'CD001800326021', '2015-06-01 00:00:00', NULL, NULL, NULL, NULL);
INSERT INTO t_cab_cond VALUES ('CB000180030739', 'CD001800329561', '2015-06-01 00:00:00', NULL, NULL, NULL, NULL);
INSERT INTO t_cab_cond VALUES ('CB000180030329', 'CD001800329581', '2015-06-01 00:00:00', NULL, NULL, NULL, NULL);
INSERT INTO t_cab_cond VALUES ('CB000180030003', 'CD001800325991', '2015-06-03 00:00:00', NULL, NULL, NULL, NULL);
INSERT INTO t_cab_cond VALUES ('CB000180030003', 'CD001800325981', '2015-06-03 00:00:00', NULL, NULL, NULL, NULL);
INSERT INTO t_cab_cond VALUES ('CB000180030007', 'CD001800335703', '2015-06-03 00:00:00', NULL, NULL, NULL, NULL);
INSERT INTO t_cab_cond VALUES ('CB000180030341', 'CD001800331342', '2015-06-03 00:00:00', NULL, NULL, NULL, NULL);
INSERT INTO t_cab_cond VALUES ('CB000180030975', 'CD001800331343', '2015-06-03 00:00:00', NULL, NULL, NULL, NULL);


--
-- TOC entry 4034 (class 0 OID 157517)
-- Dependencies: 255
-- Data for Name: t_cable; Type: TABLE DATA; Schema: gracethd; Owner: -
--

INSERT INTO t_cable VALUES ('CB000180030001', NULL, 'CB000180030001', 'ND000180030502', 'ND000180030502', 'DSPE', 'A001', 'B001', NULL, 'OR900000000002', 'OR900000000002', 'OR900000000002', 'CST', 'AVP', 'OK', NULL, NULL, NULL, 'OPT', 'C', NULL, 'RF000000000002', 96, NULL, NULL, 6, 5, NULL, NULL, NULL, NULL, '2015-06-01 00:00:00', '2015-06-06 00:00:00', NULL, NULL, NULL);
INSERT INTO t_cable VALUES ('CB000180030003', NULL, 'CB000180030003', 'ND000180030091', 'ND000180030502', 'DSPE', 'A001', 'B001', NULL, 'OR900000000002', 'OR900000000002', 'OR900000000002', 'CST', 'AVP', 'OK', NULL, NULL, NULL, 'OPT', 'C', NULL, 'RF000000000002', 96, NULL, NULL, 12, 10, NULL, NULL, NULL, NULL, '2015-06-01 00:00:00', '2015-06-06 00:00:00', NULL, NULL, NULL);
INSERT INTO t_cable VALUES ('CB000180030007', NULL, 'CB000180030007', 'ND000180030091', 'ND000180030091', 'DSPE', 'A001', 'B001', NULL, 'OR900000000002', 'OR900000000002', 'OR900000000002', 'CST', 'AVP', 'OK', NULL, NULL, NULL, 'OPT', 'C', NULL, 'RF000000000002', 96, NULL, NULL, 12, 7, NULL, NULL, NULL, NULL, '2015-06-01 00:00:00', '2015-06-06 00:00:00', NULL, NULL, NULL);
INSERT INTO t_cable VALUES ('CB000180030329', NULL, 'CB000180030329', 'ND000180030072', 'ND000180032722', 'DSPE', 'A001', 'B001', NULL, 'OR900000000002', 'OR900000000002', 'OR900000000002', 'CST', 'AVP', 'OK', NULL, NULL, NULL, 'OPT', 'C', NULL, 'RF000000000006', 12, 4, NULL, 6, 1, NULL, NULL, NULL, NULL, '2015-06-01 00:00:00', '2015-06-06 00:00:00', NULL, NULL, NULL);
INSERT INTO t_cable VALUES ('CB000180030341', NULL, 'CB000180030341', 'ND000180030502', 'ND000180031350', 'DSPE', 'A001', 'B001', NULL, 'OR900000000002', 'OR900000000002', 'OR900000000002', 'CST', 'AVP', 'OK', NULL, NULL, NULL, 'OPT', 'C', NULL, 'RF000000000007', 24, 10, NULL, 6, 2, NULL, NULL, NULL, NULL, '2015-06-01 00:00:00', '2015-06-06 00:00:00', NULL, NULL, NULL);
INSERT INTO t_cable VALUES ('CB000180030739', NULL, 'CB000180030739', 'ND000180030072', 'ND000180030064', 'DSPE', 'A001', 'B001', NULL, 'OR900000000002', 'OR900000000002', 'OR900000000002', 'CST', 'AVP', 'OK', NULL, NULL, NULL, 'OPT', 'C', NULL, 'RF000000000008', 36, 22, NULL, 6, 3, NULL, NULL, NULL, NULL, '2015-06-01 00:00:00', '2015-06-06 00:00:00', NULL, NULL, NULL);
INSERT INTO t_cable VALUES ('CB000180030916', NULL, 'CB000180030916', 'ND000180030502', 'ND000180030502', 'DSPE', 'A001', 'B001', NULL, 'OR900000000002', 'OR900000000002', 'OR900000000002', 'CST', 'AVP', 'OK', NULL, NULL, NULL, 'OPT', 'C', NULL, 'RF000000000010', 576, NULL, NULL, 12, 10, NULL, NULL, NULL, NULL, '2015-06-01 00:00:00', '2015-06-06 00:00:00', NULL, NULL, NULL);
INSERT INTO t_cable VALUES ('CB000180030975', NULL, 'CB000180030975', 'ND000180030502', 'ND000180030072', 'DSPE', 'A001', 'B001', NULL, 'OR900000000002', 'OR900000000002', 'OR900000000002', 'CST', 'AVP', 'OK', NULL, NULL, NULL, 'OPT', 'C', NULL, 'RF000000000009', 48, 2, NULL, 6, 4, NULL, NULL, NULL, NULL, '2015-06-01 00:00:00', '2015-06-06 00:00:00', NULL, NULL, NULL);
INSERT INTO t_cable VALUES ('CB000180034416', NULL, 'CB000180034416', 'ND000180032722', 'ND000180031227', 'DSPE', 'A001', 'B001', NULL, 'OR900000000002', 'OR900000000002', 'OR900000000002', 'CST', 'AVP', 'OK', NULL, NULL, NULL, 'OPT', 'C', NULL, 'RF000000000004', 4, 1, NULL, 1, 1, NULL, NULL, NULL, NULL, '2015-06-01 00:00:00', '2015-06-06 00:00:00', NULL, NULL, NULL);
INSERT INTO t_cable VALUES ('CB000180034417', NULL, 'CB000180034417', 'ND000180032722', 'ND000180031330', 'DSPE', 'A001', 'B001', NULL, 'OR900000000002', 'OR900000000002', 'OR900000000002', 'CST', 'AVP', 'OK', NULL, NULL, NULL, 'OPT', 'C', NULL, 'RF000000000005', 6, 1, NULL, 1, 1, NULL, NULL, NULL, NULL, '2015-06-01 00:00:00', '2015-06-06 00:00:00', NULL, NULL, NULL);
INSERT INTO t_cable VALUES ('CB000180034418', NULL, 'CB000180034418', 'ND000180030064', 'ND000180031100', 'DSPE', 'A001', 'B001', NULL, 'OR900000000002', 'OR900000000002', 'OR900000000002', 'CST', 'AVP', 'OK', NULL, NULL, NULL, 'OPT', 'C', NULL, 'RF000000000004', 4, 1, NULL, 1, 1, NULL, NULL, NULL, NULL, '2015-06-01 00:00:00', '2015-06-06 00:00:00', NULL, NULL, NULL);
INSERT INTO t_cable VALUES ('CB000180034419', NULL, 'CB000180034419', 'ND000180030064', 'ND000180031101', 'DSPE', 'A001', 'B001', NULL, 'OR900000000002', 'OR900000000002', 'OR900000000002', 'CST', 'AVP', 'OK', NULL, NULL, NULL, 'OPT', 'C', NULL, 'RF000000000003', 2, 0, NULL, 1, 1, NULL, NULL, NULL, NULL, '2015-06-01 00:00:00', '2015-06-06 00:00:00', NULL, NULL, NULL);
INSERT INTO t_cable VALUES ('CB000180034420', NULL, 'CB000180034420', 'ND000180030064', 'ND000180031093', 'DSPE', 'A001', 'B001', NULL, 'OR900000000002', 'OR900000000002', 'OR900000000002', 'CST', 'AVP', 'OK', NULL, NULL, NULL, 'OPT', 'C', NULL, 'RF000000000004', 4, 0, NULL, 1, 1, NULL, NULL, NULL, NULL, '2015-06-01 00:00:00', '2015-06-06 00:00:00', NULL, NULL, NULL);
INSERT INTO t_cable VALUES ('CB000180034421', NULL, 'CB000180034421', 'ND000180030064', 'ND000180031092', 'DSPE', 'A001', 'B001', NULL, 'OR900000000002', 'OR900000000002', 'OR900000000002', 'CST', 'AVP', 'OK', NULL, NULL, NULL, 'OPT', 'C', NULL, 'RF000000000003', 2, 0, NULL, 1, 1, NULL, NULL, NULL, NULL, '2015-06-01 00:00:00', '2015-06-06 00:00:00', NULL, NULL, NULL);
INSERT INTO t_cable VALUES ('CB000180034422', NULL, 'CB000180034422', 'ND000180030064', 'ND000180031091', 'DSPE', 'A001', 'B001', NULL, 'OR900000000002', 'OR900000000002', 'OR900000000002', 'CST', 'AVP', 'OK', NULL, NULL, NULL, 'OPT', 'C', NULL, 'RF000000000003', 2, 0, NULL, 1, 1, NULL, NULL, NULL, NULL, '2015-06-01 00:00:00', '2015-06-06 00:00:00', NULL, NULL, NULL);
INSERT INTO t_cable VALUES ('CB000180034601', NULL, 'CB000180034601', 'ND000180031350', 'ND000180031287', 'DSPE', 'A001', 'B001', NULL, 'OR900000000002', 'OR900000000002', 'OR900000000002', 'CST', 'AVP', 'OK', NULL, NULL, NULL, 'OPT', 'C', NULL, 'RF000000000003', 2, 0, NULL, 1, 1, NULL, NULL, NULL, NULL, '2015-06-01 00:00:00', '2015-06-06 00:00:00', NULL, NULL, NULL);
INSERT INTO t_cable VALUES ('CB000180034602', NULL, 'CB000180034602', 'ND000180031350', 'ND000180031094', 'DSPE', 'A001', 'B001', NULL, 'OR900000000002', 'OR900000000002', 'OR900000000002', 'CST', 'AVP', 'OK', NULL, NULL, NULL, 'OPT', 'C', NULL, 'RF000000000003', 2, 0, NULL, 1, 1, NULL, NULL, NULL, NULL, '2015-06-01 00:00:00', '2015-06-06 00:00:00', NULL, NULL, NULL);
INSERT INTO t_cable VALUES ('CB000180034603', NULL, 'CB000180034603', 'ND000180031350', 'ND000180031284', 'DSPE', 'A001', 'B001', NULL, 'OR900000000002', 'OR900000000002', 'OR900000000002', 'CST', 'AVP', 'OK', NULL, NULL, NULL, 'OPT', 'C', NULL, 'RF000000000003', 2, 0, NULL, 1, 1, NULL, NULL, NULL, NULL, '2015-06-01 00:00:00', '2015-06-06 00:00:00', NULL, NULL, NULL);
INSERT INTO t_cable VALUES ('CB000180034604', NULL, 'CB000180034604', 'ND000180031350', 'ND000180031301', 'DSPE', 'A001', 'B001', NULL, 'OR900000000002', 'OR900000000002', 'OR900000000002', 'CST', 'AVP', 'OK', NULL, NULL, NULL, 'OPT', 'C', NULL, 'RF000000000003', 2, 0, NULL, 1, 1, NULL, NULL, NULL, NULL, '2015-06-01 00:00:00', '2015-06-06 00:00:00', NULL, NULL, NULL);
INSERT INTO t_cable VALUES ('CB000180034605', NULL, 'CB000180034605', 'ND000180031350', 'ND000180031413', 'DSPE', 'A001', 'B001', NULL, 'OR900000000002', 'OR900000000002', 'OR900000000002', 'CST', 'AVP', 'OK', NULL, NULL, NULL, 'OPT', 'C', NULL, 'RF000000000003', 2, 0, NULL, 1, 1, NULL, NULL, NULL, NULL, '2015-06-01 00:00:00', '2015-06-06 00:00:00', NULL, NULL, NULL);
INSERT INTO t_cable VALUES ('CB000180034606', NULL, 'CB000180034606', 'ND000180031350', 'ND000180031414', 'DSPE', 'A001', 'B001', NULL, 'OR900000000002', 'OR900000000002', 'OR900000000002', 'CST', 'AVP', 'OK', NULL, NULL, NULL, 'OPT', 'C', NULL, 'RF000000000003', 2, 0, NULL, 1, 1, NULL, NULL, NULL, NULL, '2015-06-01 00:00:00', '2015-06-06 00:00:00', NULL, NULL, NULL);
INSERT INTO t_cable VALUES ('CB000180034607', NULL, 'CB000180034607', 'ND000180031350', 'ND000180031292', 'DSPE', 'A001', 'B001', NULL, 'OR900000000002', 'OR900000000002', 'OR900000000002', 'CST', 'AVP', 'OK', NULL, NULL, NULL, 'OPT', 'C', NULL, 'RF000000000003', 2, 0, NULL, 1, 1, NULL, NULL, NULL, NULL, '2015-06-01 00:00:00', '2015-06-06 00:00:00', NULL, NULL, NULL);
INSERT INTO t_cable VALUES ('CB001800300071', NULL, 'CB001800300071', 'ND200180030502', 'ND200180030502', 'DSPE', 'A001', 'B001', NULL, 'OR900000000002', 'OR900000000002', 'OR900000000002', 'CST', 'AVP', 'OK', NULL, NULL, NULL, 'OPT', 'J', NULL, 'RF000000000021', 1, NULL, NULL, 1, 1, NULL, NULL, NULL, 'Jarretiere dans site SRO', '2015-06-01 00:00:00', '2015-06-06 00:00:00', NULL, NULL, NULL);
INSERT INTO t_cable VALUES ('CB001800300081', NULL, 'CB001800300081', 'ND000180030001', 'ND000180030001', 'DSPE', 'A001', 'B001', NULL, 'OR900000000002', 'OR900000000002', 'OR900000000002', 'CST', 'AVP', 'OK', NULL, NULL, NULL, 'OPT', 'J', NULL, 'RF000000000021', 1, NULL, NULL, 1, 1, NULL, NULL, NULL, 'Jarretiere dans NRO', '2015-06-01 00:00:00', '2015-06-06 00:00:00', NULL, NULL, NULL);
INSERT INTO t_cable VALUES ('CB001800300171', NULL, 'CB001800300171', 'ND200180030502', 'ND200180030502', 'DSPE', 'A001', 'B001', NULL, 'OR900000000002', 'OR900000000002', 'OR900000000002', 'CST', 'AVP', 'OK', NULL, NULL, NULL, 'OPT', 'J', NULL, 'RF000000000021', 1, NULL, NULL, 1, 1, NULL, NULL, NULL, 'SRO Jarretiere distribution - operateur', '2015-06-01 00:00:00', NULL, NULL, NULL, NULL);
INSERT INTO t_cable VALUES ('CB001800300271', NULL, 'CB001800300271', 'ND200180030502', 'ND200180030502', 'DSPE', 'A001', 'B001', NULL, 'OR900000000002', 'OR900000000002', 'OR900000000002', 'CST', 'AVP', 'OK', NULL, NULL, NULL, 'OPT', 'J', NULL, 'RF000000000021', 1, NULL, NULL, 1, 1, NULL, NULL, NULL, 'SRO Jarretiere distribution - operateur', '2015-06-01 00:00:00', NULL, NULL, NULL, NULL);
INSERT INTO t_cable VALUES ('CB001800300371', NULL, 'CB001800300371', 'ND200180030502', 'ND200180030502', 'DSPE', 'A001', 'B001', NULL, 'OR900000000002', 'OR900000000002', 'OR900000000002', 'CST', 'AVP', 'OK', NULL, NULL, NULL, 'OPT', 'J', NULL, 'RF000000000021', 1, NULL, NULL, 1, 1, NULL, NULL, NULL, 'SRO Jarretiere distribution - operateur', '2015-06-01 00:00:00', NULL, NULL, NULL, NULL);
INSERT INTO t_cable VALUES ('CB001800300471', NULL, 'CB001800300471', 'ND200180030502', 'ND200180030502', 'DSPE', 'A001', 'B001', NULL, 'OR900000000002', 'OR900000000002', 'OR900000000002', 'CST', 'AVP', 'OK', NULL, NULL, NULL, 'OPT', 'J', NULL, 'RF000000000021', 1, NULL, NULL, 1, 1, NULL, NULL, NULL, 'SRO Jarretiere distribution - operateur', '2015-06-01 00:00:00', NULL, NULL, NULL, NULL);
INSERT INTO t_cable VALUES ('CB001800300571', NULL, 'CB001800300571', 'ND200180030502', 'ND200180030502', 'DSPE', 'A001', 'B001', NULL, 'OR900000000002', 'OR900000000002', 'OR900000000002', 'CST', 'AVP', 'OK', NULL, NULL, NULL, 'OPT', 'J', NULL, 'RF000000000021', 1, NULL, NULL, 1, 1, NULL, NULL, NULL, 'SRO Jarretiere distribution - operateur', '2015-06-01 00:00:00', NULL, NULL, NULL, NULL);
INSERT INTO t_cable VALUES ('CB001800300671', NULL, 'CB001800300671', 'ND200180030502', 'ND200180030502', 'DSPE', 'A001', 'B001', NULL, 'OR900000000002', 'OR900000000002', 'OR900000000002', 'CST', 'AVP', 'OK', NULL, NULL, NULL, 'OPT', 'J', NULL, 'RF000000000021', 1, NULL, NULL, 1, 1, NULL, NULL, NULL, 'SRO Jarretiere distribution - operateur', '2015-06-01 00:00:00', NULL, NULL, NULL, NULL);
INSERT INTO t_cable VALUES ('CB001800300771', NULL, 'CB001800300771', 'ND200180030502', 'ND200180030502', 'DSPE', 'A001', 'B001', NULL, 'OR900000000002', 'OR900000000002', 'OR900000000002', 'CST', 'AVP', 'OK', NULL, NULL, NULL, 'OPT', 'J', NULL, 'RF000000000021', 1, NULL, NULL, 1, 1, NULL, NULL, NULL, 'SRO Jarretiere distribution - operateur', '2015-06-01 00:00:00', NULL, NULL, NULL, NULL);
INSERT INTO t_cable VALUES ('CB001800300871', NULL, 'CB001800300871', 'ND200180030502', 'ND200180030502', 'DSPE', 'A001', 'B001', NULL, 'OR900000000002', 'OR900000000002', 'OR900000000002', 'CST', 'AVP', 'OK', NULL, NULL, NULL, 'OPT', 'J', NULL, 'RF000000000021', 1, NULL, NULL, 1, 1, NULL, NULL, NULL, 'SRO Jarretiere distribution - operateur', '2015-06-01 00:00:00', NULL, NULL, NULL, NULL);
INSERT INTO t_cable VALUES ('CB001800300971', NULL, 'CB001800300971', 'ND200180030502', 'ND200180030502', 'DSPE', 'A001', 'B001', NULL, 'OR900000000002', 'OR900000000002', 'OR900000000002', 'CST', 'AVP', 'OK', NULL, NULL, NULL, 'OPT', 'J', NULL, 'RF000000000021', 1, NULL, NULL, 1, 1, NULL, NULL, NULL, 'SRO Jarretiere distribution - operateur', '2015-06-01 00:00:00', NULL, NULL, NULL, NULL);
INSERT INTO t_cable VALUES ('CB001800301071', NULL, 'CB001800301071', 'ND200180030502', 'ND200180030502', 'DSPE', 'A001', 'B001', NULL, 'OR900000000002', 'OR900000000002', 'OR900000000002', 'CST', 'AVP', 'OK', NULL, NULL, NULL, 'OPT', 'J', NULL, 'RF000000000021', 1, NULL, NULL, 1, 1, NULL, NULL, NULL, 'SRO Jarretiere distribution - operateur', '2015-06-01 00:00:00', NULL, NULL, NULL, NULL);
INSERT INTO t_cable VALUES ('CB001800301171', NULL, 'CB001800301171', 'ND200180030502', 'ND200180030502', 'DSPE', 'A001', 'B001', NULL, 'OR900000000002', 'OR900000000002', 'OR900000000002', 'CST', 'AVP', 'OK', NULL, NULL, NULL, 'OPT', 'J', NULL, 'RF000000000021', 1, NULL, NULL, 1, 1, NULL, NULL, NULL, 'SRO Jarretiere distribution - operateur', '2015-06-01 00:00:00', NULL, NULL, NULL, NULL);
INSERT INTO t_cable VALUES ('CB001800301271', NULL, 'CB001800301271', 'ND200180030502', 'ND200180030502', 'DSPE', 'A001', 'B001', NULL, 'OR900000000002', 'OR900000000002', 'OR900000000002', 'CST', 'AVP', 'OK', NULL, NULL, NULL, 'OPT', 'J', NULL, 'RF000000000021', 1, NULL, NULL, 1, 1, NULL, NULL, NULL, 'SRO Jarretiere distribution - operateur', '2015-06-01 00:00:00', NULL, NULL, NULL, NULL);
INSERT INTO t_cable VALUES ('CB001800301371', NULL, 'CB001800301371', 'ND200180030502', 'ND200180030502', 'DSPE', 'A001', 'B001', NULL, 'OR900000000002', 'OR900000000002', 'OR900000000002', 'CST', 'AVP', 'OK', NULL, NULL, NULL, 'OPT', 'J', NULL, 'RF000000000021', 1, NULL, NULL, 1, 1, NULL, NULL, NULL, 'SRO Jarretiere distribution - operateur', '2015-06-01 00:00:00', NULL, NULL, NULL, NULL);
INSERT INTO t_cable VALUES ('CB001800301471', NULL, 'CB001800301471', 'ND200180030502', 'ND200180030502', 'DSPE', 'A001', 'B001', NULL, 'OR900000000002', 'OR900000000002', 'OR900000000002', 'CST', 'AVP', 'OK', NULL, NULL, NULL, 'OPT', 'J', NULL, 'RF000000000021', 1, NULL, NULL, 1, 1, NULL, NULL, NULL, 'SRO Jarretiere distribution - operateur', '2015-06-01 00:00:00', NULL, NULL, NULL, NULL);
INSERT INTO t_cable VALUES ('CB001800301571', NULL, 'CB001800301571', 'ND200180030502', 'ND200180030502', 'DSPE', 'A001', 'B001', NULL, 'OR900000000002', 'OR900000000002', 'OR900000000002', 'CST', 'AVP', 'OK', NULL, NULL, NULL, 'OPT', 'J', NULL, 'RF000000000021', 1, NULL, NULL, 1, 1, NULL, NULL, NULL, 'SRO Jarretiere distribution - operateur', '2015-06-01 00:00:00', NULL, NULL, NULL, NULL);
INSERT INTO t_cable VALUES ('CB001800301671', NULL, 'CB001800301671', 'ND200180030502', 'ND200180030502', 'DSPE', 'A001', 'B001', NULL, 'OR900000000002', 'OR900000000002', 'OR900000000002', 'CST', 'AVP', 'OK', NULL, NULL, NULL, 'OPT', 'J', NULL, 'RF000000000021', 1, NULL, NULL, 1, 1, NULL, NULL, NULL, 'SRO Jarretiere distribution - operateur', '2015-06-01 00:00:00', NULL, NULL, NULL, NULL);
INSERT INTO t_cable VALUES ('CB001800301771', NULL, 'CB001800301771', 'ND200180030502', 'ND200180030502', 'DSPE', 'A001', 'B001', NULL, 'OR900000000002', 'OR900000000002', 'OR900000000002', 'CST', 'AVP', 'OK', NULL, NULL, NULL, 'OPT', 'J', NULL, 'RF000000000021', 1, NULL, NULL, 1, 1, NULL, NULL, NULL, 'SRO Jarretiere distribution - operateur', '2015-06-01 00:00:00', NULL, NULL, NULL, NULL);
INSERT INTO t_cable VALUES ('CB001800301871', NULL, 'CB001800301871', 'ND200180030502', 'ND200180030502', 'DSPE', 'A001', 'B001', NULL, 'OR900000000002', 'OR900000000002', 'OR900000000002', 'CST', 'AVP', 'OK', NULL, NULL, NULL, 'OPT', 'J', NULL, 'RF000000000021', 1, NULL, NULL, 1, 1, NULL, NULL, NULL, 'SRO Jarretiere distribution - operateur', '2015-06-01 00:00:00', NULL, NULL, NULL, NULL);
INSERT INTO t_cable VALUES ('CB001800301971', NULL, 'CB001800301971', 'ND200180030502', 'ND200180030502', 'DSPE', 'A001', 'B001', NULL, 'OR900000000002', 'OR900000000002', 'OR900000000002', 'CST', 'AVP', 'OK', NULL, NULL, NULL, 'OPT', 'J', NULL, 'RF000000000021', 1, NULL, NULL, 1, 1, NULL, NULL, NULL, 'SRO Jarretiere distribution - operateur', '2015-06-01 00:00:00', NULL, NULL, NULL, NULL);
INSERT INTO t_cable VALUES ('CB001800302071', NULL, 'CB001800302071', 'ND200180030502', 'ND200180030502', 'DSPE', 'A001', 'B001', NULL, 'OR900000000002', 'OR900000000002', 'OR900000000002', 'CST', 'AVP', 'OK', NULL, NULL, NULL, 'OPT', 'J', NULL, 'RF000000000021', 1, NULL, NULL, 1, 1, NULL, NULL, NULL, 'SRO Jarretiere distribution - operateur', '2015-06-01 00:00:00', NULL, NULL, NULL, NULL);
INSERT INTO t_cable VALUES ('CB001800302171', NULL, 'CB001800302171', 'ND200180030502', 'ND200180030502', 'DSPE', 'A001', 'B001', NULL, 'OR900000000002', 'OR900000000002', 'OR900000000002', 'CST', 'AVP', 'OK', NULL, NULL, NULL, 'OPT', 'J', NULL, 'RF000000000021', 1, NULL, NULL, 1, 1, NULL, NULL, NULL, 'SRO Jarretiere distribution - operateur', '2015-06-01 00:00:00', NULL, NULL, NULL, NULL);
INSERT INTO t_cable VALUES ('CB001800302271', NULL, 'CB001800302271', 'ND200180030502', 'ND200180030502', 'DSPE', 'A001', 'B001', NULL, 'OR900000000002', 'OR900000000002', 'OR900000000002', 'CST', 'AVP', 'OK', NULL, NULL, NULL, 'OPT', 'J', NULL, 'RF000000000021', 1, NULL, NULL, 1, 1, NULL, NULL, NULL, 'SRO Jarretiere operateur - transport', '2015-06-01 00:00:00', NULL, NULL, NULL, NULL);
INSERT INTO t_cable VALUES ('CB001800302371', NULL, 'CB001800302371', 'ND200180030502', 'ND200180030502', 'DSPE', 'A001', 'B001', NULL, 'OR900000000002', 'OR900000000002', 'OR900000000002', 'CST', 'AVP', 'OK', NULL, NULL, NULL, 'OPT', 'J', NULL, 'RF000000000021', 1, NULL, NULL, 1, 1, NULL, NULL, NULL, 'SRO Jarretiere operateur - transport', '2015-06-01 00:00:00', NULL, NULL, NULL, NULL);
INSERT INTO t_cable VALUES ('CB001800302471', NULL, 'CB001800302471', 'ND200180030502', 'ND200180030502', 'DSPE', 'A001', 'B001', NULL, 'OR900000000002', 'OR900000000002', 'OR900000000002', 'CST', 'AVP', 'OK', NULL, NULL, NULL, 'OPT', 'J', NULL, 'RF000000000021', 1, NULL, NULL, 1, 1, NULL, NULL, NULL, 'SRO Jarretiere operateur - transport', '2015-06-01 00:00:00', NULL, NULL, NULL, NULL);
INSERT INTO t_cable VALUES ('CB001800302571', NULL, 'CB001800302571', 'ND000180030001', 'ND000180030001', 'DSPE', 'A001', 'B001', NULL, 'OR900000000002', 'OR900000000002', 'OR900000000002', 'CST', 'AVP', 'OK', NULL, NULL, NULL, 'OPT', 'J', NULL, 'RF000000000022', 2, NULL, NULL, 1, 1, NULL, NULL, NULL, 'Jarretiere double dans NRO', '2015-06-01 00:00:00', NULL, NULL, NULL, NULL);


--
-- TOC entry 4035 (class 0 OID 157590)
-- Dependencies: 256
-- Data for Name: t_cableline; Type: TABLE DATA; Schema: gracethd; Owner: -
--

INSERT INTO t_cableline VALUES ('CL000180030001', 'CB000180030001', 5.224902, NULL, 'C', 25.00, 'ORTO', 'GPS GRAND PUBLIC', '2015-06-01 00:00:00', '2015-06-06 00:00:00', NULL, NULL, NULL, '01020000206A08000003000000D705507F165F2441700C8F9C4C7959410959263B185F2441C564569E4D7959415D7859501A5F244174EC10B54D795941');
INSERT INTO t_cableline VALUES ('CL000180030003', 'CB000180030003', 120.937123, NULL, 'C', 25.00, 'ORTO', 'GPS GRAND PUBLIC', '2015-06-03 00:00:00', '2015-06-06 00:00:00', NULL, NULL, NULL, '01020000206A080000170000003306507F165F2441B5148F9C4C79594161B1752E135F24411FED33124D795941C25861C3125F244112F46BEB4C79594115FB4B81125F244139633CC34C795941C85F5169125F2441F5CB519A4C7959414002AF79125F2441836E86734C79594126EC3ECF125F2441CDEBA53E4C7959414F53596B135F244123565A0C4C79594143197749145F2441242319DE4B795941EDF32663155F2441C2C739B54B7959412E443DB0165F2441F9C1EB924B79594133768DDB195F24417CDDF3554B79594184470F381D5F244174422C264B795941C25B1C2F395F2441D7CEBA224A795941234F8AA1505F24417567ABEF487959419923A1F8665F24417927886E477959417731378E945F244146B483F543795941BF25DE44C35F2441F4382F2B40795941E8140926C75F2441C45DDEE63F795941BB17F84ACB5F244143A5F2B43F795941039AFF9DCF5F2441101871963F79594136FF8208D45F2441FF39F98B3F7959414F9E8243DD5F2441CA75318B3F795941');
INSERT INTO t_cableline VALUES ('CL000180030007', 'CB000180030007', 37.416363, NULL, 'C', 25.00, 'ORTO', 'GPS GRAND PUBLIC', '2015-06-01 00:00:00', '2015-06-06 00:00:00', NULL, NULL, NULL, '01020000206A080000040000006108F9BC126024419D92CE563B795941A6677B9518602441F93B6B683C795941D7979603E75F2441E9BAD4FF3E7959414F9E8243DD5F2441CA75318B3F795941');
INSERT INTO t_cableline VALUES ('CL000180030329', 'CB000180030329', 29.519003, NULL, 'C', 25.00, 'ORTO', 'GPS GRAND PUBLIC', '2015-06-01 00:00:00', '2015-06-06 00:00:00', NULL, NULL, NULL, '01020000206A08000015000000E5A04FDED65E2441EF5F4B923B79594128A249FCD55E2441695198493B7959412E251EDFD55E2441B3226C3D3B7959419F30A5D1D55E244104D9D3303B795941D8D034D4D55E2441C7E51F243B79594166AABCE6D55E24411D6BA1173B7959417462C608D65E24419435A80B3B795941C3927839D65E244195BE80003B7959412C369C77D65E2441E34372F63A795941186BA4C1D65E24419A00BDED3A795941615AB815D75E2441F79298E63A7959415703BF71D75E24411B9932E13A795941295DF862035F244151F4B92338795941F32123CA035F24411C47941E3879594101BCAF36045F244188ABA11B3879594100A6A3A5045F244174D6F61A387959414178F313055F2441E377981C38795941C74B987E055F2441261A7B2038795941B1FDA4E2055F24414772832638795941ACBD5A3D065F2441C31F872E3879594194563C8C065F244106CE4D3838795941');
INSERT INTO t_cableline VALUES ('CL000180030341', 'CB000180030341', 36.225902, NULL, 'C', 25.00, 'ORTO', 'GPS GRAND PUBLIC', '2015-06-01 00:00:00', '2015-06-06 00:00:00', NULL, NULL, NULL, '01020000206A08000012000000D705507F165F2441700C8F9C4C7959410CB1752E135F2441D3E433124D795941C25861C3125F244112F46BEB4C79594115FB4B81125F244139633CC34C795941ACE9246D125F2441123D73A94C795941C85F5169125F2441F5CB519A4C7959414002AF79125F2441836E86734C79594126EC3ECF125F2441CDEBA53E4C7959414F53596B135F244123565A0C4C79594143197749145F2441242319DE4B795941EDF32663155F2441C2C739B54B7959412E443DB0165F2441F9C1EB924B7959416C7DB3A4185F2441F434506B4B79594164B022591A5F24413A16BF454B795941D0BF06DA1B5F2441871638184B795941AC4A2C1E1D5F2441D3D1D1E34A795941F9AAD31D1E5F244112F2CCA94A7959416B6E0B0C445F24415A3CF10948795941');
INSERT INTO t_cableline VALUES ('CL000180030739', 'CB000180030739', 37.727613, NULL, 'C', 25.00, 'ORTO', 'GPS GRAND PUBLIC', '2015-06-01 00:00:00', '2015-06-06 00:00:00', NULL, NULL, NULL, '01020000206A0800000C000000E5A04FDED65E2441EF5F4B923B79594180351682D65E24414C3FA6843B795941DB10B015D65E2441D47902793B7959415B6EDE9BD55E24419BC9AB6F3B79594157D8B917D55E24412BF0DE683B795941E3039E8CD45E24414D2BC8643B795941ACF713FED35E24412C1582633B795941759F8613C75E2441ABA8FB663B7959414D08BB2CC45E24414FCE3C693B7959410FD09551C15E2441A796C5793B7959415B978D93BE5E244119E830983B795941A2F7105D905E2441E9B6121D3E795941');
INSERT INTO t_cableline VALUES ('CL000180030916', 'CB000180030916', 5.224900, NULL, 'C', 25.00, 'ORTO', 'GPS GRAND PUBLIC', '2015-06-01 00:00:00', '2015-06-06 00:00:00', NULL, NULL, NULL, '01020000206A080000030000005D7859501A5F244174EC10B54D7959410959263B185F2441C564569E4D7959413306507F165F2441B5148F9C4C795941');
INSERT INTO t_cableline VALUES ('CL000180030975', 'CB000180030975', 79.375358, NULL, 'C', 25.00, 'ORTO', 'GPS GRAND PUBLIC', '2015-06-01 00:00:00', '2015-06-06 00:00:00', NULL, NULL, NULL, '01020000206A0800000B0000003306507F165F2441B5148F9C4C79594161B1752E135F24411FED33124D795941CDA854F2105F2441FE00FCCC4C795941CA5ED6130F5F2441EB056F7D4C795941A008C19E0D5F2441811A82254C7959414AD7429C0C5F2441DB1E5FC74B795941BB22B8120C5F24417C1357654B7959414F5883050C5F2441C081D3014B795941B3AEAEA40B5F2441905702354A795941E80433540A5F24415A33316C49795941E5A04FDED65E2441EF5F4B923B795941');
INSERT INTO t_cableline VALUES ('CL000180034416', 'CB000180034416', 4.471124, NULL, 'C', 25.00, 'ORTO', 'GPS GRAND PUBLIC', '2015-06-01 00:00:00', '2015-06-06 00:00:00', NULL, NULL, NULL, '01020000206A08000002000000F0563C8C065F24414FD64D383879594146FFFFFF095F24416BEFFF3F39795941');
INSERT INTO t_cableline VALUES ('CL000180034417', 'CB000180034417', 6.989974, NULL, 'C', 25.00, 'ORTO', 'GPS GRAND PUBLIC', '2015-06-01 00:00:00', '2015-06-06 00:00:00', NULL, NULL, NULL, '01020000206A0800000200000094563C8C065F244106CE4D383879594148FFFFFF135F24416DEFFFBF37795941');
INSERT INTO t_cableline VALUES ('CL000180034418', 'CB000180034418', 21.977120, NULL, 'C', 25.00, 'ORTO', 'GPS GRAND PUBLIC', '2015-06-01 00:00:00', '2015-06-06 00:00:00', NULL, NULL, NULL, '01020000206A08000002000000A2F7105D905E2441E9B6121D3E7959414AFFFFFFB75E24416AEFFFBF3B795941');
INSERT INTO t_cableline VALUES ('CL000180034419', 'CB000180034419', 29.100102, NULL, 'C', 25.00, 'ORTO', 'GPS GRAND PUBLIC', '2015-06-01 00:00:00', '2015-06-06 00:00:00', NULL, NULL, NULL, '01020000206A08000002000000A2F7105D905E2441E9B6121D3E79594149FFFFFFC75E244170EFFFFF3B795941');
INSERT INTO t_cableline VALUES ('CL000180034420', 'CB000180034420', 4.542972, NULL, 'C', 25.00, 'ORTO', 'GPS GRAND PUBLIC', '2015-06-01 00:00:00', '2015-06-06 00:00:00', NULL, NULL, NULL, '01020000206A0800000200000055F8105D905E24417CC7121D3E7959413FFFFFFF975E24416EEFFF7F3D795941');
INSERT INTO t_cableline VALUES ('CL000180034421', 'CB000180034421', 1.267186, NULL, 'C', 25.00, 'ORTO', 'GPS GRAND PUBLIC', '2015-06-01 00:00:00', '2015-06-06 00:00:00', NULL, NULL, NULL, '01020000206A0800000200000055F8105D905E24417CC7121D3E79594145FFFFFF8D5E24416CEFFFFF3D795941');
INSERT INTO t_cableline VALUES ('CL000180034422', 'CB000180034422', 18.975317, NULL, 'C', 25.00, 'ORTO', 'GPS GRAND PUBLIC', '2015-06-01 00:00:00', '2015-06-06 00:00:00', NULL, NULL, NULL, '01020000206A0800000200000055F8105D905E24417CC7121D3E79594141FFFFFF815E24416FEFFF7F42795941');
INSERT INTO t_cableline VALUES ('CL000180034601', 'CB000180034601', 9.070939, NULL, 'C', 25.00, 'ORTO', 'GPS GRAND PUBLIC', '2015-06-01 00:00:00', '2015-06-06 00:00:00', NULL, NULL, NULL, '01020000206A080000020000006B6E0B0C445F24415A3CF109487959414CFFFFFF315F24416AEFFF3F48795941');
INSERT INTO t_cableline VALUES ('CL000180034602', 'CB000180034602', 39.186896, NULL, 'C', 25.00, 'ORTO', 'GPS GRAND PUBLIC', '2015-06-01 00:00:00', '2015-06-06 00:00:00', NULL, NULL, NULL, '01020000206A080000020000006B6E0B0C445F24415A3CF1094879594143FFFFFF255F24416DEFFFFF3E795941');
INSERT INTO t_cableline VALUES ('CL000180034603', 'CB000180034603', 10.942991, NULL, 'C', 25.00, 'ORTO', 'GPS GRAND PUBLIC', '2015-06-01 00:00:00', '2015-06-06 00:00:00', NULL, NULL, NULL, '01020000206A080000020000006B6E0B0C445F24415A3CF1094879594149FFFFFF4F5F24416AEFFFBF45795941');
INSERT INTO t_cableline VALUES ('CL000180034604', 'CB000180034604', 3.751749, NULL, 'C', 25.00, 'ORTO', 'GPS GRAND PUBLIC', '2015-06-01 00:00:00', '2015-06-06 00:00:00', NULL, NULL, NULL, '01020000206A080000020000006B6E0B0C445F24415A3CF109487959414EFFFFFF3F5F24416DEFFF3F47795941');
INSERT INTO t_cableline VALUES ('CL000180034605', 'CB000180034605', 15.149657, NULL, 'C', 25.00, 'ORTO', 'GPS GRAND PUBLIC', '2015-06-01 00:00:00', '2015-06-06 00:00:00', NULL, NULL, NULL, '01020000206A08000002000000126E0B0C445F24411234F1094879594148FFFFFF255F244170EFFF7F48795941');
INSERT INTO t_cableline VALUES ('CL000180034606', 'CB000180034606', 16.249873, NULL, 'C', 25.00, 'ORTO', 'GPS GRAND PUBLIC', '2015-06-01 00:00:00', '2015-06-06 00:00:00', NULL, NULL, NULL, '01020000206A08000002000000126E0B0C445F24411234F1094879594142FFFFFF255F24416BEFFF7F46795941');
INSERT INTO t_cableline VALUES ('CL000180034607', 'CB000180034607', 35.415963, NULL, 'C', 25.00, 'ORTO', 'GPS GRAND PUBLIC', '2015-06-01 00:00:00', '2015-06-06 00:00:00', NULL, NULL, NULL, '01020000206A080000020000006B6E0B0C445F24415A3CF1094879594143FFFFFF3B5F24416DEFFF3F3F795941');


--
-- TOC entry 4029 (class 0 OID 157312)
-- Dependencies: 250
-- Data for Name: t_cassette; Type: TABLE DATA; Schema: gracethd; Owner: -
--

INSERT INTO t_cassette VALUES ('CS001800300911', 1, 'BP000180030091', 1, 'E', 'A', 'RF000000000014', NULL, '2015-06-03 00:00:00', '2015-06-04 00:00:00', NULL, NULL, NULL);
INSERT INTO t_cassette VALUES ('CS001800306751', 1, 'BP000180030675', 1, 'E', 'A', 'RF000000000014', NULL, '2015-06-01 00:00:00', '2015-06-04 00:00:00', NULL, NULL, NULL);
INSERT INTO t_cassette VALUES ('CS001800306761', 1, 'BP000180030676', 1, 'E', 'A', 'RF000000000014', NULL, '2015-06-02 00:00:00', '2015-06-04 00:00:00', NULL, NULL, NULL);
INSERT INTO t_cassette VALUES ('CS001800306762', 1, 'BP000180030676', 2, 'E', 'A', 'RF000000000014', NULL, '2015-06-02 00:00:00', '2015-06-04 00:00:00', NULL, NULL, NULL);
INSERT INTO t_cassette VALUES ('CS001800307051', 1, 'BP000180030705', 1, 'E', 'A', 'RF000000000014', NULL, '2015-06-02 00:00:00', '2015-06-04 00:00:00', NULL, NULL, NULL);
INSERT INTO t_cassette VALUES ('CS001800307052', 1, 'BP000180030705', 2, 'E', 'A', 'RF000000000014', NULL, '2015-06-02 00:00:00', '2015-06-04 00:00:00', NULL, NULL, NULL);
INSERT INTO t_cassette VALUES ('CS001800307141', 1, 'BP000180030714', 1, 'E', 'A', 'RF000000000014', NULL, '2015-06-08 00:00:00', NULL, NULL, NULL, NULL);
INSERT INTO t_cassette VALUES ('CS001800307142', 1, 'BP000180030714', 2, 'E', 'A', 'RF000000000014', NULL, NULL, NULL, NULL, NULL, NULL);
INSERT INTO t_cassette VALUES ('CS001800309761', 1, 'BP000180030976', 1, 'E', 'A', 'RF000000000014', NULL, '2015-06-02 00:00:00', '2015-06-04 00:00:00', NULL, NULL, NULL);
INSERT INTO t_cassette VALUES ('CS001800309762', 1, 'BP000180030976', 2, 'E', 'A', 'RF000000000014', NULL, '2015-06-02 00:00:00', '2015-06-04 00:00:00', NULL, NULL, NULL);
INSERT INTO t_cassette VALUES ('CS001800309763', 1, 'BP000180030976', 3, 'E', 'A', 'RF000000000014', NULL, '2015-06-02 00:00:00', '2015-06-04 00:00:00', NULL, NULL, NULL);
INSERT INTO t_cassette VALUES ('CS001800309764', 1, 'BP000180030976', 4, 'E', 'A', 'RF000000000014', NULL, '2015-06-02 00:00:00', '2015-06-04 00:00:00', NULL, NULL, NULL);


--
-- TOC entry 4030 (class 0 OID 157335)
-- Dependencies: 251
-- Data for Name: t_cheminement; Type: TABLE DATA; Schema: gracethd; Owner: -
--

INSERT INTO t_cheminement VALUES ('CM100180031521', NULL, 'ND000180032793', 'ND000180031350', 'CM000180032599', NULL, 'DSPE', 'A001', 'B001', 'C005', 'RUE DE LA LIBERTE', 'OR900000000005', 'OR900000000005', 'AVP', 'NC', NULL, NULL, NULL, 'DI', '0', 'TEL', NULL, NULL, NULL, NULL, NULL, NULL, NULL, NULL, NULL, false, NULL, 21.70, NULL, NULL, 'C', 25.00, 'ORTO', 'GPS GRAND PUBLIC', '2015-05-26 00:00:00', '2015-06-08 00:00:00', NULL, NULL, NULL, '01020000206A080000020000006B6E0B0C445F24415A3CF10948795941F9AAD31D1E5F244112F2CCA94A795941');
INSERT INTO t_cheminement VALUES ('CM000180032598', NULL, NULL, 'ND000180030091', 'CM000180033569', 'CM200180032598', 'DSPE', 'A001', 'B001', 'C002', 'RUE DE LA LIBERTE', 'OR900000000005', 'OR900000000005', 'AVP', 'NC', NULL, NULL, NULL, 'TR', '7', 'TEL', NULL, NULL, NULL, NULL, NULL, NULL, NULL, NULL, NULL, false, NULL, 111.71, NULL, NULL, 'C', 25.00, 'ORTO', 'GPS GRAND PUBLIC', '2015-05-28 00:00:00', '2015-06-08 00:00:00', NULL, NULL, NULL, '01020000206A0800000E0000002E443DB0165F2441F9C1EB924B79594133768DDB195F24417CDDF3554B79594184470F381D5F244174422C264B7959418EAAF1C2205F24410DC23D044B795941C25B1C2F395F2441D7CEBA224A795941234F8AA1505F24417567ABEF487959419923A1F8665F24417927886E477959417731378E945F244146B483F543795941BF25DE44C35F2441F4382F2B40795941E8140926C75F2441C45DDEE63F795941BB17F84ACB5F244143A5F2B43F795941039AFF9DCF5F2441101871963F79594136FF8208D45F2441FF39F98B3F7959414F9E8243DD5F2441CA75318B3F795941');
INSERT INTO t_cheminement VALUES ('CM000180032599', NULL, 'ND000180030065', 'ND000180030502', 'CM200180032598', 'CM100180031521', 'DSPE', 'A001', 'B001', 'C002', 'RUE DE LA LIBERTE', 'OR900000000005', 'OR900000000005', 'AVP', 'NC', NULL, NULL, NULL, 'DI', '7', 'TEL', NULL, NULL, NULL, NULL, NULL, NULL, NULL, NULL, NULL, false, NULL, 5.30, NULL, NULL, 'C', 25.00, 'ORTO', 'GPS GRAND PUBLIC', '2015-05-26 00:00:00', '2015-06-08 00:00:00', NULL, NULL, NULL, '01020000206A080000060000002E443DB0165F2441F9C1EB924B7959416C7DB3A4185F2441F434506B4B79594164B022591A5F24413A16BF454B795941D0BF06DA1B5F2441871638184B795941AC4A2C1E1D5F2441D3D1D1E34A795941F9AAD31D1E5F244112F2CCA94A795941');
INSERT INTO t_cheminement VALUES ('CM000180032602', NULL, 'ND000180030065', 'ND000180030072', NULL, NULL, 'DSPE', 'A001', 'B001', 'C002', 'RUE DU PROGRES', 'OR900000000005', 'OR900000000005', 'AVP', 'NC', NULL, NULL, NULL, 'DI', '7', 'TEL', NULL, NULL, NULL, NULL, NULL, NULL, NULL, NULL, NULL, false, NULL, 76.90, NULL, NULL, 'C', 25.00, 'ORTO', 'GPS GRAND PUBLIC', '2015-05-26 00:00:00', '2015-06-08 00:00:00', NULL, NULL, NULL, '01020000206A0800000A00000061B1752E135F24411FED33124D795941CDA854F2105F2441FE00FCCC4C795941CA5ED6130F5F2441EB056F7D4C795941A008C19E0D5F2441811A82254C7959414AD7429C0C5F2441DB1E5FC74B795941BB22B8120C5F24417C1357654B7959414F5883050C5F2441C081D3014B795941B3AEAEA40B5F2441905702354A795941E80433540A5F24415A33316C49795941E5A04FDED65E2441EF5F4B923B795941');
INSERT INTO t_cheminement VALUES ('CM000180032956', NULL, 'ND000180030072', 'ND000180030064', 'CM000180032602', NULL, 'DSPE', 'A001', 'B001', 'C002', 'RUE DU MAIL', 'OR900000000005', 'OR900000000005', 'AVP', 'NC', NULL, NULL, NULL, 'DI', '7', 'TEL', NULL, NULL, NULL, NULL, NULL, NULL, NULL, NULL, NULL, false, NULL, 37.73, NULL, NULL, 'C', 25.00, 'ORTO', 'GPS GRAND PUBLIC', '2015-05-26 00:00:00', '2015-06-08 00:00:00', NULL, NULL, NULL, '01020000206A0800000C00000055F8105D905E24417CC7121D3E7959415B978D93BE5E244119E830983B7959410FD09551C15E2441A796C5793B7959414D08BB2CC45E24414FCE3C693B795941759F8613C75E2441ABA8FB663B795941ACF713FED35E24412C1582633B795941E3039E8CD45E24414D2BC8643B79594157D8B917D55E24412BF0DE683B7959415B6EDE9BD55E24419BC9AB6F3B795941DB10B015D65E2441D47902793B79594180351682D65E24414C3FA6843B795941E5A04FDED65E2441EF5F4B923B795941');
INSERT INTO t_cheminement VALUES ('CM000180032958', NULL, 'ND000180030072', 'ND000180032722', 'CM000180032602', NULL, 'DSPE', 'A001', 'B001', 'C004', 'RUE DU MAIL', 'OR900000000005', 'OR900000000005', 'AVP', 'NC', NULL, NULL, NULL, 'DI', '7', 'TEL', NULL, NULL, NULL, NULL, NULL, NULL, NULL, NULL, NULL, false, NULL, 29.52, NULL, NULL, 'C', 25.00, 'ORTO', 'GPS GRAND PUBLIC', '2015-05-26 00:00:00', '2015-06-08 00:00:00', NULL, NULL, NULL, '01020000206A08000015000000E5A04FDED65E2441EF5F4B923B79594128A249FCD55E2441695198493B7959412E251EDFD55E2441B3226C3D3B7959419F30A5D1D55E244104D9D3303B795941D8D034D4D55E2441C7E51F243B79594166AABCE6D55E24411D6BA1173B7959417462C608D65E24419435A80B3B795941C3927839D65E244195BE80003B7959412C369C77D65E2441E34372F63A795941186BA4C1D65E24419A00BDED3A795941615AB815D75E2441F79298E63A7959415703BF71D75E24411B9932E13A795941295DF862035F244151F4B92338795941F32123CA035F24411C47941E3879594101BCAF36045F244188ABA11B3879594100A6A3A5045F244174D6F61A387959414178F313055F2441E377981C38795941C74B987E055F2441261A7B2038795941B1FDA4E2055F24414772832638795941ACBD5A3D065F2441C31F872E38795941F0563C8C065F24414FD64D3838795941');
INSERT INTO t_cheminement VALUES ('CM000180033134', NULL, 'ND000180030065', 'ND000180030502', NULL, 'CM200180033134', 'DSPE', 'A001', 'B001', 'C001', 'RUE DU 4 SEPTEMBRE', 'OR900000000005', 'OR900000000005', 'AVP', 'OK', NULL, NULL, NULL, 'TD', '7', 'TEL', NULL, NULL, NULL, 'MIC', 'TROT', 'BITUME', 'GRAVE - COUPE A', 0.60, 0.30, false, NULL, 2.48, NULL, NULL, 'C', 25.00, 'ORTO', 'GPS GRAND PUBLIC', '2015-05-26 00:00:00', '2015-06-08 00:00:00', NULL, NULL, NULL, '01020000206A080000020000000CB1752E135F2441D3E433124D7959413306507F165F2441B5148F9C4C795941');
INSERT INTO t_cheminement VALUES ('CM000180033569', NULL, 'ND000180030091', 'ND000180030503', 'CM000180033570', 'CM000180032598', 'DSPE', 'A001', 'B001', 'C001', 'RUE DE LA LIBERTE', 'OR900000000005', 'OR900000000005', 'AVP', 'OK', NULL, NULL, NULL, 'TR', '7', 'TEL', NULL, 1, NULL, 'FOR', 'TROT', 'BITUME', 'GRAVE - COUPE A', 0.60, 0.30, false, NULL, 5.34, NULL, NULL, 'C', 25.00, 'ORTO', 'GPS GRAND PUBLIC', '2015-05-28 00:00:00', '2015-06-08 00:00:00', NULL, NULL, NULL, '01020000206A08000002000000ED9D8243DD5F24417F6D318B3F795941D7979603E75F2441E9BAD4FF3E795941');
INSERT INTO t_cheminement VALUES ('CM000180033570', NULL, 'ND000180030503', 'ND000180030001', NULL, 'CM000180033569', 'DSPE', 'A001', 'B001', 'C001', 'RUE DE LA LIBERTE', 'OR900000000005', 'OR900000000005', 'AVP', 'OK', NULL, NULL, NULL, 'TR', '7', 'TEL', NULL, 1, NULL, 'TRA', 'EMP', 'PAVE', 'SABLE', 0.60, 0.30, false, NULL, 32.07, NULL, NULL, 'C', 25.00, 'ORTO', 'GPS GRAND PUBLIC', '2015-05-28 00:00:00', '2015-06-08 00:00:00', NULL, NULL, NULL, '01020000206A08000003000000D7979603E75F2441E9BAD4FF3E795941A6677B9518602441F93B6B683C7959416108F9BC126024419D92CE563B795941');
INSERT INTO t_cheminement VALUES ('CM900180034416', NULL, 'ND000180032722', 'ND000180031227', 'CM000180032958', NULL, 'DSPE', 'A001', 'B001', 'C004', 'RUE DU MAIL', 'OR900000000005', 'OR900000000005', 'AVP', 'NC', NULL, NULL, NULL, 'RA', '2', 'TEL', NULL, NULL, NULL, NULL, NULL, NULL, NULL, NULL, NULL, false, NULL, 4.47, NULL, NULL, 'C', 25.00, 'ORTO', 'GPS GRAND PUBLIC', '2015-05-28 00:00:00', '2015-06-08 00:00:00', NULL, NULL, NULL, '01020000206A0800000200000094563C8C065F244106CE4D383879594146FFFFFF095F24416BEFFF3F39795941');
INSERT INTO t_cheminement VALUES ('CM900180034417', NULL, 'ND000180032722', 'ND000180031330', 'CM000180032958', NULL, 'DSPE', 'A001', 'B001', 'C004', 'RUE DU MAIL', 'OR900000000005', 'OR900000000005', 'AVP', 'NC', NULL, NULL, NULL, 'RA', '2', 'TEL', NULL, NULL, NULL, NULL, NULL, NULL, NULL, NULL, NULL, false, NULL, 6.99, NULL, NULL, 'C', 25.00, 'ORTO', 'GPS GRAND PUBLIC', '2015-05-28 00:00:00', '2015-06-08 00:00:00', NULL, NULL, NULL, '01020000206A0800000200000094563C8C065F244106CE4D383879594148FFFFFF135F24416DEFFFBF37795941');
INSERT INTO t_cheminement VALUES ('CM900180034418', NULL, 'ND000180030064', 'ND000180031100', 'CM000180032956', NULL, 'DSPE', 'A001', 'B001', 'C002', 'RUE DU MAIL', 'OR900000000005', 'OR900000000005', 'AVP', 'NC', NULL, NULL, NULL, 'RA', '7', 'TEL', NULL, NULL, NULL, NULL, NULL, NULL, NULL, NULL, NULL, false, NULL, 21.98, NULL, NULL, 'C', 25.00, 'ORTO', 'GPS GRAND PUBLIC', '2015-05-28 00:00:00', '2015-06-08 00:00:00', NULL, NULL, NULL, '01020000206A08000002000000A2F7105D905E2441E9B6121D3E7959414AFFFFFFB75E24416AEFFFBF3B795941');
INSERT INTO t_cheminement VALUES ('CM900180034419', NULL, 'ND000180030064', 'ND000180031101', 'CM000180032956', NULL, 'DSPE', 'A001', 'B001', 'C002', 'RUE DU MAIL', 'OR900000000005', 'OR900000000005', 'AVP', 'NC', NULL, NULL, NULL, 'RA', '7', 'TEL', NULL, NULL, NULL, NULL, NULL, NULL, NULL, NULL, NULL, false, NULL, 29.10, NULL, NULL, 'C', 25.00, 'ORTO', 'GPS GRAND PUBLIC', '2015-05-28 00:00:00', '2015-06-08 00:00:00', NULL, NULL, NULL, '01020000206A08000002000000A2F7105D905E2441E9B6121D3E79594149FFFFFFC75E244170EFFFFF3B795941');
INSERT INTO t_cheminement VALUES ('CM900180034420', NULL, 'ND000180030064', 'ND000180031093', 'CM000180032956', NULL, 'DSPE', 'A001', 'B001', 'C002', 'RUE DU MAIL', 'OR900000000005', 'OR900000000005', 'AVP', 'NC', NULL, NULL, NULL, 'DI', '7', 'TEL', NULL, NULL, NULL, NULL, NULL, NULL, NULL, NULL, NULL, false, NULL, 4.54, NULL, NULL, 'C', 25.00, 'ORTO', 'GPS GRAND PUBLIC', '2015-05-28 00:00:00', '2015-06-08 00:00:00', NULL, NULL, NULL, '01020000206A08000002000000A2F7105D905E2441E9B6121D3E7959413FFFFFFF975E24416EEFFF7F3D795941');
INSERT INTO t_cheminement VALUES ('CM900180034421', NULL, 'ND000180030064', 'ND000180031092', 'CM000180032956', NULL, 'DSPE', 'A001', 'B001', 'C002', 'RUE DU MAIL', 'OR900000000005', 'OR900000000005', 'AVP', 'NC', NULL, NULL, NULL, 'RA', '7', 'TEL', NULL, NULL, NULL, NULL, NULL, NULL, NULL, NULL, NULL, false, NULL, 1.27, NULL, NULL, 'C', 25.00, 'ORTO', 'GPS GRAND PUBLIC', '2015-05-28 00:00:00', '2015-06-08 00:00:00', NULL, NULL, NULL, '01020000206A08000002000000A2F7105D905E2441E9B6121D3E79594145FFFFFF8D5E24416CEFFFFF3D795941');
INSERT INTO t_cheminement VALUES ('CM900180034422', NULL, 'ND000180030064', 'ND000180031091', 'CM000180032956', NULL, 'DSPE', 'A001', 'B001', 'C002', 'RUE DU MAIL', 'OR900000000005', 'OR900000000005', 'AVP', 'NC', NULL, NULL, NULL, 'RA', '7', 'TEL', NULL, NULL, NULL, NULL, NULL, NULL, NULL, NULL, NULL, false, NULL, 18.98, NULL, NULL, 'C', 25.00, 'ORTO', 'GPS GRAND PUBLIC', '2015-05-28 00:00:00', '2015-06-08 00:00:00', NULL, NULL, NULL, '01020000206A08000002000000A2F7105D905E2441E9B6121D3E79594141FFFFFF815E24416FEFFF7F42795941');
INSERT INTO t_cheminement VALUES ('CM900180034601', NULL, 'ND000180031350', 'ND000180031287', 'CM100180031521', NULL, 'DSPE', 'A001', 'B001', 'C003', 'RUE DE LA LIBERTE', 'OR900000000005', 'OR900000000005', 'AVP', 'NC', NULL, NULL, NULL, 'RA', '0', 'TEL', NULL, NULL, NULL, NULL, NULL, NULL, NULL, NULL, NULL, false, NULL, 9.07, NULL, NULL, 'C', 25.00, 'ORTO', 'GPS GRAND PUBLIC', '2015-05-28 00:00:00', '2015-06-08 00:00:00', NULL, NULL, NULL, '01020000206A080000020000004CFFFFFF315F24416AEFFF3F48795941126E0B0C445F24411234F10948795941');
INSERT INTO t_cheminement VALUES ('CM900180034602', NULL, 'ND000180031350', 'ND000180031094', 'CM100180031521', NULL, 'DSPE', 'A001', 'B001', 'C003', 'RUE DE LA LIBERTE', 'OR900000000005', 'OR900000000005', 'AVP', 'NC', NULL, NULL, NULL, 'RA', '0', 'TEL', NULL, NULL, NULL, NULL, NULL, NULL, NULL, NULL, NULL, false, NULL, 39.19, NULL, NULL, 'C', 25.00, 'ORTO', 'GPS GRAND PUBLIC', '2015-05-28 00:00:00', '2015-06-08 00:00:00', NULL, NULL, NULL, '01020000206A08000002000000126E0B0C445F24411234F1094879594143FFFFFF255F24416DEFFFFF3E795941');
INSERT INTO t_cheminement VALUES ('CM900180034603', NULL, 'ND000180031350', 'ND000180031284', 'CM100180031521', NULL, 'DSPE', 'A001', 'B001', 'C003', 'RUE DE LA LIBERTE', 'OR900000000005', 'OR900000000005', 'AVP', 'NC', NULL, NULL, NULL, 'RA', '0', 'TEL', NULL, NULL, NULL, NULL, NULL, NULL, NULL, NULL, NULL, false, NULL, 10.94, NULL, NULL, 'C', 25.00, 'ORTO', 'GPS GRAND PUBLIC', '2015-05-28 00:00:00', '2015-06-08 00:00:00', NULL, NULL, NULL, '01020000206A08000002000000126E0B0C445F24411234F1094879594149FFFFFF4F5F24416AEFFFBF45795941');
INSERT INTO t_cheminement VALUES ('CM900180034604', NULL, 'ND000180031350', 'ND000180031301', 'CM100180031521', NULL, 'DSPE', 'A001', 'B001', 'C003', 'RUE DE LA LIBERTE', 'OR900000000005', 'OR900000000005', 'AVP', 'NC', NULL, NULL, NULL, 'RA', '0', 'TEL', NULL, NULL, NULL, NULL, NULL, NULL, NULL, NULL, NULL, false, NULL, 3.75, NULL, NULL, 'C', 25.00, 'ORTO', 'GPS GRAND PUBLIC', '2015-05-28 00:00:00', '2015-06-08 00:00:00', NULL, NULL, NULL, '01020000206A080000020000004EFFFFFF3F5F24416DEFFF3F47795941126E0B0C445F24411234F10948795941');
INSERT INTO t_cheminement VALUES ('CM900180034605', NULL, 'ND000180031350', 'ND000180031413', 'CM100180031521', NULL, 'DSPE', 'A001', 'B001', 'C003', 'RUE DE LA LIBERTE', 'OR900000000005', 'OR900000000005', 'AVP', 'NC', NULL, NULL, NULL, 'RA', '0', 'TEL', NULL, NULL, NULL, NULL, NULL, NULL, NULL, NULL, NULL, false, NULL, 15.15, NULL, NULL, 'C', 25.00, 'ORTO', 'GPS GRAND PUBLIC', '2015-05-28 00:00:00', '2015-06-08 00:00:00', NULL, NULL, NULL, '01020000206A0800000200000048FFFFFF255F244170EFFF7F48795941126E0B0C445F24411234F10948795941');
INSERT INTO t_cheminement VALUES ('CM900180034606', NULL, 'ND000180031350', 'ND000180031414', 'CM100180031521', NULL, 'DSPE', 'A001', 'B001', 'C003', 'RUE DE LA LIBERTE', 'OR900000000005', 'OR900000000005', 'AVP', 'NC', NULL, NULL, NULL, 'RA', '0', 'TEL', NULL, NULL, NULL, NULL, NULL, NULL, NULL, NULL, NULL, false, NULL, 16.25, NULL, NULL, 'C', 25.00, 'ORTO', 'GPS GRAND PUBLIC', '2015-05-28 00:00:00', '2015-06-08 00:00:00', NULL, NULL, NULL, '01020000206A0800000200000042FFFFFF255F24416BEFFF7F46795941126E0B0C445F24411234F10948795941');
INSERT INTO t_cheminement VALUES ('CM900180034607', NULL, 'ND000180031350', 'ND000180031292', 'CM100180031521', NULL, 'DSPE', 'A001', 'B001', 'C003', 'RUE DE LA LIBERTE', 'OR900000000005', 'OR900000000005', 'AVP', 'NC', NULL, NULL, NULL, 'RA', '0', 'TEL', NULL, NULL, NULL, NULL, NULL, NULL, NULL, NULL, NULL, false, NULL, 35.42, NULL, NULL, 'C', 25.00, 'ORTO', 'GPS GRAND PUBLIC', '2015-05-28 00:00:00', '2015-06-08 00:00:00', NULL, NULL, NULL, '01020000206A08000002000000126E0B0C445F24411234F1094879594143FFFFFF3B5F24416DEFFF3F3F795941');
INSERT INTO t_cheminement VALUES ('CM200180032598', NULL, 'ND000180030065', NULL, 'CM000180032598', 'CM000180033134', 'DSPE', 'A001', 'B001', 'C002', 'RUE DE LA LIBERTE', 'OR900000000005', 'OR900000000005', 'AVP', 'NC', NULL, NULL, NULL, 'TD', '7', 'TEL', NULL, NULL, NULL, NULL, NULL, NULL, NULL, NULL, NULL, false, NULL, 6.75, NULL, NULL, 'C', 25.00, 'ORTO', 'GPS GRAND PUBLIC', '2015-06-01 00:00:00', '2015-06-08 00:00:00', NULL, NULL, NULL, '01020000206A0800000B00000061B1752E135F24411FED33124D795941C25861C3125F244112F46BEB4C79594115FB4B81125F244139633CC34C795941ACE9246D125F2441123D73A94C795941C85F5169125F2441F5CB519A4C7959414002AF79125F2441836E86734C79594126EC3ECF125F2441CDEBA53E4C7959414F53596B135F244123565A0C4C79594143197749145F2441242319DE4B795941EDF32663155F2441C2C739B54B7959412E443DB0165F2441F9C1EB924B795941');
INSERT INTO t_cheminement VALUES ('CM200180033134', NULL, 'ND000180030502', 'ND200180030502', 'CM000180033134', NULL, 'DSPE', 'A001', 'B001', 'C001', 'RUE DU 4 SEPTEMBRE', 'OR900000000005', 'OR900000000005', 'AVP', 'OK', NULL, NULL, NULL, 'TD', '7', 'TEL', NULL, NULL, NULL, 'MIC', 'TROT', 'BITUME', 'GRAVE - COUPE A', 0.60, 0.30, false, NULL, 5.22, NULL, 'Absent de données d''entrée : ajout pour racco à armoire', 'C', 25.00, 'ORTO', 'GPS GRAND PUBLIC', '2015-05-28 00:00:00', '2015-06-08 00:00:00', NULL, NULL, NULL, '01020000206A08000003000000D705507F165F2441700C8F9C4C7959410959263B185F2441C564569E4D7959415D7859501A5F244174EC10B54D795941');


--
-- TOC entry 4032 (class 0 OID 157471)
-- Dependencies: 253
-- Data for Name: t_cond_chem; Type: TABLE DATA; Schema: gracethd; Owner: -
--

INSERT INTO t_cond_chem VALUES ('CD001800326021', 'CM000180032602', '2015-05-26 00:00:00', NULL, NULL, NULL, NULL);
INSERT INTO t_cond_chem VALUES ('CD001800331341', 'CM000180033134', '2015-05-26 00:00:00', NULL, NULL, NULL, NULL);
INSERT INTO t_cond_chem VALUES ('CD001800331342', 'CM000180033134', '2015-05-26 00:00:00', NULL, NULL, NULL, NULL);
INSERT INTO t_cond_chem VALUES ('CD001800331343', 'CM000180033134', '2015-05-26 00:00:00', NULL, NULL, NULL, NULL);
INSERT INTO t_cond_chem VALUES ('CD001800331344', 'CM000180033134', '2015-05-26 00:00:00', NULL, NULL, NULL, NULL);
INSERT INTO t_cond_chem VALUES ('CD001800329561', 'CM000180032956', '2015-05-26 00:00:00', NULL, NULL, NULL, NULL);
INSERT INTO t_cond_chem VALUES ('CD201800331341', 'CM200180033134', '2015-05-28 00:00:00', NULL, NULL, NULL, NULL);
INSERT INTO t_cond_chem VALUES ('CD201800331342', 'CM200180033134', '2015-05-28 00:00:00', NULL, NULL, NULL, NULL);
INSERT INTO t_cond_chem VALUES ('CD201800331343', 'CM200180033134', '2015-05-28 00:00:00', NULL, NULL, NULL, NULL);
INSERT INTO t_cond_chem VALUES ('CD201800331344', 'CM200180033134', '2015-05-28 00:00:00', NULL, NULL, NULL, NULL);
INSERT INTO t_cond_chem VALUES ('CD001800325981', 'CM000180032598', '2015-05-28 00:00:00', NULL, NULL, NULL, NULL);
INSERT INTO t_cond_chem VALUES ('CD001800335691', 'CM000180033569', '2015-05-28 00:00:00', NULL, NULL, NULL, NULL);
INSERT INTO t_cond_chem VALUES ('CD001800335692', 'CM000180033569', '2015-05-28 00:00:00', NULL, NULL, NULL, NULL);
INSERT INTO t_cond_chem VALUES ('CD001800335693', 'CM000180033569', '2015-05-28 00:00:00', NULL, NULL, NULL, NULL);
INSERT INTO t_cond_chem VALUES ('CD001800335694', 'CM000180033569', '2015-05-28 00:00:00', NULL, NULL, NULL, NULL);
INSERT INTO t_cond_chem VALUES ('CD001800335695', 'CM000180033569', '2015-05-28 00:00:00', NULL, NULL, NULL, NULL);
INSERT INTO t_cond_chem VALUES ('CD001800335701', 'CM000180033570', '2015-05-28 00:00:00', NULL, NULL, NULL, NULL);
INSERT INTO t_cond_chem VALUES ('CD001800335702', 'CM000180033570', '2015-05-28 00:00:00', NULL, NULL, NULL, NULL);
INSERT INTO t_cond_chem VALUES ('CD001800335703', 'CM000180033570', '2015-05-28 00:00:00', NULL, NULL, NULL, NULL);
INSERT INTO t_cond_chem VALUES ('CD001800335704', 'CM000180033570', '2015-05-28 00:00:00', NULL, NULL, NULL, NULL);
INSERT INTO t_cond_chem VALUES ('CD001800335705', 'CM000180033570', '2015-05-28 00:00:00', NULL, NULL, NULL, NULL);
INSERT INTO t_cond_chem VALUES ('CD001800335706', 'CM000180033570', '2015-05-28 00:00:00', NULL, NULL, NULL, NULL);
INSERT INTO t_cond_chem VALUES ('CD001800335707', 'CM000180033570', '2015-05-28 00:00:00', NULL, NULL, NULL, NULL);
INSERT INTO t_cond_chem VALUES ('CD001800325981', 'CM200180032598', '2015-06-01 00:00:00', NULL, NULL, NULL, NULL);
INSERT INTO t_cond_chem VALUES ('CD001800325991', 'CM000180032599', '2015-06-01 00:00:00', NULL, NULL, NULL, NULL);
INSERT INTO t_cond_chem VALUES ('CD001800325991', 'CM200180032598', '2015-06-01 00:00:00', NULL, NULL, NULL, NULL);
INSERT INTO t_cond_chem VALUES ('CD001800329581', 'CM000180032958', '2015-06-02 00:00:00', NULL, NULL, NULL, NULL);


--
-- TOC entry 4031 (class 0 OID 157418)
-- Dependencies: 252
-- Data for Name: t_conduite; Type: TABLE DATA; Schema: gracethd; Owner: -
--

INSERT INTO t_conduite VALUES ('CD001800325981', NULL, 'CD001800325981', NULL, 'DSPE', 'A001', 'B001', 'C002', 'OR900000000000', 'OR900000000000', 'OR900000000002', 'LOC', 'AVP', 'NC', NULL, NULL, NULL, NULL, 'PEHD', 10, 18, 'Gris', NULL, 1, 20, NULL, '2015-05-28 00:00:00', '2015-06-04 00:00:00', NULL, NULL, NULL);
INSERT INTO t_conduite VALUES ('CD001800325991', NULL, 'CD001800325991', NULL, 'DSPE', 'A001', 'B001', 'C002', 'OR900000000000', 'OR900000000000', 'OR900000000002', 'LOC', 'AVP', 'NC', NULL, NULL, NULL, NULL, 'PVC', 42, 45, 'Gris', NULL, 1, 20, NULL, '2015-05-26 00:00:00', '2015-06-04 00:00:00', NULL, NULL, NULL);
INSERT INTO t_conduite VALUES ('CD001800326021', NULL, 'CD001800326021', NULL, 'DSPE', 'A001', 'B001', 'C002', 'OR900000000000', 'OR900000000000', 'OR900000000002', 'LOC', 'AVP', 'NC', NULL, NULL, NULL, NULL, 'PVC', 42, 45, 'Gris', NULL, 1, 20, NULL, '2015-05-26 00:00:00', '2015-06-04 00:00:00', NULL, NULL, NULL);
INSERT INTO t_conduite VALUES ('CD001800329561', NULL, 'CD001800329561', NULL, 'DSPE', 'A001', 'B001', 'C002', 'OR900000000000', 'OR900000000000', 'OR900000000002', 'LOC', 'AVP', 'NC', NULL, NULL, NULL, NULL, 'PVC', 42, 45, 'Gris', NULL, 1, 25, NULL, '2015-05-26 00:00:00', '2015-06-04 00:00:00', NULL, NULL, NULL);
INSERT INTO t_conduite VALUES ('CD001800329581', NULL, 'CD001800329581', NULL, 'DSPE', 'A001', 'B001', 'C004', 'OR900000000000', 'OR900000000000', 'OR900000000002', 'LOC', 'AVP', 'NC', NULL, NULL, NULL, NULL, 'PEHD', 10, 18, 'Gris', NULL, 1, 25, NULL, '2015-05-27 00:00:00', '2015-06-04 00:00:00', NULL, NULL, NULL);
INSERT INTO t_conduite VALUES ('CD001800331341', NULL, 'CD001800331341', NULL, 'DSPE', 'A001', 'B001', 'C001', 'OR900000000002', 'OR900000000002', 'OR900000000002', 'CST', 'AVP', 'OK', NULL, NULL, NULL, NULL, 'PEHD', 10, 18, 'Noir', NULL, 1, 25, NULL, '2015-05-26 00:00:00', '2015-06-04 00:00:00', NULL, NULL, NULL);
INSERT INTO t_conduite VALUES ('CD001800331342', NULL, 'CD001800331342', NULL, 'DSPE', 'A001', 'B001', 'C001', 'OR900000000002', 'OR900000000002', 'OR900000000002', 'CST', 'AVP', 'OK', NULL, NULL, NULL, NULL, 'PEHD', 10, 18, 'Noir', NULL, 1, 25, NULL, '2015-05-26 00:00:00', '2015-06-04 00:00:00', NULL, NULL, NULL);
INSERT INTO t_conduite VALUES ('CD001800331343', NULL, 'CD001800331343', NULL, 'DSPE', 'A001', 'B001', 'C001', 'OR900000000002', 'OR900000000002', 'OR900000000002', 'CST', 'AVP', 'OK', NULL, NULL, NULL, NULL, 'PEHD', 10, 18, 'Noir', NULL, 1, 25, NULL, '2015-05-26 00:00:00', '2015-06-04 00:00:00', NULL, NULL, NULL);
INSERT INTO t_conduite VALUES ('CD001800331344', NULL, 'CD001800331344', NULL, 'DSPE', 'A001', 'B001', 'C001', 'OR900000000002', 'OR900000000002', 'OR900000000002', 'CST', 'AVP', 'OK', NULL, NULL, NULL, NULL, 'PEHD', 10, 18, 'Noir', NULL, 3, 100, NULL, '2015-05-26 00:00:00', '2015-06-04 00:00:00', NULL, NULL, NULL);
INSERT INTO t_conduite VALUES ('CD001800335691', NULL, 'CD001800335691', NULL, 'DSPE', 'A001', 'B001', 'C001', 'OR900000000002', 'OR900000000002', 'OR900000000002', 'CST', 'AVP', 'OK', NULL, NULL, NULL, NULL, 'PEHD', 10, 18, 'Noir', NULL, 1, 25, NULL, '2015-05-28 00:00:00', '2015-06-04 00:00:00', NULL, NULL, NULL);
INSERT INTO t_conduite VALUES ('CD001800335692', NULL, 'CD001800335692', NULL, 'DSPE', 'A001', 'B001', 'C001', 'OR900000000002', 'OR900000000002', 'OR900000000002', 'CST', 'AVP', 'OK', NULL, NULL, NULL, NULL, 'PEHD', 10, 18, 'Noir', NULL, 1, 25, NULL, '2015-05-28 00:00:00', '2015-06-04 00:00:00', NULL, NULL, NULL);
INSERT INTO t_conduite VALUES ('CD001800335693', NULL, 'CD001800335693', NULL, 'DSPE', 'A001', 'B001', 'C001', 'OR900000000002', 'OR900000000002', 'OR900000000002', 'CST', 'AVP', 'OK', NULL, NULL, NULL, NULL, 'PEHD', 10, 18, 'Noir', NULL, 1, 25, NULL, '2015-05-28 00:00:00', '2015-06-04 00:00:00', NULL, NULL, NULL);
INSERT INTO t_conduite VALUES ('CD001800335694', NULL, 'CD001800335694', NULL, 'DSPE', 'A001', 'B001', 'C001', 'OR900000000002', 'OR900000000002', 'OR900000000002', 'CST', 'AVP', 'OK', NULL, NULL, NULL, NULL, 'PEHD', 10, 18, 'Noir', NULL, 1, 25, NULL, '2015-05-28 00:00:00', '2015-06-04 00:00:00', NULL, NULL, NULL);
INSERT INTO t_conduite VALUES ('CD001800335695', NULL, 'CD001800335695', NULL, 'DSPE', 'A001', 'B001', 'C001', 'OR900000000002', 'OR900000000002', 'OR900000000002', 'CST', 'AVP', 'OK', NULL, NULL, NULL, NULL, 'PEHD', 10, 18, 'Noir', NULL, 1, 25, NULL, '2015-05-28 00:00:00', '2015-06-04 00:00:00', NULL, NULL, NULL);
INSERT INTO t_conduite VALUES ('CD001800335701', NULL, 'CD001800335701', NULL, 'DSPE', 'A001', 'B001', 'C001', 'OR900000000002', 'OR900000000002', 'OR900000000002', 'CST', 'AVP', 'OK', NULL, NULL, NULL, NULL, 'PEHD', 10, 18, 'Noir', NULL, 1, 25, NULL, '2015-05-28 00:00:00', '2015-06-04 00:00:00', NULL, NULL, NULL);
INSERT INTO t_conduite VALUES ('CD001800335702', NULL, 'CD001800335702', NULL, 'DSPE', 'A001', 'B001', 'C001', 'OR900000000002', 'OR900000000002', 'OR900000000002', 'CST', 'AVP', 'OK', NULL, NULL, NULL, NULL, 'PEHD', 10, 18, 'Noir', NULL, 1, 25, NULL, '2015-05-28 00:00:00', '2015-06-04 00:00:00', NULL, NULL, NULL);
INSERT INTO t_conduite VALUES ('CD001800335703', NULL, 'CD001800335703', NULL, 'DSPE', 'A001', 'B001', 'C001', 'OR900000000002', 'OR900000000002', 'OR900000000002', 'CST', 'AVP', 'OK', NULL, NULL, NULL, NULL, 'PEHD', 10, 18, 'Noir', NULL, 1, 25, NULL, '2015-05-28 00:00:00', '2015-06-04 00:00:00', NULL, NULL, NULL);
INSERT INTO t_conduite VALUES ('CD001800335704', NULL, 'CD001800335704', NULL, 'DSPE', 'A001', 'B001', 'C001', 'OR900000000002', 'OR900000000002', 'OR900000000002', 'CST', 'AVP', 'OK', NULL, NULL, NULL, NULL, 'PEHD', 10, 18, 'Noir', NULL, 1, 25, NULL, '2015-05-28 00:00:00', '2015-06-04 00:00:00', NULL, NULL, NULL);
INSERT INTO t_conduite VALUES ('CD001800335705', NULL, 'CD001800335705', NULL, 'DSPE', 'A001', 'B001', 'C001', 'OR900000000002', 'OR900000000002', 'OR900000000002', 'CST', 'AVP', 'OK', NULL, NULL, NULL, NULL, 'PEHD', 10, 18, 'Noir', NULL, 1, 25, NULL, '2015-05-28 00:00:00', '2015-06-04 00:00:00', NULL, NULL, NULL);
INSERT INTO t_conduite VALUES ('CD001800335706', NULL, 'CD001800335706', NULL, 'DSPE', 'A001', 'B001', 'C001', 'OR900000000002', 'OR900000000002', 'OR900000000002', 'CST', 'AVP', 'OK', NULL, NULL, NULL, NULL, 'PEHD', 10, 18, 'Noir', NULL, 1, 25, NULL, '2015-05-28 00:00:00', '2015-06-04 00:00:00', NULL, NULL, NULL);
INSERT INTO t_conduite VALUES ('CD001800335707', NULL, 'CD001800335707', NULL, 'DSPE', 'A001', 'B001', 'C001', 'OR900000000002', 'OR900000000002', 'OR900000000002', 'CST', 'AVP', 'OK', NULL, NULL, NULL, NULL, 'PEHD', 10, 18, 'Noir', NULL, 1, 25, NULL, '2015-05-28 00:00:00', '2015-06-04 00:00:00', NULL, NULL, NULL);
INSERT INTO t_conduite VALUES ('CD201800331341', NULL, 'CD201800331341', NULL, 'DSPE', 'A001', 'B001', 'C001', 'OR900000000002', 'OR900000000002', 'OR900000000002', 'CST', 'AVP', 'OK', NULL, NULL, NULL, NULL, 'PEHD', 10, 18, 'Noir', NULL, 1, 25, NULL, '2015-05-28 00:00:00', '2015-06-04 00:00:00', NULL, NULL, NULL);
INSERT INTO t_conduite VALUES ('CD201800331342', NULL, 'CD201800331342', NULL, 'DSPE', 'A001', 'B001', 'C001', 'OR900000000002', 'OR900000000002', 'OR900000000002', 'CST', 'AVP', 'OK', NULL, NULL, NULL, NULL, 'PEHD', 10, 18, 'Noir', NULL, 1, 25, NULL, '2015-05-28 00:00:00', '2015-06-04 00:00:00', NULL, NULL, NULL);
INSERT INTO t_conduite VALUES ('CD201800331343', NULL, 'CD201800331343', NULL, 'DSPE', 'A001', 'B001', 'C001', 'OR900000000002', 'OR900000000002', 'OR900000000002', 'CST', 'AVP', 'OK', NULL, NULL, NULL, NULL, 'PEHD', 10, 18, 'Noir', NULL, 1, 25, NULL, '2015-05-28 00:00:00', '2015-06-04 00:00:00', NULL, NULL, NULL);
INSERT INTO t_conduite VALUES ('CD201800331344', NULL, 'CD201800331344', NULL, 'DSPE', 'A001', 'B001', 'C001', 'OR900000000002', 'OR900000000002', 'OR900000000002', 'CST', 'AVP', 'OK', NULL, NULL, NULL, NULL, 'PEHD', 10, 18, 'Noir', NULL, 1, 25, NULL, '2015-05-28 00:00:00', '2015-06-04 00:00:00', NULL, NULL, NULL);


--
-- TOC entry 4043 (class 0 OID 157820)
-- Dependencies: 264
-- Data for Name: t_docobj; Type: TABLE DATA; Schema: gracethd; Owner: -
--

INSERT INTO t_docobj VALUES (1, 'DO000000000001', 'CM', 'CM000180033570', '2015-06-07 00:00:00', NULL, NULL, NULL, NULL);
INSERT INTO t_docobj VALUES (2, 'DO000000000003', 'CM', 'CM000180033569', '2015-06-07 00:00:00', NULL, NULL, NULL, NULL);
INSERT INTO t_docobj VALUES (3, 'DO000000000002', 'CM', 'CM000180033134', '2015-06-07 00:00:00', NULL, NULL, NULL, NULL);
INSERT INTO t_docobj VALUES (4, 'DO000000000002', 'CM', 'CM200180033134', '2015-06-07 00:00:00', NULL, NULL, NULL, NULL);
INSERT INTO t_docobj VALUES (5, 'DO000000000010', 'PT', 'PT000180030064', '2015-06-07 00:00:00', NULL, NULL, NULL, NULL);
INSERT INTO t_docobj VALUES (6, 'DO000000000011', 'PT', 'PT000180030065', '2015-06-07 00:00:00', NULL, NULL, NULL, NULL);
INSERT INTO t_docobj VALUES (7, 'DO000000000012', 'PT', 'PT000180030072', '2015-06-07 00:00:00', NULL, NULL, NULL, NULL);
INSERT INTO t_docobj VALUES (8, 'DO000000000013', 'PT', 'PT000180030091', '2015-06-07 00:00:00', NULL, NULL, NULL, NULL);
INSERT INTO t_docobj VALUES (9, 'DO000000000014', 'PT', 'PT000180031350', '2015-06-07 00:00:00', NULL, NULL, NULL, NULL);
INSERT INTO t_docobj VALUES (10, 'DO000000000022', 'OR', 'OR900000000000', '2015-06-07 00:00:00', NULL, NULL, NULL, NULL);
INSERT INTO t_docobj VALUES (11, 'DO000000000023', 'OR', 'OR900000000003', '2015-06-07 00:00:00', NULL, NULL, NULL, NULL);
INSERT INTO t_docobj VALUES (13, 'DO000000000028', 'ND', 'ND00018003001', '2015-06-07 00:00:00', '2015-06-08 00:00:00', NULL, NULL, NULL);
INSERT INTO t_docobj VALUES (14, 'DO000000000029', 'ND', 'ND000180031330', '2015-06-07 00:00:00', '2015-06-08 00:00:00', NULL, NULL, NULL);
INSERT INTO t_docobj VALUES (15, 'DO000000000030', 'ND', 'ND200180030502', '2015-06-07 00:00:00', '2015-06-08 00:00:00', NULL, NULL, NULL);
INSERT INTO t_docobj VALUES (16, 'DO000000000031', 'ND', 'ND200180030502', '2015-06-07 00:00:00', '2015-06-08 00:00:00', NULL, NULL, NULL);
INSERT INTO t_docobj VALUES (17, 'DO000000000032', 'BP', 'ND000180030675', '2015-06-07 00:00:00', NULL, NULL, NULL, NULL);
INSERT INTO t_docobj VALUES (18, 'DO000000000033', 'BP', 'ND000180030091', '2015-06-07 00:00:00', NULL, NULL, NULL, NULL);
INSERT INTO t_docobj VALUES (19, 'DO000000000034', 'BA', 'BA000180030508', '2015-06-07 00:00:00', NULL, NULL, NULL, NULL);
INSERT INTO t_docobj VALUES (20, 'DO000000000036', 'ND', 'ND000180031330', '2015-06-07 00:00:00', NULL, NULL, NULL, NULL);
INSERT INTO t_docobj VALUES (21, 'DO000000000007', 'ZN', 'ZN000180030001', '2015-06-08 00:00:00', NULL, NULL, NULL, NULL);
INSERT INTO t_docobj VALUES (22, 'DO000000000009', 'ZS', 'ZS000000000007', '2015-06-08 00:00:00', NULL, NULL, NULL, NULL);
INSERT INTO t_docobj VALUES (23, 'DO000000000019', 'ZD', 'ZD000180030001', '2015-06-08 00:00:00', NULL, NULL, NULL, NULL);
INSERT INTO t_docobj VALUES (24, 'DO000000000035', 'RF', 'RF000000000001', '2015-06-08 00:00:00', NULL, NULL, NULL, NULL);
INSERT INTO t_docobj VALUES (25, 'DO000000000037', 'RT', 'RT000000000006', '2015-06-08 00:00:00', NULL, NULL, NULL, NULL);
INSERT INTO t_docobj VALUES (26, 'DO000000000015', 'ND', 'ND000180030502', '2015-06-08 00:00:00', NULL, NULL, NULL, NULL);
INSERT INTO t_docobj VALUES (27, 'DO000000000015', 'ND', 'ND000180030503', '2015-06-08 00:00:00', NULL, NULL, NULL, NULL);
INSERT INTO t_docobj VALUES (28, 'DO000000000015', 'CM', 'CM000180033134', '2015-06-08 00:00:00', NULL, NULL, NULL, NULL);
INSERT INTO t_docobj VALUES (29, 'DO000000000015', 'CM', 'CM000180033569', '2015-06-08 00:00:00', NULL, NULL, NULL, NULL);
INSERT INTO t_docobj VALUES (30, 'DO000000000015', 'CM', 'CM000180033570', '2015-06-08 00:00:00', NULL, NULL, NULL, NULL);
INSERT INTO t_docobj VALUES (31, 'DO000000000015', 'CM', 'CM200180033134', '2015-06-08 00:00:00', NULL, NULL, NULL, NULL);
INSERT INTO t_docobj VALUES (32, 'DO000000000016', 'ND', 'ND000180030064', '2015-06-08 00:00:00', NULL, NULL, NULL, NULL);
INSERT INTO t_docobj VALUES (33, 'DO000000000016', 'ND', 'ND000180030065', '2015-06-08 00:00:00', NULL, NULL, NULL, NULL);
INSERT INTO t_docobj VALUES (34, 'DO000000000016', 'ND', 'ND000180030072', '2015-06-08 00:00:00', NULL, NULL, NULL, NULL);
INSERT INTO t_docobj VALUES (35, 'DO000000000016', 'ND', 'ND000180030091', '2015-06-08 00:00:00', NULL, NULL, NULL, NULL);
INSERT INTO t_docobj VALUES (36, 'DO000000000016', 'ND', 'ND000180031091', '2015-06-08 00:00:00', NULL, NULL, NULL, NULL);
INSERT INTO t_docobj VALUES (37, 'DO000000000016', 'ND', 'ND000180031092', '2015-06-08 00:00:00', NULL, NULL, NULL, NULL);
INSERT INTO t_docobj VALUES (38, 'DO000000000016', 'ND', 'ND000180031093', '2015-06-08 00:00:00', NULL, NULL, NULL, NULL);
INSERT INTO t_docobj VALUES (39, 'DO000000000016', 'ND', 'ND000180031100', '2015-06-08 00:00:00', NULL, NULL, NULL, NULL);
INSERT INTO t_docobj VALUES (40, 'DO000000000016', 'ND', 'ND000180031101', '2015-06-08 00:00:00', NULL, NULL, NULL, NULL);
INSERT INTO t_docobj VALUES (41, 'DO000000000016', 'CM', 'CM000180032598', '2015-06-08 00:00:00', NULL, NULL, NULL, NULL);
INSERT INTO t_docobj VALUES (42, 'DO000000000016', 'CM', 'CM000180032599', '2015-06-08 00:00:00', NULL, NULL, NULL, NULL);
INSERT INTO t_docobj VALUES (43, 'DO000000000016', 'CM', 'CM000180032602', '2015-06-08 00:00:00', NULL, NULL, NULL, NULL);
INSERT INTO t_docobj VALUES (44, 'DO000000000016', 'CM', 'CM000180032956', '2015-06-08 00:00:00', NULL, NULL, NULL, NULL);
INSERT INTO t_docobj VALUES (45, 'DO000000000016', 'CM', 'CM900180034418', '2015-06-08 00:00:00', NULL, NULL, NULL, NULL);
INSERT INTO t_docobj VALUES (46, 'DO000000000016', 'CM', 'CM900180034419', '2015-06-08 00:00:00', NULL, NULL, NULL, NULL);
INSERT INTO t_docobj VALUES (47, 'DO000000000016', 'CM', 'CM900180034420', '2015-06-08 00:00:00', NULL, NULL, NULL, NULL);
INSERT INTO t_docobj VALUES (48, 'DO000000000016', 'CM', 'CM900180034421', '2015-06-08 00:00:00', NULL, NULL, NULL, NULL);
INSERT INTO t_docobj VALUES (49, 'DO000000000016', 'CM', 'CM900180034422', '2015-06-08 00:00:00', NULL, NULL, NULL, NULL);
INSERT INTO t_docobj VALUES (50, 'DO000000000016', 'CM', 'CM200180032598', '2015-06-08 00:00:00', NULL, NULL, NULL, NULL);
INSERT INTO t_docobj VALUES (51, 'DO000000000017', 'ND', 'ND000180031094', '2015-06-08 00:00:00', NULL, NULL, NULL, NULL);
INSERT INTO t_docobj VALUES (52, 'DO000000000017', 'ND', 'ND000180031094', '2015-06-08 00:00:00', NULL, NULL, NULL, NULL);
INSERT INTO t_docobj VALUES (53, 'DO000000000017', 'ND', 'ND000180031094', '2015-06-08 00:00:00', NULL, NULL, NULL, NULL);
INSERT INTO t_docobj VALUES (54, 'DO000000000017', 'ND', 'ND000180031094', '2015-06-08 00:00:00', NULL, NULL, NULL, NULL);
INSERT INTO t_docobj VALUES (55, 'DO000000000017', 'ND', 'ND000180031094', '2015-06-08 00:00:00', NULL, NULL, NULL, NULL);
INSERT INTO t_docobj VALUES (56, 'DO000000000017', 'ND', 'ND000180031094', '2015-06-08 00:00:00', NULL, NULL, NULL, NULL);
INSERT INTO t_docobj VALUES (57, 'DO000000000017', 'ND', 'ND000180031094', '2015-06-08 00:00:00', NULL, NULL, NULL, NULL);
INSERT INTO t_docobj VALUES (58, 'DO000000000017', 'ND', 'ND000180031094', '2015-06-08 00:00:00', NULL, NULL, NULL, NULL);
INSERT INTO t_docobj VALUES (59, 'DO000000000017', 'CM', 'CM900180034601', '2015-06-08 00:00:00', NULL, NULL, NULL, NULL);
INSERT INTO t_docobj VALUES (60, 'DO000000000017', 'CM', 'CM900180034602', '2015-06-08 00:00:00', NULL, NULL, NULL, NULL);
INSERT INTO t_docobj VALUES (61, 'DO000000000017', 'CM', 'CM900180034603', '2015-06-08 00:00:00', NULL, NULL, NULL, NULL);
INSERT INTO t_docobj VALUES (62, 'DO000000000017', 'CM', 'CM900180034604', '2015-06-08 00:00:00', NULL, NULL, NULL, NULL);
INSERT INTO t_docobj VALUES (63, 'DO000000000017', 'CM', 'CM900180034605', '2015-06-08 00:00:00', NULL, NULL, NULL, NULL);
INSERT INTO t_docobj VALUES (64, 'DO000000000017', 'CM', 'CM900180034606', '2015-06-08 00:00:00', NULL, NULL, NULL, NULL);
INSERT INTO t_docobj VALUES (65, 'DO000000000017', 'CM', 'CM900180034607', '2015-06-08 00:00:00', NULL, NULL, NULL, NULL);
INSERT INTO t_docobj VALUES (66, 'DO000000000018', 'ND', 'ND000180031227', '2015-06-08 00:00:00', NULL, NULL, NULL, NULL);
INSERT INTO t_docobj VALUES (67, 'DO000000000018', 'ND', 'ND000180031330', '2015-06-08 00:00:00', NULL, NULL, NULL, NULL);
INSERT INTO t_docobj VALUES (68, 'DO000000000018', 'ND', 'ND000180032722', '2015-06-08 00:00:00', NULL, NULL, NULL, NULL);
INSERT INTO t_docobj VALUES (69, 'DO000000000018', 'CM', 'CM000180032958', '2015-06-08 00:00:00', NULL, NULL, NULL, NULL);
INSERT INTO t_docobj VALUES (70, 'DO000000000018', 'CM', 'CM900180034416', '2015-06-08 00:00:00', NULL, NULL, NULL, NULL);
INSERT INTO t_docobj VALUES (71, 'DO000000000018', 'CM', 'CM900180034417', '2015-06-08 00:00:00', NULL, NULL, NULL, NULL);
INSERT INTO t_docobj VALUES (72, 'DO000000000020', 'ND', 'ND000180030502', '2015-06-08 00:00:00', NULL, NULL, NULL, NULL);
INSERT INTO t_docobj VALUES (73, 'DO000000000020', 'ND', 'ND000180030503', '2015-06-08 00:00:00', NULL, NULL, NULL, NULL);
INSERT INTO t_docobj VALUES (74, 'DO000000000020', 'CM', 'CM000180033134', '2015-06-08 00:00:00', NULL, NULL, NULL, NULL);
INSERT INTO t_docobj VALUES (75, 'DO000000000020', 'CM', 'CM000180033569', '2015-06-08 00:00:00', NULL, NULL, NULL, NULL);
INSERT INTO t_docobj VALUES (76, 'DO000000000020', 'CM', 'CM000180033570', '2015-06-08 00:00:00', NULL, NULL, NULL, NULL);
INSERT INTO t_docobj VALUES (77, 'DO000000000020', 'CM', 'CM200180033134', '2015-06-08 00:00:00', NULL, NULL, NULL, NULL);
INSERT INTO t_docobj VALUES (78, 'DO000000000021', 'ND', 'ND000180030502', '2015-06-08 00:00:00', NULL, NULL, NULL, NULL);
INSERT INTO t_docobj VALUES (79, 'DO000000000021', 'ND', 'ND000180030503', '2015-06-08 00:00:00', NULL, NULL, NULL, NULL);
INSERT INTO t_docobj VALUES (80, 'DO000000000021', 'CM', 'CM000180033134', '2015-06-08 00:00:00', NULL, NULL, NULL, NULL);
INSERT INTO t_docobj VALUES (81, 'DO000000000021', 'CM', 'CM000180033569', '2015-06-08 00:00:00', NULL, NULL, NULL, NULL);
INSERT INTO t_docobj VALUES (82, 'DO000000000021', 'CM', 'CM000180033570', '2015-06-08 00:00:00', NULL, NULL, NULL, NULL);
INSERT INTO t_docobj VALUES (83, 'DO000000000021', 'CM', 'CM200180033134', '2015-06-08 00:00:00', NULL, NULL, NULL, NULL);
INSERT INTO t_docobj VALUES (84, 'DO000000000024', 'ND', 'ND000180030064', '2015-06-08 00:00:00', NULL, NULL, NULL, NULL);
INSERT INTO t_docobj VALUES (85, 'DO000000000024', 'ND', 'ND000180030065', '2015-06-08 00:00:00', NULL, NULL, NULL, NULL);
INSERT INTO t_docobj VALUES (86, 'DO000000000024', 'ND', 'ND000180030072', '2015-06-08 00:00:00', NULL, NULL, NULL, NULL);
INSERT INTO t_docobj VALUES (87, 'DO000000000024', 'ND', 'ND000180030091', '2015-06-08 00:00:00', NULL, NULL, NULL, NULL);
INSERT INTO t_docobj VALUES (88, 'DO000000000024', 'ND', 'ND000180031091', '2015-06-08 00:00:00', NULL, NULL, NULL, NULL);
INSERT INTO t_docobj VALUES (89, 'DO000000000024', 'ND', 'ND000180031092', '2015-06-08 00:00:00', NULL, NULL, NULL, NULL);
INSERT INTO t_docobj VALUES (90, 'DO000000000024', 'ND', 'ND000180031093', '2015-06-08 00:00:00', NULL, NULL, NULL, NULL);
INSERT INTO t_docobj VALUES (91, 'DO000000000024', 'ND', 'ND000180031100', '2015-06-08 00:00:00', NULL, NULL, NULL, NULL);
INSERT INTO t_docobj VALUES (92, 'DO000000000024', 'ND', 'ND000180031101', '2015-06-08 00:00:00', NULL, NULL, NULL, NULL);
INSERT INTO t_docobj VALUES (93, 'DO000000000024', 'CM', 'CM000180032598', '2015-06-08 00:00:00', NULL, NULL, NULL, NULL);
INSERT INTO t_docobj VALUES (94, 'DO000000000024', 'CM', 'CM000180032599', '2015-06-08 00:00:00', NULL, NULL, NULL, NULL);
INSERT INTO t_docobj VALUES (95, 'DO000000000024', 'CM', 'CM000180032602', '2015-06-08 00:00:00', NULL, NULL, NULL, NULL);
INSERT INTO t_docobj VALUES (96, 'DO000000000024', 'CM', 'CM000180032956', '2015-06-08 00:00:00', NULL, NULL, NULL, NULL);
INSERT INTO t_docobj VALUES (97, 'DO000000000024', 'CM', 'CM900180034418', '2015-06-08 00:00:00', NULL, NULL, NULL, NULL);
INSERT INTO t_docobj VALUES (98, 'DO000000000024', 'CM', 'CM900180034419', '2015-06-08 00:00:00', NULL, NULL, NULL, NULL);
INSERT INTO t_docobj VALUES (99, 'DO000000000024', 'CM', 'CM900180034420', '2015-06-08 00:00:00', NULL, NULL, NULL, NULL);
INSERT INTO t_docobj VALUES (100, 'DO000000000024', 'CM', 'CM900180034421', '2015-06-08 00:00:00', NULL, NULL, NULL, NULL);
INSERT INTO t_docobj VALUES (101, 'DO000000000024', 'CM', 'CM900180034422', '2015-06-08 00:00:00', NULL, NULL, NULL, NULL);
INSERT INTO t_docobj VALUES (102, 'DO000000000024', 'CM', 'CM200180032598', '2015-06-08 00:00:00', NULL, NULL, NULL, NULL);
INSERT INTO t_docobj VALUES (103, 'DO000000000025', 'ND', 'ND000180031094', '2015-06-08 00:00:00', NULL, NULL, NULL, NULL);
INSERT INTO t_docobj VALUES (104, 'DO000000000025', 'ND', 'ND000180031284', '2015-06-08 00:00:00', NULL, NULL, NULL, NULL);
INSERT INTO t_docobj VALUES (105, 'DO000000000025', 'ND', 'ND000180031287', '2015-06-08 00:00:00', NULL, NULL, NULL, NULL);
INSERT INTO t_docobj VALUES (106, 'DO000000000025', 'ND', 'ND000180031292', '2015-06-08 00:00:00', NULL, NULL, NULL, NULL);
INSERT INTO t_docobj VALUES (107, 'DO000000000025', 'ND', 'ND000180031301', '2015-06-08 00:00:00', NULL, NULL, NULL, NULL);
INSERT INTO t_docobj VALUES (108, 'DO000000000025', 'ND', 'ND000180031350', '2015-06-08 00:00:00', NULL, NULL, NULL, NULL);
INSERT INTO t_docobj VALUES (109, 'DO000000000025', 'ND', 'ND000180031413', '2015-06-08 00:00:00', NULL, NULL, NULL, NULL);
INSERT INTO t_docobj VALUES (110, 'DO000000000025', 'ND', 'ND000180031414', '2015-06-08 00:00:00', NULL, NULL, NULL, NULL);
INSERT INTO t_docobj VALUES (111, 'DO000000000025', 'CM', 'CM900180034601', '2015-06-08 00:00:00', NULL, NULL, NULL, NULL);
INSERT INTO t_docobj VALUES (112, 'DO000000000025', 'CM', 'CM900180034602', '2015-06-08 00:00:00', NULL, NULL, NULL, NULL);
INSERT INTO t_docobj VALUES (113, 'DO000000000025', 'CM', 'CM900180034603', '2015-06-08 00:00:00', NULL, NULL, NULL, NULL);
INSERT INTO t_docobj VALUES (114, 'DO000000000025', 'CM', 'CM900180034604', '2015-06-08 00:00:00', NULL, NULL, NULL, NULL);
INSERT INTO t_docobj VALUES (115, 'DO000000000025', 'CM', 'CM900180034605', '2015-06-08 00:00:00', NULL, NULL, NULL, NULL);
INSERT INTO t_docobj VALUES (116, 'DO000000000025', 'CM', 'CM900180034606', '2015-06-08 00:00:00', NULL, NULL, NULL, NULL);
INSERT INTO t_docobj VALUES (117, 'DO000000000025', 'CM', 'CM900180034607', '2015-06-08 00:00:00', NULL, NULL, NULL, NULL);
INSERT INTO t_docobj VALUES (118, 'DO000000000026', 'ND', 'ND000180031227', '2015-06-08 00:00:00', NULL, NULL, NULL, NULL);
INSERT INTO t_docobj VALUES (119, 'DO000000000026', 'ND', 'ND000180031330', '2015-06-08 00:00:00', NULL, NULL, NULL, NULL);
INSERT INTO t_docobj VALUES (120, 'DO000000000026', 'ND', 'ND000180032722', '2015-06-08 00:00:00', NULL, NULL, NULL, NULL);
INSERT INTO t_docobj VALUES (121, 'DO000000000026', 'CM', 'CM000180032958', '2015-06-08 00:00:00', NULL, NULL, NULL, NULL);
INSERT INTO t_docobj VALUES (122, 'DO000000000026', 'CM', 'CM900180034416', '2015-06-08 00:00:00', NULL, NULL, NULL, NULL);
INSERT INTO t_docobj VALUES (123, 'DO000000000026', 'CM', 'CM900180034417', '2015-06-08 00:00:00', NULL, NULL, NULL, NULL);
INSERT INTO t_docobj VALUES (124, 'DO000000000027', 'ND', 'ND000180030502', '2015-06-08 00:00:00', NULL, NULL, NULL, NULL);
INSERT INTO t_docobj VALUES (125, 'DO000000000027', 'ND', 'ND000180030503', '2015-06-08 00:00:00', NULL, NULL, NULL, NULL);
INSERT INTO t_docobj VALUES (126, 'DO000000000027', 'CM', 'CM000180033134', '2015-06-08 00:00:00', NULL, NULL, NULL, NULL);
INSERT INTO t_docobj VALUES (127, 'DO000000000027', 'CM', 'CM000180033569', '2015-06-08 00:00:00', NULL, NULL, NULL, NULL);
INSERT INTO t_docobj VALUES (128, 'DO000000000027', 'CM', 'CM000180033570', '2015-06-08 00:00:00', NULL, NULL, NULL, NULL);
INSERT INTO t_docobj VALUES (129, 'DO000000000027', 'CM', 'CM200180033134', '2015-06-08 00:00:00', NULL, NULL, NULL, NULL);
INSERT INTO t_docobj VALUES (130, 'DO000000000038', 'ND', 'ND000180030502', '2015-06-08 00:00:00', NULL, NULL, NULL, NULL);
INSERT INTO t_docobj VALUES (131, 'DO000000000038', 'ND', 'ND000180030502', '2015-06-08 00:00:00', NULL, NULL, NULL, NULL);
INSERT INTO t_docobj VALUES (132, 'DO000000000038', 'CM', 'CM000180033134', '2015-06-08 00:00:00', NULL, NULL, NULL, NULL);
INSERT INTO t_docobj VALUES (133, 'DO000000000038', 'CM', 'CM000180033569', '2015-06-08 00:00:00', NULL, NULL, NULL, NULL);
INSERT INTO t_docobj VALUES (134, 'DO000000000038', 'CM', 'CM000180033570', '2015-06-08 00:00:00', NULL, NULL, NULL, NULL);
INSERT INTO t_docobj VALUES (135, 'DO000000000038', 'CM', 'CM200180033134', '2015-06-08 00:00:00', NULL, NULL, NULL, NULL);
INSERT INTO t_docobj VALUES (136, 'DO000000000039', 'ND', 'ND000180030064', '2015-06-08 00:00:00', NULL, NULL, NULL, NULL);
INSERT INTO t_docobj VALUES (137, 'DO000000000039', 'ND', 'ND000180030065', '2015-06-08 00:00:00', NULL, NULL, NULL, NULL);
INSERT INTO t_docobj VALUES (138, 'DO000000000039', 'ND', 'ND000180030072', '2015-06-08 00:00:00', NULL, NULL, NULL, NULL);
INSERT INTO t_docobj VALUES (139, 'DO000000000039', 'ND', 'ND000180030091', '2015-06-08 00:00:00', NULL, NULL, NULL, NULL);
INSERT INTO t_docobj VALUES (140, 'DO000000000039', 'ND', 'ND000180031091', '2015-06-08 00:00:00', NULL, NULL, NULL, NULL);
INSERT INTO t_docobj VALUES (141, 'DO000000000039', 'ND', 'ND000180031092', '2015-06-08 00:00:00', NULL, NULL, NULL, NULL);
INSERT INTO t_docobj VALUES (142, 'DO000000000039', 'ND', 'ND000180031093', '2015-06-08 00:00:00', NULL, NULL, NULL, NULL);
INSERT INTO t_docobj VALUES (143, 'DO000000000039', 'ND', 'ND000180031100', '2015-06-08 00:00:00', NULL, NULL, NULL, NULL);
INSERT INTO t_docobj VALUES (144, 'DO000000000039', 'ND', 'ND000180031101', '2015-06-08 00:00:00', NULL, NULL, NULL, NULL);
INSERT INTO t_docobj VALUES (145, 'DO000000000039', 'CM', 'CM000180032598', '2015-06-08 00:00:00', NULL, NULL, NULL, NULL);
INSERT INTO t_docobj VALUES (146, 'DO000000000039', 'CM', 'CM000180032599', '2015-06-08 00:00:00', NULL, NULL, NULL, NULL);
INSERT INTO t_docobj VALUES (147, 'DO000000000039', 'CM', 'CM000180032602', '2015-06-08 00:00:00', NULL, NULL, NULL, NULL);
INSERT INTO t_docobj VALUES (148, 'DO000000000039', 'CM', 'CM000180032956', '2015-06-08 00:00:00', NULL, NULL, NULL, NULL);
INSERT INTO t_docobj VALUES (149, 'DO000000000039', 'CM', 'CM900180034418', '2015-06-08 00:00:00', NULL, NULL, NULL, NULL);
INSERT INTO t_docobj VALUES (150, 'DO000000000039', 'CM', 'CM900180034419', '2015-06-08 00:00:00', NULL, NULL, NULL, NULL);
INSERT INTO t_docobj VALUES (151, 'DO000000000039', 'CM', 'CM900180034420', '2015-06-08 00:00:00', NULL, NULL, NULL, NULL);
INSERT INTO t_docobj VALUES (152, 'DO000000000039', 'CM', 'CM900180034421', '2015-06-08 00:00:00', NULL, NULL, NULL, NULL);
INSERT INTO t_docobj VALUES (153, 'DO000000000039', 'CM', 'CM900180034422', '2015-06-08 00:00:00', NULL, NULL, NULL, NULL);
INSERT INTO t_docobj VALUES (154, 'DO000000000039', 'CM', 'CM200180032598', '2015-06-08 00:00:00', NULL, NULL, NULL, NULL);
INSERT INTO t_docobj VALUES (155, 'DO000000000040', 'ND', 'ND000180030502', '2015-06-08 00:00:00', NULL, NULL, NULL, NULL);
INSERT INTO t_docobj VALUES (156, 'DO000000000040', 'ND', 'ND000180030503', '2015-06-08 00:00:00', NULL, NULL, NULL, NULL);
INSERT INTO t_docobj VALUES (157, 'DO000000000040', 'CM', 'CM000180033134', '2015-06-08 00:00:00', NULL, NULL, NULL, NULL);
INSERT INTO t_docobj VALUES (158, 'DO000000000040', 'CM', 'CM000180033569', '2015-06-08 00:00:00', NULL, NULL, NULL, NULL);
INSERT INTO t_docobj VALUES (159, 'DO000000000040', 'CM', 'CM000180033570', '2015-06-08 00:00:00', NULL, NULL, NULL, NULL);
INSERT INTO t_docobj VALUES (160, 'DO000000000040', 'CM', 'CM200180033134', '2015-06-08 00:00:00', NULL, NULL, NULL, NULL);
INSERT INTO t_docobj VALUES (161, 'DO000000000041', 'ND', 'ND000180030502', '2015-06-08 00:00:00', NULL, NULL, NULL, NULL);
INSERT INTO t_docobj VALUES (162, 'DO000000000041', 'ND', 'ND000180030503', '2015-06-08 00:00:00', NULL, NULL, NULL, NULL);
INSERT INTO t_docobj VALUES (163, 'DO000000000041', 'CM', 'CM000180033134', '2015-06-08 00:00:00', NULL, NULL, NULL, NULL);
INSERT INTO t_docobj VALUES (164, 'DO000000000041', 'CM', 'CM000180033569', '2015-06-08 00:00:00', NULL, NULL, NULL, NULL);
INSERT INTO t_docobj VALUES (165, 'DO000000000041', 'CM', 'CM000180033570', '2015-06-08 00:00:00', NULL, NULL, NULL, NULL);
INSERT INTO t_docobj VALUES (166, 'DO000000000041', 'CM', 'CM200180033134', '2015-06-08 00:00:00', NULL, NULL, NULL, NULL);
INSERT INTO t_docobj VALUES (167, 'DO000000000002', 'ND', 'ND000180030502', '2015-06-08 00:00:00', NULL, NULL, NULL, NULL);
INSERT INTO t_docobj VALUES (168, 'DO000000000001', 'ND', 'ND000180030503', '2015-06-08 00:00:00', NULL, NULL, NULL, NULL);
INSERT INTO t_docobj VALUES (169, 'DO000000000003', 'ND', 'ND000180030503', '2015-06-08 00:00:00', NULL, NULL, NULL, NULL);
INSERT INTO t_docobj VALUES (170, 'DO000000000003', 'ND', 'ND000180030091', '2015-06-08 00:00:00', NULL, NULL, NULL, NULL);
INSERT INTO t_docobj VALUES (171, 'DO000000000001', 'ND', 'ND000180030091', '2015-06-08 00:00:00', NULL, NULL, NULL, NULL);
INSERT INTO t_docobj VALUES (172, 'DO000000000001', 'CD', 'CD001800335691', '2015-06-08 00:00:00', NULL, NULL, NULL, NULL);
INSERT INTO t_docobj VALUES (173, 'DO000000000001', 'CD', 'CD001800335692', '2015-06-08 00:00:00', NULL, NULL, NULL, NULL);
INSERT INTO t_docobj VALUES (174, 'DO000000000001', 'CD', 'CD001800335693', '2015-06-08 00:00:00', NULL, NULL, NULL, NULL);
INSERT INTO t_docobj VALUES (175, 'DO000000000001', 'CD', 'CD001800335694', '2015-06-08 00:00:00', NULL, NULL, NULL, NULL);
INSERT INTO t_docobj VALUES (176, 'DO000000000001', 'CD', 'CD001800335695', '2015-06-08 00:00:00', NULL, NULL, NULL, NULL);
INSERT INTO t_docobj VALUES (177, 'DO000000000001', 'CD', 'CD001800335701', '2015-06-08 00:00:00', NULL, NULL, NULL, NULL);
INSERT INTO t_docobj VALUES (178, 'DO000000000001', 'CD', 'CD001800335702', '2015-06-08 00:00:00', NULL, NULL, NULL, NULL);
INSERT INTO t_docobj VALUES (179, 'DO000000000001', 'CD', 'CD001800335703', '2015-06-08 00:00:00', NULL, NULL, NULL, NULL);
INSERT INTO t_docobj VALUES (180, 'DO000000000001', 'CD', 'CD001800335704', '2015-06-08 00:00:00', NULL, NULL, NULL, NULL);
INSERT INTO t_docobj VALUES (181, 'DO000000000001', 'CD', 'CD001800335705', '2015-06-08 00:00:00', NULL, NULL, NULL, NULL);
INSERT INTO t_docobj VALUES (182, 'DO000000000001', 'CD', 'CD001800335706', '2015-06-08 00:00:00', NULL, NULL, NULL, NULL);
INSERT INTO t_docobj VALUES (183, 'DO000000000001', 'CD', 'CD001800335707', '2015-06-08 00:00:00', NULL, NULL, NULL, NULL);
INSERT INTO t_docobj VALUES (184, 'DO000000000003', 'CD', 'CD001800335691', '2015-06-08 00:00:00', NULL, NULL, NULL, NULL);
INSERT INTO t_docobj VALUES (185, 'DO000000000003', 'CD', 'CD001800335692', '2015-06-08 00:00:00', NULL, NULL, NULL, NULL);
INSERT INTO t_docobj VALUES (186, 'DO000000000003', 'CD', 'CD001800335693', '2015-06-08 00:00:00', NULL, NULL, NULL, NULL);
INSERT INTO t_docobj VALUES (187, 'DO000000000003', 'CD', 'CD001800335694', '2015-06-08 00:00:00', NULL, NULL, NULL, NULL);
INSERT INTO t_docobj VALUES (188, 'DO000000000003', 'CD', 'CD001800335695', '2015-06-08 00:00:00', NULL, NULL, NULL, NULL);
INSERT INTO t_docobj VALUES (189, 'DO000000000002', 'ND', 'ND000180030065', '2015-06-08 00:00:00', NULL, NULL, NULL, NULL);
INSERT INTO t_docobj VALUES (190, 'DO000000000002', 'CD', 'CD001800331341', '2015-06-08 00:00:00', NULL, NULL, NULL, NULL);
INSERT INTO t_docobj VALUES (191, 'DO000000000002', 'CD', 'CD001800331342', '2015-06-08 00:00:00', NULL, NULL, NULL, NULL);
INSERT INTO t_docobj VALUES (192, 'DO000000000002', 'CD', 'CD001800331343', '2015-06-08 00:00:00', NULL, NULL, NULL, NULL);
INSERT INTO t_docobj VALUES (193, 'DO000000000002', 'CD', 'CD001800331344', '2015-06-08 00:00:00', NULL, NULL, NULL, NULL);
INSERT INTO t_docobj VALUES (194, 'DO000000000002', 'CD', 'CD201800331341', '2015-06-08 00:00:00', NULL, NULL, NULL, NULL);
INSERT INTO t_docobj VALUES (195, 'DO000000000002', 'CD', 'CD201800331342', '2015-06-08 00:00:00', NULL, NULL, NULL, NULL);
INSERT INTO t_docobj VALUES (196, 'DO000000000002', 'CD', 'CD201800331343', '2015-06-08 00:00:00', NULL, NULL, NULL, NULL);
INSERT INTO t_docobj VALUES (197, 'DO000000000002', 'CD', 'CD201800331344', '2015-06-08 00:00:00', NULL, NULL, NULL, NULL);
INSERT INTO t_docobj VALUES (198, 'DO000000000015', 'CD', 'CD001800331341', '2015-06-08 00:00:00', NULL, NULL, NULL, NULL);
INSERT INTO t_docobj VALUES (199, 'DO000000000015', 'CD', 'CD001800331342', '2015-06-08 00:00:00', NULL, NULL, NULL, NULL);
INSERT INTO t_docobj VALUES (200, 'DO000000000015', 'CD', 'CD001800331343', '2015-06-08 00:00:00', NULL, NULL, NULL, NULL);
INSERT INTO t_docobj VALUES (201, 'DO000000000015', 'CD', 'CD001800331344', '2015-06-08 00:00:00', NULL, NULL, NULL, NULL);
INSERT INTO t_docobj VALUES (202, 'DO000000000015', 'CD', 'CD001800335691', '2015-06-08 00:00:00', NULL, NULL, NULL, NULL);
INSERT INTO t_docobj VALUES (203, 'DO000000000015', 'CD', 'CD001800335692', '2015-06-08 00:00:00', NULL, NULL, NULL, NULL);
INSERT INTO t_docobj VALUES (204, 'DO000000000015', 'CD', 'CD001800335693', '2015-06-08 00:00:00', NULL, NULL, NULL, NULL);
INSERT INTO t_docobj VALUES (205, 'DO000000000015', 'CD', 'CD001800335694', '2015-06-08 00:00:00', NULL, NULL, NULL, NULL);
INSERT INTO t_docobj VALUES (206, 'DO000000000015', 'CD', 'CD001800335695', '2015-06-08 00:00:00', NULL, NULL, NULL, NULL);
INSERT INTO t_docobj VALUES (207, 'DO000000000015', 'CD', 'CD001800335701', '2015-06-08 00:00:00', NULL, NULL, NULL, NULL);
INSERT INTO t_docobj VALUES (208, 'DO000000000015', 'CD', 'CD001800335702', '2015-06-08 00:00:00', NULL, NULL, NULL, NULL);
INSERT INTO t_docobj VALUES (209, 'DO000000000015', 'CD', 'CD001800335703', '2015-06-08 00:00:00', NULL, NULL, NULL, NULL);
INSERT INTO t_docobj VALUES (210, 'DO000000000015', 'CD', 'CD001800335704', '2015-06-08 00:00:00', NULL, NULL, NULL, NULL);
INSERT INTO t_docobj VALUES (211, 'DO000000000015', 'CD', 'CD001800335705', '2015-06-08 00:00:00', NULL, NULL, NULL, NULL);
INSERT INTO t_docobj VALUES (212, 'DO000000000015', 'CD', 'CD001800335706', '2015-06-08 00:00:00', NULL, NULL, NULL, NULL);
INSERT INTO t_docobj VALUES (213, 'DO000000000015', 'CD', 'CD001800335707', '2015-06-08 00:00:00', NULL, NULL, NULL, NULL);
INSERT INTO t_docobj VALUES (214, 'DO000000000015', 'CD', 'CD201800331341', '2015-06-08 00:00:00', NULL, NULL, NULL, NULL);
INSERT INTO t_docobj VALUES (215, 'DO000000000015', 'CD', 'CD201800331342', '2015-06-08 00:00:00', NULL, NULL, NULL, NULL);
INSERT INTO t_docobj VALUES (216, 'DO000000000015', 'CD', 'CD201800331343', '2015-06-08 00:00:00', NULL, NULL, NULL, NULL);
INSERT INTO t_docobj VALUES (217, 'DO000000000015', 'CD', 'CD201800331344', '2015-06-08 00:00:00', NULL, NULL, NULL, NULL);
INSERT INTO t_docobj VALUES (218, 'DO000000000020', 'CD', 'CD001800331341', '2015-06-08 00:00:00', NULL, NULL, NULL, NULL);
INSERT INTO t_docobj VALUES (219, 'DO000000000020', 'CD', 'CD001800331342', '2015-06-08 00:00:00', NULL, NULL, NULL, NULL);
INSERT INTO t_docobj VALUES (220, 'DO000000000020', 'CD', 'CD001800331343', '2015-06-08 00:00:00', NULL, NULL, NULL, NULL);
INSERT INTO t_docobj VALUES (221, 'DO000000000020', 'CD', 'CD001800331344', '2015-06-08 00:00:00', NULL, NULL, NULL, NULL);
INSERT INTO t_docobj VALUES (222, 'DO000000000020', 'CD', 'CD001800335691', '2015-06-08 00:00:00', NULL, NULL, NULL, NULL);
INSERT INTO t_docobj VALUES (223, 'DO000000000020', 'CD', 'CD001800335692', '2015-06-08 00:00:00', NULL, NULL, NULL, NULL);
INSERT INTO t_docobj VALUES (224, 'DO000000000020', 'CD', 'CD001800335693', '2015-06-08 00:00:00', NULL, NULL, NULL, NULL);
INSERT INTO t_docobj VALUES (225, 'DO000000000020', 'CD', 'CD001800335694', '2015-06-08 00:00:00', NULL, NULL, NULL, NULL);
INSERT INTO t_docobj VALUES (226, 'DO000000000020', 'CD', 'CD001800335695', '2015-06-08 00:00:00', NULL, NULL, NULL, NULL);
INSERT INTO t_docobj VALUES (227, 'DO000000000020', 'CD', 'CD001800335701', '2015-06-08 00:00:00', NULL, NULL, NULL, NULL);
INSERT INTO t_docobj VALUES (228, 'DO000000000020', 'CD', 'CD001800335702', '2015-06-08 00:00:00', NULL, NULL, NULL, NULL);
INSERT INTO t_docobj VALUES (229, 'DO000000000020', 'CD', 'CD001800335703', '2015-06-08 00:00:00', NULL, NULL, NULL, NULL);
INSERT INTO t_docobj VALUES (230, 'DO000000000020', 'CD', 'CD001800335704', '2015-06-08 00:00:00', NULL, NULL, NULL, NULL);
INSERT INTO t_docobj VALUES (231, 'DO000000000020', 'CD', 'CD001800335705', '2015-06-08 00:00:00', NULL, NULL, NULL, NULL);
INSERT INTO t_docobj VALUES (232, 'DO000000000020', 'CD', 'CD001800335706', '2015-06-08 00:00:00', NULL, NULL, NULL, NULL);
INSERT INTO t_docobj VALUES (233, 'DO000000000020', 'CD', 'CD001800335707', '2015-06-08 00:00:00', NULL, NULL, NULL, NULL);
INSERT INTO t_docobj VALUES (234, 'DO000000000020', 'CD', 'CD201800331341', '2015-06-08 00:00:00', NULL, NULL, NULL, NULL);
INSERT INTO t_docobj VALUES (235, 'DO000000000020', 'CD', 'CD201800331342', '2015-06-08 00:00:00', NULL, NULL, NULL, NULL);
INSERT INTO t_docobj VALUES (236, 'DO000000000020', 'CD', 'CD201800331343', '2015-06-08 00:00:00', NULL, NULL, NULL, NULL);
INSERT INTO t_docobj VALUES (237, 'DO000000000020', 'CD', 'CD201800331344', '2015-06-08 00:00:00', NULL, NULL, NULL, NULL);
INSERT INTO t_docobj VALUES (238, 'DO000000000021', 'CD', 'CD001800331341', '2015-06-08 00:00:00', NULL, NULL, NULL, NULL);
INSERT INTO t_docobj VALUES (239, 'DO000000000021', 'CD', 'CD001800331342', '2015-06-08 00:00:00', NULL, NULL, NULL, NULL);
INSERT INTO t_docobj VALUES (240, 'DO000000000021', 'CD', 'CD001800331343', '2015-06-08 00:00:00', NULL, NULL, NULL, NULL);
INSERT INTO t_docobj VALUES (241, 'DO000000000021', 'CD', 'CD001800331344', '2015-06-08 00:00:00', NULL, NULL, NULL, NULL);
INSERT INTO t_docobj VALUES (242, 'DO000000000021', 'CD', 'CD001800335691', '2015-06-08 00:00:00', NULL, NULL, NULL, NULL);
INSERT INTO t_docobj VALUES (243, 'DO000000000021', 'CD', 'CD001800335692', '2015-06-08 00:00:00', NULL, NULL, NULL, NULL);
INSERT INTO t_docobj VALUES (244, 'DO000000000021', 'CD', 'CD001800335693', '2015-06-08 00:00:00', NULL, NULL, NULL, NULL);
INSERT INTO t_docobj VALUES (245, 'DO000000000021', 'CD', 'CD001800335694', '2015-06-08 00:00:00', NULL, NULL, NULL, NULL);
INSERT INTO t_docobj VALUES (246, 'DO000000000021', 'CD', 'CD001800335695', '2015-06-08 00:00:00', NULL, NULL, NULL, NULL);
INSERT INTO t_docobj VALUES (247, 'DO000000000021', 'CD', 'CD001800335701', '2015-06-08 00:00:00', NULL, NULL, NULL, NULL);
INSERT INTO t_docobj VALUES (248, 'DO000000000021', 'CD', 'CD001800335702', '2015-06-08 00:00:00', NULL, NULL, NULL, NULL);
INSERT INTO t_docobj VALUES (249, 'DO000000000021', 'CD', 'CD001800335703', '2015-06-08 00:00:00', NULL, NULL, NULL, NULL);
INSERT INTO t_docobj VALUES (250, 'DO000000000021', 'CD', 'CD001800335704', '2015-06-08 00:00:00', NULL, NULL, NULL, NULL);
INSERT INTO t_docobj VALUES (251, 'DO000000000021', 'CD', 'CD001800335705', '2015-06-08 00:00:00', NULL, NULL, NULL, NULL);
INSERT INTO t_docobj VALUES (252, 'DO000000000021', 'CD', 'CD001800335706', '2015-06-08 00:00:00', NULL, NULL, NULL, NULL);
INSERT INTO t_docobj VALUES (253, 'DO000000000021', 'CD', 'CD001800335707', '2015-06-08 00:00:00', NULL, NULL, NULL, NULL);
INSERT INTO t_docobj VALUES (254, 'DO000000000021', 'CD', 'CD201800331341', '2015-06-08 00:00:00', NULL, NULL, NULL, NULL);
INSERT INTO t_docobj VALUES (255, 'DO000000000021', 'CD', 'CD201800331342', '2015-06-08 00:00:00', NULL, NULL, NULL, NULL);
INSERT INTO t_docobj VALUES (256, 'DO000000000021', 'CD', 'CD201800331343', '2015-06-08 00:00:00', NULL, NULL, NULL, NULL);
INSERT INTO t_docobj VALUES (257, 'DO000000000021', 'CD', 'CD201800331344', '2015-06-08 00:00:00', NULL, NULL, NULL, NULL);
INSERT INTO t_docobj VALUES (258, 'DO000000000027', 'CD', 'CD001800331341', '2015-06-08 00:00:00', NULL, NULL, NULL, NULL);
INSERT INTO t_docobj VALUES (259, 'DO000000000027', 'CD', 'CD001800331342', '2015-06-08 00:00:00', NULL, NULL, NULL, NULL);
INSERT INTO t_docobj VALUES (260, 'DO000000000027', 'CD', 'CD001800331343', '2015-06-08 00:00:00', NULL, NULL, NULL, NULL);
INSERT INTO t_docobj VALUES (261, 'DO000000000027', 'CD', 'CD001800331344', '2015-06-08 00:00:00', NULL, NULL, NULL, NULL);
INSERT INTO t_docobj VALUES (262, 'DO000000000027', 'CD', 'CD001800335691', '2015-06-08 00:00:00', NULL, NULL, NULL, NULL);
INSERT INTO t_docobj VALUES (263, 'DO000000000027', 'CD', 'CD001800335692', '2015-06-08 00:00:00', NULL, NULL, NULL, NULL);
INSERT INTO t_docobj VALUES (264, 'DO000000000027', 'CD', 'CD001800335693', '2015-06-08 00:00:00', NULL, NULL, NULL, NULL);
INSERT INTO t_docobj VALUES (265, 'DO000000000027', 'CD', 'CD001800335694', '2015-06-08 00:00:00', NULL, NULL, NULL, NULL);
INSERT INTO t_docobj VALUES (266, 'DO000000000027', 'CD', 'CD001800335695', '2015-06-08 00:00:00', NULL, NULL, NULL, NULL);
INSERT INTO t_docobj VALUES (267, 'DO000000000027', 'CD', 'CD001800335701', '2015-06-08 00:00:00', NULL, NULL, NULL, NULL);
INSERT INTO t_docobj VALUES (268, 'DO000000000027', 'CD', 'CD001800335702', '2015-06-08 00:00:00', NULL, NULL, NULL, NULL);
INSERT INTO t_docobj VALUES (269, 'DO000000000027', 'CD', 'CD001800335703', '2015-06-08 00:00:00', NULL, NULL, NULL, NULL);
INSERT INTO t_docobj VALUES (270, 'DO000000000027', 'CD', 'CD001800335704', '2015-06-08 00:00:00', NULL, NULL, NULL, NULL);
INSERT INTO t_docobj VALUES (271, 'DO000000000027', 'CD', 'CD001800335705', '2015-06-08 00:00:00', NULL, NULL, NULL, NULL);
INSERT INTO t_docobj VALUES (272, 'DO000000000027', 'CD', 'CD001800335706', '2015-06-08 00:00:00', NULL, NULL, NULL, NULL);
INSERT INTO t_docobj VALUES (273, 'DO000000000027', 'CD', 'CD001800335707', '2015-06-08 00:00:00', NULL, NULL, NULL, NULL);
INSERT INTO t_docobj VALUES (274, 'DO000000000027', 'CD', 'CD201800331341', '2015-06-08 00:00:00', NULL, NULL, NULL, NULL);
INSERT INTO t_docobj VALUES (275, 'DO000000000027', 'CD', 'CD201800331342', '2015-06-08 00:00:00', NULL, NULL, NULL, NULL);
INSERT INTO t_docobj VALUES (276, 'DO000000000027', 'CD', 'CD201800331343', '2015-06-08 00:00:00', NULL, NULL, NULL, NULL);
INSERT INTO t_docobj VALUES (277, 'DO000000000027', 'CD', 'CD201800331344', '2015-06-08 00:00:00', NULL, NULL, NULL, NULL);
INSERT INTO t_docobj VALUES (278, 'DO000000000038', 'CD', 'CD001800331341', '2015-06-08 00:00:00', NULL, NULL, NULL, NULL);
INSERT INTO t_docobj VALUES (279, 'DO000000000038', 'CD', 'CD001800331342', '2015-06-08 00:00:00', NULL, NULL, NULL, NULL);
INSERT INTO t_docobj VALUES (280, 'DO000000000038', 'CD', 'CD001800331343', '2015-06-08 00:00:00', NULL, NULL, NULL, NULL);
INSERT INTO t_docobj VALUES (281, 'DO000000000038', 'CD', 'CD001800331344', '2015-06-08 00:00:00', NULL, NULL, NULL, NULL);
INSERT INTO t_docobj VALUES (282, 'DO000000000038', 'CD', 'CD001800335691', '2015-06-08 00:00:00', NULL, NULL, NULL, NULL);
INSERT INTO t_docobj VALUES (283, 'DO000000000038', 'CD', 'CD001800335692', '2015-06-08 00:00:00', NULL, NULL, NULL, NULL);
INSERT INTO t_docobj VALUES (284, 'DO000000000038', 'CD', 'CD001800335693', '2015-06-08 00:00:00', NULL, NULL, NULL, NULL);
INSERT INTO t_docobj VALUES (285, 'DO000000000038', 'CD', 'CD001800335694', '2015-06-08 00:00:00', NULL, NULL, NULL, NULL);
INSERT INTO t_docobj VALUES (286, 'DO000000000038', 'CD', 'CD001800335695', '2015-06-08 00:00:00', NULL, NULL, NULL, NULL);
INSERT INTO t_docobj VALUES (287, 'DO000000000038', 'CD', 'CD001800335701', '2015-06-08 00:00:00', NULL, NULL, NULL, NULL);
INSERT INTO t_docobj VALUES (288, 'DO000000000038', 'CD', 'CD001800335702', '2015-06-08 00:00:00', NULL, NULL, NULL, NULL);
INSERT INTO t_docobj VALUES (289, 'DO000000000038', 'CD', 'CD001800335703', '2015-06-08 00:00:00', NULL, NULL, NULL, NULL);
INSERT INTO t_docobj VALUES (290, 'DO000000000038', 'CD', 'CD001800335704', '2015-06-08 00:00:00', NULL, NULL, NULL, NULL);
INSERT INTO t_docobj VALUES (291, 'DO000000000038', 'CD', 'CD001800335705', '2015-06-08 00:00:00', NULL, NULL, NULL, NULL);
INSERT INTO t_docobj VALUES (292, 'DO000000000038', 'CD', 'CD001800335706', '2015-06-08 00:00:00', NULL, NULL, NULL, NULL);
INSERT INTO t_docobj VALUES (293, 'DO000000000038', 'CD', 'CD001800335707', '2015-06-08 00:00:00', NULL, NULL, NULL, NULL);
INSERT INTO t_docobj VALUES (294, 'DO000000000038', 'CD', 'CD201800331341', '2015-06-08 00:00:00', NULL, NULL, NULL, NULL);
INSERT INTO t_docobj VALUES (295, 'DO000000000038', 'CD', 'CD201800331342', '2015-06-08 00:00:00', NULL, NULL, NULL, NULL);
INSERT INTO t_docobj VALUES (296, 'DO000000000038', 'CD', 'CD201800331343', '2015-06-08 00:00:00', NULL, NULL, NULL, NULL);
INSERT INTO t_docobj VALUES (297, 'DO000000000038', 'CD', 'CD201800331344', '2015-06-08 00:00:00', NULL, NULL, NULL, NULL);
INSERT INTO t_docobj VALUES (298, 'DO000000000040', 'CD', 'CD001800331341', '2015-06-08 00:00:00', NULL, NULL, NULL, NULL);
INSERT INTO t_docobj VALUES (299, 'DO000000000040', 'CD', 'CD001800331342', '2015-06-08 00:00:00', NULL, NULL, NULL, NULL);
INSERT INTO t_docobj VALUES (300, 'DO000000000040', 'CD', 'CD001800331343', '2015-06-08 00:00:00', NULL, NULL, NULL, NULL);
INSERT INTO t_docobj VALUES (301, 'DO000000000040', 'CD', 'CD001800331344', '2015-06-08 00:00:00', NULL, NULL, NULL, NULL);
INSERT INTO t_docobj VALUES (302, 'DO000000000040', 'CD', 'CD001800335691', '2015-06-08 00:00:00', NULL, NULL, NULL, NULL);
INSERT INTO t_docobj VALUES (303, 'DO000000000040', 'CD', 'CD001800335692', '2015-06-08 00:00:00', NULL, NULL, NULL, NULL);
INSERT INTO t_docobj VALUES (304, 'DO000000000040', 'CD', 'CD001800335693', '2015-06-08 00:00:00', NULL, NULL, NULL, NULL);
INSERT INTO t_docobj VALUES (305, 'DO000000000040', 'CD', 'CD001800335694', '2015-06-08 00:00:00', NULL, NULL, NULL, NULL);
INSERT INTO t_docobj VALUES (306, 'DO000000000040', 'CD', 'CD001800335695', '2015-06-08 00:00:00', NULL, NULL, NULL, NULL);
INSERT INTO t_docobj VALUES (307, 'DO000000000040', 'CD', 'CD001800335701', '2015-06-08 00:00:00', NULL, NULL, NULL, NULL);
INSERT INTO t_docobj VALUES (308, 'DO000000000040', 'CD', 'CD001800335702', '2015-06-08 00:00:00', NULL, NULL, NULL, NULL);
INSERT INTO t_docobj VALUES (309, 'DO000000000040', 'CD', 'CD001800335703', '2015-06-08 00:00:00', NULL, NULL, NULL, NULL);
INSERT INTO t_docobj VALUES (310, 'DO000000000040', 'CD', 'CD001800335704', '2015-06-08 00:00:00', NULL, NULL, NULL, NULL);
INSERT INTO t_docobj VALUES (311, 'DO000000000040', 'CD', 'CD001800335705', '2015-06-08 00:00:00', NULL, NULL, NULL, NULL);
INSERT INTO t_docobj VALUES (312, 'DO000000000040', 'CD', 'CD001800335706', '2015-06-08 00:00:00', NULL, NULL, NULL, NULL);
INSERT INTO t_docobj VALUES (313, 'DO000000000040', 'CD', 'CD001800335707', '2015-06-08 00:00:00', NULL, NULL, NULL, NULL);
INSERT INTO t_docobj VALUES (314, 'DO000000000040', 'CD', 'CD201800331341', '2015-06-08 00:00:00', NULL, NULL, NULL, NULL);
INSERT INTO t_docobj VALUES (315, 'DO000000000040', 'CD', 'CD201800331342', '2015-06-08 00:00:00', NULL, NULL, NULL, NULL);
INSERT INTO t_docobj VALUES (316, 'DO000000000040', 'CD', 'CD201800331343', '2015-06-08 00:00:00', NULL, NULL, NULL, NULL);
INSERT INTO t_docobj VALUES (317, 'DO000000000040', 'CD', 'CD201800331344', '2015-06-08 00:00:00', NULL, NULL, NULL, NULL);
INSERT INTO t_docobj VALUES (318, 'DO000000000041', 'CD', 'CD001800331341', '2015-06-08 00:00:00', NULL, NULL, NULL, NULL);
INSERT INTO t_docobj VALUES (319, 'DO000000000041', 'CD', 'CD001800331342', '2015-06-08 00:00:00', NULL, NULL, NULL, NULL);
INSERT INTO t_docobj VALUES (320, 'DO000000000041', 'CD', 'CD001800331343', '2015-06-08 00:00:00', NULL, NULL, NULL, NULL);
INSERT INTO t_docobj VALUES (321, 'DO000000000041', 'CD', 'CD001800331344', '2015-06-08 00:00:00', NULL, NULL, NULL, NULL);
INSERT INTO t_docobj VALUES (322, 'DO000000000041', 'CD', 'CD001800335691', '2015-06-08 00:00:00', NULL, NULL, NULL, NULL);
INSERT INTO t_docobj VALUES (323, 'DO000000000041', 'CD', 'CD001800335692', '2015-06-08 00:00:00', NULL, NULL, NULL, NULL);
INSERT INTO t_docobj VALUES (324, 'DO000000000041', 'CD', 'CD001800335693', '2015-06-08 00:00:00', NULL, NULL, NULL, NULL);
INSERT INTO t_docobj VALUES (325, 'DO000000000041', 'CD', 'CD001800335694', '2015-06-08 00:00:00', NULL, NULL, NULL, NULL);
INSERT INTO t_docobj VALUES (326, 'DO000000000041', 'CD', 'CD001800335695', '2015-06-08 00:00:00', NULL, NULL, NULL, NULL);
INSERT INTO t_docobj VALUES (327, 'DO000000000041', 'CD', 'CD001800335701', '2015-06-08 00:00:00', NULL, NULL, NULL, NULL);
INSERT INTO t_docobj VALUES (328, 'DO000000000041', 'CD', 'CD001800335702', '2015-06-08 00:00:00', NULL, NULL, NULL, NULL);
INSERT INTO t_docobj VALUES (329, 'DO000000000041', 'CD', 'CD001800335703', '2015-06-08 00:00:00', NULL, NULL, NULL, NULL);
INSERT INTO t_docobj VALUES (330, 'DO000000000041', 'CD', 'CD001800335704', '2015-06-08 00:00:00', NULL, NULL, NULL, NULL);
INSERT INTO t_docobj VALUES (331, 'DO000000000041', 'CD', 'CD001800335705', '2015-06-08 00:00:00', NULL, NULL, NULL, NULL);
INSERT INTO t_docobj VALUES (332, 'DO000000000041', 'CD', 'CD001800335706', '2015-06-08 00:00:00', NULL, NULL, NULL, NULL);
INSERT INTO t_docobj VALUES (333, 'DO000000000041', 'CD', 'CD001800335707', '2015-06-08 00:00:00', NULL, NULL, NULL, NULL);
INSERT INTO t_docobj VALUES (334, 'DO000000000041', 'CD', 'CD201800331341', '2015-06-08 00:00:00', NULL, NULL, NULL, NULL);
INSERT INTO t_docobj VALUES (335, 'DO000000000041', 'CD', 'CD201800331342', '2015-06-08 00:00:00', NULL, NULL, NULL, NULL);
INSERT INTO t_docobj VALUES (336, 'DO000000000041', 'CD', 'CD201800331343', '2015-06-08 00:00:00', NULL, NULL, NULL, NULL);
INSERT INTO t_docobj VALUES (337, 'DO000000000041', 'CD', 'CD201800331344', '2015-06-08 00:00:00', NULL, NULL, NULL, NULL);
INSERT INTO t_docobj VALUES (338, 'DO000000000025', 'CD', 'CD001800325981', '2015-06-08 00:00:00', NULL, NULL, NULL, NULL);
INSERT INTO t_docobj VALUES (339, 'DO000000000025', 'CD', 'CD001800325991', '2015-06-08 00:00:00', NULL, NULL, NULL, NULL);
INSERT INTO t_docobj VALUES (340, 'DO000000000025', 'CD', 'CD001800326021', '2015-06-08 00:00:00', NULL, NULL, NULL, NULL);
INSERT INTO t_docobj VALUES (341, 'DO000000000025', 'CD', 'CD001800329561', '2015-06-08 00:00:00', NULL, NULL, NULL, NULL);
INSERT INTO t_docobj VALUES (342, 'DO000000000017', 'CD', 'CD001800325981', '2015-06-08 00:00:00', NULL, NULL, NULL, NULL);
INSERT INTO t_docobj VALUES (343, 'DO000000000017', 'CD', 'CD001800325991', '2015-06-08 00:00:00', NULL, NULL, NULL, NULL);
INSERT INTO t_docobj VALUES (344, 'DO000000000017', 'CD', 'CD001800326021', '2015-06-08 00:00:00', NULL, NULL, NULL, NULL);
INSERT INTO t_docobj VALUES (345, 'DO000000000017', 'CD', 'CD001800329561', '2015-06-08 00:00:00', NULL, NULL, NULL, NULL);
INSERT INTO t_docobj VALUES (346, 'DO000000000039', 'CD', 'CD001800325981', '2015-06-08 00:00:00', NULL, NULL, NULL, NULL);
INSERT INTO t_docobj VALUES (347, 'DO000000000039', 'CD', 'CD001800325991', '2015-06-08 00:00:00', NULL, NULL, NULL, NULL);
INSERT INTO t_docobj VALUES (348, 'DO000000000039', 'CD', 'CD001800326021', '2015-06-08 00:00:00', NULL, NULL, NULL, NULL);
INSERT INTO t_docobj VALUES (349, 'DO000000000039', 'CD', 'CD001800329561', '2015-06-08 00:00:00', NULL, NULL, NULL, NULL);
INSERT INTO t_docobj VALUES (350, 'DO000000000018', 'CD', 'CD001800329581', '2015-06-08 00:00:00', NULL, NULL, NULL, NULL);
INSERT INTO t_docobj VALUES (351, 'DO000000000026', 'CD', 'CD001800329581', '2015-06-08 00:00:00', NULL, NULL, NULL, NULL);
INSERT INTO t_docobj VALUES (352, 'DO000000000005', 'ZD', 'ZD000180030001', '2015-06-08 00:00:00', NULL, NULL, NULL, NULL);
INSERT INTO t_docobj VALUES (353, 'DO000000000005', 'ND', 'ND000180030001', '2015-06-08 00:00:00', NULL, NULL, NULL, NULL);
INSERT INTO t_docobj VALUES (354, 'DO000000000005', 'ND', 'ND000180030064', '2015-06-08 00:00:00', NULL, NULL, NULL, NULL);
INSERT INTO t_docobj VALUES (355, 'DO000000000005', 'ND', 'ND000180030065', '2015-06-08 00:00:00', NULL, NULL, NULL, NULL);
INSERT INTO t_docobj VALUES (356, 'DO000000000005', 'ND', 'ND000180030072', '2015-06-08 00:00:00', NULL, NULL, NULL, NULL);
INSERT INTO t_docobj VALUES (357, 'DO000000000005', 'ND', 'ND000180030091', '2015-06-08 00:00:00', NULL, NULL, NULL, NULL);
INSERT INTO t_docobj VALUES (358, 'DO000000000005', 'ND', 'ND000180030502', '2015-06-08 00:00:00', NULL, NULL, NULL, NULL);
INSERT INTO t_docobj VALUES (359, 'DO000000000005', 'ND', 'ND000180030503', '2015-06-08 00:00:00', NULL, NULL, NULL, NULL);
INSERT INTO t_docobj VALUES (360, 'DO000000000005', 'ND', 'ND000180031091', '2015-06-08 00:00:00', NULL, NULL, NULL, NULL);
INSERT INTO t_docobj VALUES (361, 'DO000000000005', 'ND', 'ND000180031092', '2015-06-08 00:00:00', NULL, NULL, NULL, NULL);
INSERT INTO t_docobj VALUES (362, 'DO000000000005', 'ND', 'ND000180031093', '2015-06-08 00:00:00', NULL, NULL, NULL, NULL);
INSERT INTO t_docobj VALUES (363, 'DO000000000005', 'ND', 'ND000180031094', '2015-06-08 00:00:00', NULL, NULL, NULL, NULL);
INSERT INTO t_docobj VALUES (364, 'DO000000000005', 'ND', 'ND000180031100', '2015-06-08 00:00:00', NULL, NULL, NULL, NULL);
INSERT INTO t_docobj VALUES (365, 'DO000000000005', 'ND', 'ND000180031101', '2015-06-08 00:00:00', NULL, NULL, NULL, NULL);
INSERT INTO t_docobj VALUES (366, 'DO000000000005', 'ND', 'ND000180031227', '2015-06-08 00:00:00', NULL, NULL, NULL, NULL);
INSERT INTO t_docobj VALUES (367, 'DO000000000005', 'ND', 'ND000180031284', '2015-06-08 00:00:00', NULL, NULL, NULL, NULL);
INSERT INTO t_docobj VALUES (368, 'DO000000000005', 'ND', 'ND000180031287', '2015-06-08 00:00:00', NULL, NULL, NULL, NULL);
INSERT INTO t_docobj VALUES (369, 'DO000000000005', 'ND', 'ND000180031292', '2015-06-08 00:00:00', NULL, NULL, NULL, NULL);
INSERT INTO t_docobj VALUES (370, 'DO000000000005', 'ND', 'ND000180031301', '2015-06-08 00:00:00', NULL, NULL, NULL, NULL);
INSERT INTO t_docobj VALUES (371, 'DO000000000005', 'ND', 'ND000180031330', '2015-06-08 00:00:00', NULL, NULL, NULL, NULL);
INSERT INTO t_docobj VALUES (372, 'DO000000000005', 'ND', 'ND000180031350', '2015-06-08 00:00:00', NULL, NULL, NULL, NULL);
INSERT INTO t_docobj VALUES (373, 'DO000000000005', 'ND', 'ND000180031413', '2015-06-08 00:00:00', NULL, NULL, NULL, NULL);
INSERT INTO t_docobj VALUES (374, 'DO000000000005', 'ND', 'ND000180031414', '2015-06-08 00:00:00', NULL, NULL, NULL, NULL);
INSERT INTO t_docobj VALUES (375, 'DO000000000005', 'ND', 'ND000180032722', '2015-06-08 00:00:00', NULL, NULL, NULL, NULL);
INSERT INTO t_docobj VALUES (376, 'DO000000000005', 'ND', 'ND000180032793', '2015-06-08 00:00:00', NULL, NULL, NULL, NULL);
INSERT INTO t_docobj VALUES (377, 'DO000000000005', 'ND', 'ND200180030502', '2015-06-08 00:00:00', NULL, NULL, NULL, NULL);
INSERT INTO t_docobj VALUES (378, 'DO000000000005', 'CB', 'CB000180030001', '2015-06-08 00:00:00', NULL, NULL, NULL, NULL);
INSERT INTO t_docobj VALUES (379, 'DO000000000005', 'CB', 'CB000180030003', '2015-06-08 00:00:00', NULL, NULL, NULL, NULL);
INSERT INTO t_docobj VALUES (380, 'DO000000000005', 'CB', 'CB000180030007', '2015-06-08 00:00:00', NULL, NULL, NULL, NULL);
INSERT INTO t_docobj VALUES (381, 'DO000000000005', 'CB', 'CB000180030329', '2015-06-08 00:00:00', NULL, NULL, NULL, NULL);
INSERT INTO t_docobj VALUES (382, 'DO000000000005', 'CB', 'CB000180030341', '2015-06-08 00:00:00', NULL, NULL, NULL, NULL);
INSERT INTO t_docobj VALUES (383, 'DO000000000005', 'CB', 'CB000180030739', '2015-06-08 00:00:00', NULL, NULL, NULL, NULL);
INSERT INTO t_docobj VALUES (384, 'DO000000000005', 'CB', 'CB000180030916', '2015-06-08 00:00:00', NULL, NULL, NULL, NULL);
INSERT INTO t_docobj VALUES (385, 'DO000000000005', 'CB', 'CB000180030975', '2015-06-08 00:00:00', NULL, NULL, NULL, NULL);
INSERT INTO t_docobj VALUES (386, 'DO000000000005', 'CB', 'CB000180034416', '2015-06-08 00:00:00', NULL, NULL, NULL, NULL);
INSERT INTO t_docobj VALUES (387, 'DO000000000005', 'CB', 'CB000180034417', '2015-06-08 00:00:00', NULL, NULL, NULL, NULL);
INSERT INTO t_docobj VALUES (388, 'DO000000000005', 'CB', 'CB000180034418', '2015-06-08 00:00:00', NULL, NULL, NULL, NULL);
INSERT INTO t_docobj VALUES (389, 'DO000000000005', 'CB', 'CB000180034419', '2015-06-08 00:00:00', NULL, NULL, NULL, NULL);
INSERT INTO t_docobj VALUES (390, 'DO000000000005', 'CB', 'CB000180034420', '2015-06-08 00:00:00', NULL, NULL, NULL, NULL);
INSERT INTO t_docobj VALUES (391, 'DO000000000005', 'CB', 'CB000180034421', '2015-06-08 00:00:00', NULL, NULL, NULL, NULL);
INSERT INTO t_docobj VALUES (392, 'DO000000000005', 'CB', 'CB000180034422', '2015-06-08 00:00:00', NULL, NULL, NULL, NULL);
INSERT INTO t_docobj VALUES (393, 'DO000000000005', 'CB', 'CB000180034601', '2015-06-08 00:00:00', NULL, NULL, NULL, NULL);
INSERT INTO t_docobj VALUES (394, 'DO000000000005', 'CB', 'CB000180034602', '2015-06-08 00:00:00', NULL, NULL, NULL, NULL);
INSERT INTO t_docobj VALUES (395, 'DO000000000005', 'CB', 'CB000180034603', '2015-06-08 00:00:00', NULL, NULL, NULL, NULL);
INSERT INTO t_docobj VALUES (396, 'DO000000000005', 'CB', 'CB000180034604', '2015-06-08 00:00:00', NULL, NULL, NULL, NULL);
INSERT INTO t_docobj VALUES (397, 'DO000000000005', 'CB', 'CB000180034605', '2015-06-08 00:00:00', NULL, NULL, NULL, NULL);
INSERT INTO t_docobj VALUES (398, 'DO000000000005', 'CB', 'CB000180034606', '2015-06-08 00:00:00', NULL, NULL, NULL, NULL);
INSERT INTO t_docobj VALUES (399, 'DO000000000005', 'CB', 'CB000180034607', '2015-06-08 00:00:00', NULL, NULL, NULL, NULL);
INSERT INTO t_docobj VALUES (400, 'DO000000000006', 'ZN', 'ZN000180030001', '2015-06-08 00:00:00', NULL, NULL, NULL, NULL);
INSERT INTO t_docobj VALUES (401, 'DO000000000006', 'ZS', 'ZS000000000007', '2015-06-08 00:00:00', NULL, NULL, NULL, NULL);
INSERT INTO t_docobj VALUES (402, 'DO000000000005', 'CM', 'CM100180031521', '2015-06-08 00:00:00', NULL, NULL, NULL, NULL);
INSERT INTO t_docobj VALUES (403, 'DO000000000005', 'CM', 'CM000180032598', '2015-06-08 00:00:00', NULL, NULL, NULL, NULL);
INSERT INTO t_docobj VALUES (404, 'DO000000000005', 'CM', 'CM000180032599', '2015-06-08 00:00:00', NULL, NULL, NULL, NULL);
INSERT INTO t_docobj VALUES (405, 'DO000000000005', 'CM', 'CM000180032602', '2015-06-08 00:00:00', NULL, NULL, NULL, NULL);
INSERT INTO t_docobj VALUES (406, 'DO000000000005', 'CM', 'CM000180032956', '2015-06-08 00:00:00', NULL, NULL, NULL, NULL);
INSERT INTO t_docobj VALUES (407, 'DO000000000005', 'CM', 'CM000180032958', '2015-06-08 00:00:00', NULL, NULL, NULL, NULL);
INSERT INTO t_docobj VALUES (408, 'DO000000000005', 'CM', 'CM000180033134', '2015-06-08 00:00:00', NULL, NULL, NULL, NULL);
INSERT INTO t_docobj VALUES (409, 'DO000000000005', 'CM', 'CM000180033569', '2015-06-08 00:00:00', NULL, NULL, NULL, NULL);
INSERT INTO t_docobj VALUES (410, 'DO000000000005', 'CM', 'CM000180033570', '2015-06-08 00:00:00', NULL, NULL, NULL, NULL);
INSERT INTO t_docobj VALUES (411, 'DO000000000005', 'CM', 'CM900180034416', '2015-06-08 00:00:00', NULL, NULL, NULL, NULL);
INSERT INTO t_docobj VALUES (412, 'DO000000000005', 'CM', 'CM900180034417', '2015-06-08 00:00:00', NULL, NULL, NULL, NULL);
INSERT INTO t_docobj VALUES (413, 'DO000000000005', 'CM', 'CM900180034418', '2015-06-08 00:00:00', NULL, NULL, NULL, NULL);
INSERT INTO t_docobj VALUES (414, 'DO000000000005', 'CM', 'CM900180034419', '2015-06-08 00:00:00', NULL, NULL, NULL, NULL);
INSERT INTO t_docobj VALUES (415, 'DO000000000005', 'CM', 'CM900180034420', '2015-06-08 00:00:00', NULL, NULL, NULL, NULL);
INSERT INTO t_docobj VALUES (416, 'DO000000000005', 'CM', 'CM900180034421', '2015-06-08 00:00:00', NULL, NULL, NULL, NULL);
INSERT INTO t_docobj VALUES (417, 'DO000000000005', 'CM', 'CM900180034422', '2015-06-08 00:00:00', NULL, NULL, NULL, NULL);
INSERT INTO t_docobj VALUES (418, 'DO000000000005', 'CM', 'CM900180034601', '2015-06-08 00:00:00', NULL, NULL, NULL, NULL);
INSERT INTO t_docobj VALUES (419, 'DO000000000005', 'CM', 'CM900180034602', '2015-06-08 00:00:00', NULL, NULL, NULL, NULL);
INSERT INTO t_docobj VALUES (420, 'DO000000000005', 'CM', 'CM900180034603', '2015-06-08 00:00:00', NULL, NULL, NULL, NULL);
INSERT INTO t_docobj VALUES (421, 'DO000000000005', 'CM', 'CM900180034604', '2015-06-08 00:00:00', NULL, NULL, NULL, NULL);
INSERT INTO t_docobj VALUES (422, 'DO000000000005', 'CM', 'CM900180034605', '2015-06-08 00:00:00', NULL, NULL, NULL, NULL);
INSERT INTO t_docobj VALUES (423, 'DO000000000005', 'CM', 'CM900180034606', '2015-06-08 00:00:00', NULL, NULL, NULL, NULL);
INSERT INTO t_docobj VALUES (424, 'DO000000000005', 'CM', 'CM900180034607', '2015-06-08 00:00:00', NULL, NULL, NULL, NULL);
INSERT INTO t_docobj VALUES (425, 'DO000000000005', 'CM', 'CM200180032598', '2015-06-08 00:00:00', NULL, NULL, NULL, NULL);
INSERT INTO t_docobj VALUES (426, 'DO000000000005', 'CM', 'CM200180033134', '2015-06-08 00:00:00', NULL, NULL, NULL, NULL);
INSERT INTO t_docobj VALUES (427, 'DO000000000005', 'ZN', 'ZN000180030001', '2015-06-08 00:00:00', NULL, NULL, NULL, NULL);
INSERT INTO t_docobj VALUES (428, 'DO000000000005', 'ZS', 'ZS000000000007', '2015-06-08 00:00:00', NULL, NULL, NULL, NULL);
INSERT INTO t_docobj VALUES (429, 'DO000000000005', 'ZP', 'ZP000180030675', '2015-06-08 00:00:00', NULL, NULL, NULL, NULL);
INSERT INTO t_docobj VALUES (430, 'DO000000000005', 'ZP', 'ZP000180030676', '2015-06-08 00:00:00', NULL, NULL, NULL, NULL);
INSERT INTO t_docobj VALUES (431, 'DO000000000005', 'ZP', 'ZP000180030698', '2015-06-08 00:00:00', NULL, NULL, NULL, NULL);
INSERT INTO t_docobj VALUES (432, 'DO000000000005', 'CD', 'CD001800325981', '2015-06-08 00:00:00', NULL, NULL, NULL, NULL);
INSERT INTO t_docobj VALUES (433, 'DO000000000005', 'CD', 'CD001800325991', '2015-06-08 00:00:00', NULL, NULL, NULL, NULL);
INSERT INTO t_docobj VALUES (434, 'DO000000000005', 'CD', 'CD001800326021', '2015-06-08 00:00:00', NULL, NULL, NULL, NULL);
INSERT INTO t_docobj VALUES (435, 'DO000000000005', 'CD', 'CD001800329561', '2015-06-08 00:00:00', NULL, NULL, NULL, NULL);
INSERT INTO t_docobj VALUES (436, 'DO000000000005', 'CD', 'CD001800329581', '2015-06-08 00:00:00', NULL, NULL, NULL, NULL);
INSERT INTO t_docobj VALUES (437, 'DO000000000005', 'CD', 'CD001800331341', '2015-06-08 00:00:00', NULL, NULL, NULL, NULL);
INSERT INTO t_docobj VALUES (438, 'DO000000000005', 'CD', 'CD001800331342', '2015-06-08 00:00:00', NULL, NULL, NULL, NULL);
INSERT INTO t_docobj VALUES (439, 'DO000000000005', 'CD', 'CD001800331343', '2015-06-08 00:00:00', NULL, NULL, NULL, NULL);
INSERT INTO t_docobj VALUES (440, 'DO000000000005', 'CD', 'CD001800331344', '2015-06-08 00:00:00', NULL, NULL, NULL, NULL);
INSERT INTO t_docobj VALUES (441, 'DO000000000005', 'CD', 'CD001800335691', '2015-06-08 00:00:00', NULL, NULL, NULL, NULL);
INSERT INTO t_docobj VALUES (442, 'DO000000000005', 'CD', 'CD001800335692', '2015-06-08 00:00:00', NULL, NULL, NULL, NULL);
INSERT INTO t_docobj VALUES (443, 'DO000000000005', 'CD', 'CD001800335693', '2015-06-08 00:00:00', NULL, NULL, NULL, NULL);
INSERT INTO t_docobj VALUES (444, 'DO000000000005', 'CD', 'CD001800335694', '2015-06-08 00:00:00', NULL, NULL, NULL, NULL);
INSERT INTO t_docobj VALUES (445, 'DO000000000005', 'CD', 'CD001800335695', '2015-06-08 00:00:00', NULL, NULL, NULL, NULL);
INSERT INTO t_docobj VALUES (446, 'DO000000000005', 'CD', 'CD001800335701', '2015-06-08 00:00:00', NULL, NULL, NULL, NULL);
INSERT INTO t_docobj VALUES (447, 'DO000000000005', 'CD', 'CD001800335702', '2015-06-08 00:00:00', NULL, NULL, NULL, NULL);
INSERT INTO t_docobj VALUES (448, 'DO000000000005', 'CD', 'CD001800335703', '2015-06-08 00:00:00', NULL, NULL, NULL, NULL);
INSERT INTO t_docobj VALUES (449, 'DO000000000005', 'CD', 'CD001800335704', '2015-06-08 00:00:00', NULL, NULL, NULL, NULL);
INSERT INTO t_docobj VALUES (450, 'DO000000000005', 'CD', 'CD001800335705', '2015-06-08 00:00:00', NULL, NULL, NULL, NULL);
INSERT INTO t_docobj VALUES (451, 'DO000000000005', 'CD', 'CD001800335706', '2015-06-08 00:00:00', NULL, NULL, NULL, NULL);
INSERT INTO t_docobj VALUES (452, 'DO000000000005', 'CD', 'CD001800335707', '2015-06-08 00:00:00', NULL, NULL, NULL, NULL);
INSERT INTO t_docobj VALUES (453, 'DO000000000005', 'CD', 'CD201800331341', '2015-06-08 00:00:00', NULL, NULL, NULL, NULL);
INSERT INTO t_docobj VALUES (454, 'DO000000000005', 'CD', 'CD201800331342', '2015-06-08 00:00:00', NULL, NULL, NULL, NULL);
INSERT INTO t_docobj VALUES (455, 'DO000000000005', 'CD', 'CD201800331343', '2015-06-08 00:00:00', NULL, NULL, NULL, NULL);
INSERT INTO t_docobj VALUES (456, 'DO000000000005', 'CD', 'CD201800331344', '2015-06-08 00:00:00', NULL, NULL, NULL, NULL);
INSERT INTO t_docobj VALUES (457, 'DO000000000006', 'ZD', 'ZD000180030001', '2015-06-08 00:00:00', NULL, NULL, NULL, NULL);
INSERT INTO t_docobj VALUES (458, 'DO000000000006', 'ND', 'ND000180030001', '2015-06-08 00:00:00', NULL, NULL, NULL, NULL);
INSERT INTO t_docobj VALUES (459, 'DO000000000006', 'ND', 'ND000180030064', '2015-06-08 00:00:00', NULL, NULL, NULL, NULL);
INSERT INTO t_docobj VALUES (460, 'DO000000000006', 'ND', 'ND000180030065', '2015-06-08 00:00:00', NULL, NULL, NULL, NULL);
INSERT INTO t_docobj VALUES (461, 'DO000000000006', 'ND', 'ND000180030072', '2015-06-08 00:00:00', NULL, NULL, NULL, NULL);
INSERT INTO t_docobj VALUES (462, 'DO000000000006', 'ND', 'ND000180030091', '2015-06-08 00:00:00', NULL, NULL, NULL, NULL);
INSERT INTO t_docobj VALUES (463, 'DO000000000006', 'ND', 'ND000180030502', '2015-06-08 00:00:00', NULL, NULL, NULL, NULL);
INSERT INTO t_docobj VALUES (464, 'DO000000000006', 'ND', 'ND000180030503', '2015-06-08 00:00:00', NULL, NULL, NULL, NULL);
INSERT INTO t_docobj VALUES (465, 'DO000000000006', 'ND', 'ND000180031091', '2015-06-08 00:00:00', NULL, NULL, NULL, NULL);
INSERT INTO t_docobj VALUES (466, 'DO000000000006', 'ND', 'ND000180031092', '2015-06-08 00:00:00', NULL, NULL, NULL, NULL);
INSERT INTO t_docobj VALUES (467, 'DO000000000006', 'ND', 'ND000180031093', '2015-06-08 00:00:00', NULL, NULL, NULL, NULL);
INSERT INTO t_docobj VALUES (468, 'DO000000000006', 'ND', 'ND000180031094', '2015-06-08 00:00:00', NULL, NULL, NULL, NULL);
INSERT INTO t_docobj VALUES (469, 'DO000000000006', 'ND', 'ND000180031100', '2015-06-08 00:00:00', NULL, NULL, NULL, NULL);
INSERT INTO t_docobj VALUES (470, 'DO000000000006', 'ND', 'ND000180031101', '2015-06-08 00:00:00', NULL, NULL, NULL, NULL);
INSERT INTO t_docobj VALUES (471, 'DO000000000006', 'ND', 'ND000180031227', '2015-06-08 00:00:00', NULL, NULL, NULL, NULL);
INSERT INTO t_docobj VALUES (472, 'DO000000000006', 'ND', 'ND000180031284', '2015-06-08 00:00:00', NULL, NULL, NULL, NULL);
INSERT INTO t_docobj VALUES (473, 'DO000000000006', 'ND', 'ND000180031287', '2015-06-08 00:00:00', NULL, NULL, NULL, NULL);
INSERT INTO t_docobj VALUES (474, 'DO000000000006', 'ND', 'ND000180031292', '2015-06-08 00:00:00', NULL, NULL, NULL, NULL);
INSERT INTO t_docobj VALUES (475, 'DO000000000006', 'ND', 'ND000180031301', '2015-06-08 00:00:00', NULL, NULL, NULL, NULL);
INSERT INTO t_docobj VALUES (476, 'DO000000000006', 'ND', 'ND000180031330', '2015-06-08 00:00:00', NULL, NULL, NULL, NULL);
INSERT INTO t_docobj VALUES (477, 'DO000000000006', 'ND', 'ND000180031350', '2015-06-08 00:00:00', NULL, NULL, NULL, NULL);
INSERT INTO t_docobj VALUES (478, 'DO000000000006', 'ND', 'ND000180031413', '2015-06-08 00:00:00', NULL, NULL, NULL, NULL);
INSERT INTO t_docobj VALUES (479, 'DO000000000006', 'ND', 'ND000180031414', '2015-06-08 00:00:00', NULL, NULL, NULL, NULL);
INSERT INTO t_docobj VALUES (480, 'DO000000000006', 'ND', 'ND000180032722', '2015-06-08 00:00:00', NULL, NULL, NULL, NULL);
INSERT INTO t_docobj VALUES (481, 'DO000000000006', 'ND', 'ND000180032793', '2015-06-08 00:00:00', NULL, NULL, NULL, NULL);
INSERT INTO t_docobj VALUES (482, 'DO000000000006', 'ND', 'ND200180030502', '2015-06-08 00:00:00', NULL, NULL, NULL, NULL);
INSERT INTO t_docobj VALUES (483, 'DO000000000006', 'CB', 'CB000180030001', '2015-06-08 00:00:00', NULL, NULL, NULL, NULL);
INSERT INTO t_docobj VALUES (484, 'DO000000000006', 'CB', 'CB000180030003', '2015-06-08 00:00:00', NULL, NULL, NULL, NULL);
INSERT INTO t_docobj VALUES (485, 'DO000000000006', 'CB', 'CB000180030007', '2015-06-08 00:00:00', NULL, NULL, NULL, NULL);
INSERT INTO t_docobj VALUES (486, 'DO000000000006', 'CB', 'CB000180030329', '2015-06-08 00:00:00', NULL, NULL, NULL, NULL);
INSERT INTO t_docobj VALUES (487, 'DO000000000006', 'CB', 'CB000180030341', '2015-06-08 00:00:00', NULL, NULL, NULL, NULL);
INSERT INTO t_docobj VALUES (488, 'DO000000000006', 'CB', 'CB000180030739', '2015-06-08 00:00:00', NULL, NULL, NULL, NULL);
INSERT INTO t_docobj VALUES (489, 'DO000000000006', 'CB', 'CB000180030916', '2015-06-08 00:00:00', NULL, NULL, NULL, NULL);
INSERT INTO t_docobj VALUES (490, 'DO000000000006', 'CB', 'CB000180030975', '2015-06-08 00:00:00', NULL, NULL, NULL, NULL);
INSERT INTO t_docobj VALUES (491, 'DO000000000006', 'CB', 'CB000180034416', '2015-06-08 00:00:00', NULL, NULL, NULL, NULL);
INSERT INTO t_docobj VALUES (492, 'DO000000000006', 'CB', 'CB000180034417', '2015-06-08 00:00:00', NULL, NULL, NULL, NULL);
INSERT INTO t_docobj VALUES (493, 'DO000000000006', 'CB', 'CB000180034418', '2015-06-08 00:00:00', NULL, NULL, NULL, NULL);
INSERT INTO t_docobj VALUES (494, 'DO000000000006', 'CB', 'CB000180034419', '2015-06-08 00:00:00', NULL, NULL, NULL, NULL);
INSERT INTO t_docobj VALUES (495, 'DO000000000006', 'CB', 'CB000180034420', '2015-06-08 00:00:00', NULL, NULL, NULL, NULL);
INSERT INTO t_docobj VALUES (496, 'DO000000000006', 'CB', 'CB000180034421', '2015-06-08 00:00:00', NULL, NULL, NULL, NULL);
INSERT INTO t_docobj VALUES (497, 'DO000000000006', 'CB', 'CB000180034422', '2015-06-08 00:00:00', NULL, NULL, NULL, NULL);
INSERT INTO t_docobj VALUES (498, 'DO000000000006', 'CB', 'CB000180034601', '2015-06-08 00:00:00', NULL, NULL, NULL, NULL);
INSERT INTO t_docobj VALUES (499, 'DO000000000006', 'CB', 'CB000180034602', '2015-06-08 00:00:00', NULL, NULL, NULL, NULL);
INSERT INTO t_docobj VALUES (500, 'DO000000000006', 'CB', 'CB000180034603', '2015-06-08 00:00:00', NULL, NULL, NULL, NULL);
INSERT INTO t_docobj VALUES (501, 'DO000000000006', 'CB', 'CB000180034604', '2015-06-08 00:00:00', NULL, NULL, NULL, NULL);
INSERT INTO t_docobj VALUES (502, 'DO000000000006', 'CB', 'CB000180034605', '2015-06-08 00:00:00', NULL, NULL, NULL, NULL);
INSERT INTO t_docobj VALUES (503, 'DO000000000006', 'CB', 'CB000180034606', '2015-06-08 00:00:00', NULL, NULL, NULL, NULL);
INSERT INTO t_docobj VALUES (504, 'DO000000000006', 'CB', 'CB000180034607', '2015-06-08 00:00:00', NULL, NULL, NULL, NULL);
INSERT INTO t_docobj VALUES (505, 'DO000000000006', 'ZP', 'ZP000180030675', '2015-06-08 00:00:00', NULL, NULL, NULL, NULL);
INSERT INTO t_docobj VALUES (506, 'DO000000000006', 'ZP', 'ZP000180030676', '2015-06-08 00:00:00', NULL, NULL, NULL, NULL);
INSERT INTO t_docobj VALUES (507, 'DO000000000006', 'ZP', 'ZP000180030698', '2015-06-08 00:00:00', NULL, NULL, NULL, NULL);
INSERT INTO t_docobj VALUES (508, 'DO000000000006', 'CM', 'CM000180032598', '2015-06-08 00:00:00', NULL, NULL, NULL, NULL);
INSERT INTO t_docobj VALUES (509, 'DO000000000006', 'CM', 'CM000180032599', '2015-06-08 00:00:00', NULL, NULL, NULL, NULL);
INSERT INTO t_docobj VALUES (510, 'DO000000000006', 'CM', 'CM000180032602', '2015-06-08 00:00:00', NULL, NULL, NULL, NULL);
INSERT INTO t_docobj VALUES (511, 'DO000000000006', 'CM', 'CM000180032956', '2015-06-08 00:00:00', NULL, NULL, NULL, NULL);
INSERT INTO t_docobj VALUES (512, 'DO000000000006', 'CM', 'CM000180032958', '2015-06-08 00:00:00', NULL, NULL, NULL, NULL);
INSERT INTO t_docobj VALUES (513, 'DO000000000006', 'CM', 'CM000180033134', '2015-06-08 00:00:00', NULL, NULL, NULL, NULL);
INSERT INTO t_docobj VALUES (514, 'DO000000000006', 'CM', 'CM000180033569', '2015-06-08 00:00:00', NULL, NULL, NULL, NULL);
INSERT INTO t_docobj VALUES (515, 'DO000000000006', 'CM', 'CM000180033570', '2015-06-08 00:00:00', NULL, NULL, NULL, NULL);
INSERT INTO t_docobj VALUES (516, 'DO000000000006', 'CM', 'CM100180031521', '2015-06-08 00:00:00', NULL, NULL, NULL, NULL);
INSERT INTO t_docobj VALUES (517, 'DO000000000006', 'CM', 'CM200180032598', '2015-06-08 00:00:00', NULL, NULL, NULL, NULL);
INSERT INTO t_docobj VALUES (518, 'DO000000000006', 'CM', 'CM200180033134', '2015-06-08 00:00:00', NULL, NULL, NULL, NULL);
INSERT INTO t_docobj VALUES (519, 'DO000000000006', 'CM', 'CM900180034416', '2015-06-08 00:00:00', NULL, NULL, NULL, NULL);
INSERT INTO t_docobj VALUES (520, 'DO000000000006', 'CM', 'CM900180034417', '2015-06-08 00:00:00', NULL, NULL, NULL, NULL);
INSERT INTO t_docobj VALUES (521, 'DO000000000006', 'CM', 'CM900180034418', '2015-06-08 00:00:00', NULL, NULL, NULL, NULL);
INSERT INTO t_docobj VALUES (522, 'DO000000000006', 'CM', 'CM900180034419', '2015-06-08 00:00:00', NULL, NULL, NULL, NULL);
INSERT INTO t_docobj VALUES (523, 'DO000000000006', 'CM', 'CM900180034420', '2015-06-08 00:00:00', NULL, NULL, NULL, NULL);
INSERT INTO t_docobj VALUES (524, 'DO000000000006', 'CM', 'CM900180034421', '2015-06-08 00:00:00', NULL, NULL, NULL, NULL);
INSERT INTO t_docobj VALUES (525, 'DO000000000006', 'CM', 'CM900180034422', '2015-06-08 00:00:00', NULL, NULL, NULL, NULL);
INSERT INTO t_docobj VALUES (526, 'DO000000000006', 'CM', 'CM900180034601', '2015-06-08 00:00:00', NULL, NULL, NULL, NULL);
INSERT INTO t_docobj VALUES (527, 'DO000000000006', 'CM', 'CM900180034602', '2015-06-08 00:00:00', NULL, NULL, NULL, NULL);
INSERT INTO t_docobj VALUES (528, 'DO000000000006', 'CM', 'CM900180034603', '2015-06-08 00:00:00', NULL, NULL, NULL, NULL);
INSERT INTO t_docobj VALUES (529, 'DO000000000006', 'CM', 'CM900180034604', '2015-06-08 00:00:00', NULL, NULL, NULL, NULL);
INSERT INTO t_docobj VALUES (530, 'DO000000000006', 'CM', 'CM900180034605', '2015-06-08 00:00:00', NULL, NULL, NULL, NULL);
INSERT INTO t_docobj VALUES (531, 'DO000000000006', 'CM', 'CM900180034606', '2015-06-08 00:00:00', NULL, NULL, NULL, NULL);
INSERT INTO t_docobj VALUES (532, 'DO000000000006', 'CM', 'CM900180034607', '2015-06-08 00:00:00', NULL, NULL, NULL, NULL);
INSERT INTO t_docobj VALUES (533, 'DO000000000006', 'CD', 'CD001800325981', '2015-06-08 00:00:00', NULL, NULL, NULL, NULL);
INSERT INTO t_docobj VALUES (534, 'DO000000000006', 'CD', 'CD001800325991', '2015-06-08 00:00:00', NULL, NULL, NULL, NULL);
INSERT INTO t_docobj VALUES (535, 'DO000000000006', 'CD', 'CD001800326021', '2015-06-08 00:00:00', NULL, NULL, NULL, NULL);
INSERT INTO t_docobj VALUES (536, 'DO000000000006', 'CD', 'CD001800329561', '2015-06-08 00:00:00', NULL, NULL, NULL, NULL);
INSERT INTO t_docobj VALUES (537, 'DO000000000006', 'CD', 'CD001800329581', '2015-06-08 00:00:00', NULL, NULL, NULL, NULL);
INSERT INTO t_docobj VALUES (538, 'DO000000000006', 'CD', 'CD001800331341', '2015-06-08 00:00:00', NULL, NULL, NULL, NULL);
INSERT INTO t_docobj VALUES (539, 'DO000000000006', 'CD', 'CD001800331342', '2015-06-08 00:00:00', NULL, NULL, NULL, NULL);
INSERT INTO t_docobj VALUES (540, 'DO000000000006', 'CD', 'CD001800331343', '2015-06-08 00:00:00', NULL, NULL, NULL, NULL);
INSERT INTO t_docobj VALUES (541, 'DO000000000006', 'CD', 'CD001800331344', '2015-06-08 00:00:00', NULL, NULL, NULL, NULL);
INSERT INTO t_docobj VALUES (542, 'DO000000000006', 'CD', 'CD001800335691', '2015-06-08 00:00:00', NULL, NULL, NULL, NULL);
INSERT INTO t_docobj VALUES (543, 'DO000000000006', 'CD', 'CD001800335692', '2015-06-08 00:00:00', NULL, NULL, NULL, NULL);
INSERT INTO t_docobj VALUES (544, 'DO000000000006', 'CD', 'CD001800335693', '2015-06-08 00:00:00', NULL, NULL, NULL, NULL);
INSERT INTO t_docobj VALUES (545, 'DO000000000006', 'CD', 'CD001800335694', '2015-06-08 00:00:00', NULL, NULL, NULL, NULL);
INSERT INTO t_docobj VALUES (546, 'DO000000000006', 'CD', 'CD001800335695', '2015-06-08 00:00:00', NULL, NULL, NULL, NULL);
INSERT INTO t_docobj VALUES (547, 'DO000000000006', 'CD', 'CD001800335701', '2015-06-08 00:00:00', NULL, NULL, NULL, NULL);
INSERT INTO t_docobj VALUES (548, 'DO000000000006', 'CD', 'CD001800335702', '2015-06-08 00:00:00', NULL, NULL, NULL, NULL);
INSERT INTO t_docobj VALUES (549, 'DO000000000006', 'CD', 'CD001800335703', '2015-06-08 00:00:00', NULL, NULL, NULL, NULL);
INSERT INTO t_docobj VALUES (550, 'DO000000000006', 'CD', 'CD001800335704', '2015-06-08 00:00:00', NULL, NULL, NULL, NULL);
INSERT INTO t_docobj VALUES (551, 'DO000000000006', 'CD', 'CD001800335705', '2015-06-08 00:00:00', NULL, NULL, NULL, NULL);
INSERT INTO t_docobj VALUES (552, 'DO000000000006', 'CD', 'CD001800335706', '2015-06-08 00:00:00', NULL, NULL, NULL, NULL);
INSERT INTO t_docobj VALUES (553, 'DO000000000006', 'CD', 'CD001800335707', '2015-06-08 00:00:00', NULL, NULL, NULL, NULL);
INSERT INTO t_docobj VALUES (554, 'DO000000000006', 'CD', 'CD201800331341', '2015-06-08 00:00:00', NULL, NULL, NULL, NULL);
INSERT INTO t_docobj VALUES (555, 'DO000000000006', 'CD', 'CD201800331342', '2015-06-08 00:00:00', NULL, NULL, NULL, NULL);
INSERT INTO t_docobj VALUES (556, 'DO000000000006', 'CD', 'CD201800331343', '2015-06-08 00:00:00', NULL, NULL, NULL, NULL);
INSERT INTO t_docobj VALUES (557, 'DO000000000006', 'CD', 'CD201800331344', '2015-06-08 00:00:00', NULL, NULL, NULL, NULL);


--
-- TOC entry 4042 (class 0 OID 157805)
-- Dependencies: 263
-- Data for Name: t_document; Type: TABLE DATA; Schema: gracethd; Owner: -
--

INSERT INTO t_document VALUES ('DO000000000001', 'REC-PGC-R4DSPEA001B001C001-01-V1', NULL, NULL, NULL, NULL, NULL, 'PGC', 'V1', '2015-05-26', 'A', '\DSPE\INFRA\A001\B001\C001\REC-PGC-R4DSPEA001B001C001-01-V1.dwg', '\DSPE\INFRA\A001\B001\C001\REC-PGC-R4DSPEA001B001C001-01-V1.pdf', NULL, '2015-05-27 00:00:00', '2015-06-08 00:00:00', NULL, NULL, NULL);
INSERT INTO t_document VALUES ('DO000000000002', 'REC-PGC-R4DSPEA001B001C001-02-V1', NULL, NULL, NULL, NULL, NULL, 'PGC', 'V1', '2015-05-26', 'A', '\DSPE\INFRA\A001\B001\C001\REC-PGC-R4DSPEA001B001C001-02-V1.dwg', '\DSPE\INFRA\A001\B001\C001\REC-PGC-R4DSPEA001B001C001-02-V1.pdf', NULL, '2015-05-27 00:00:00', '2015-06-08 00:00:00', NULL, NULL, NULL);
INSERT INTO t_document VALUES ('DO000000000003', 'REC-SGC-R4DSPEA001B001C001-01-V1', NULL, NULL, NULL, NULL, NULL, 'SGC', 'V1', '2015-05-26', 'A', '\DSPE\INFRA\A001\B001\C001\REC-SGC-R4DSPEA001B001C001-01-V1.dwg', '\DSPE\INFRA\A001\B001\C001\REC-SGC-R4DSPEA001B001C001-01-V1.pdf', NULL, '2015-05-27 00:00:00', '2015-06-08 00:00:00', NULL, NULL, NULL);
INSERT INTO t_document VALUES ('DO000000000004', 'REC-DIG-R1DSPE-01-V1', NULL, NULL, NULL, NULL, NULL, 'DIG', 'V1', '2015-05-26', NULL, '\DSPE\GENERAL\DIG\REC-DIG-R1DSPE-01-V1.odt', '\DSPE\GENERAL\DIG\REC-DIG-R1DSPE-01-V1.pdf', NULL, '2015-05-27 00:00:00', '2015-06-08 00:00:00', NULL, NULL, NULL);
INSERT INTO t_document VALUES ('DO000000000005', 'REC-ETU-R4DSPEA001B001-01-V1', NULL, NULL, NULL, NULL, NULL, 'ETU', 'V1', '2015-05-26', NULL, NULL, '\DSPE\GENERAL\ETU\REC-ETU-R3DSPEA001B001-01-V1.pdf', NULL, '2015-05-27 00:00:00', '2015-06-08 00:00:00', NULL, NULL, NULL);
INSERT INTO t_document VALUES ('DO000000000006', 'EXE-ETU-R4DSPEA001B001-01-V1', NULL, NULL, NULL, NULL, NULL, 'ETU', 'V1', '2015-05-26', NULL, NULL, '\DSPE\GENERAL\ETU\EXE-ETU-R3DSPEA001B001-01-V1.pdf', NULL, '2015-05-27 00:00:00', '2015-06-08 00:00:00', NULL, NULL, NULL);
INSERT INTO t_document VALUES ('DO000000000007', 'REC-PSI-ZN000180030001-01-V1', NULL, NULL, NULL, NULL, NULL, 'PSI', 'V1', '2015-05-26', NULL, NULL, '\DSPE\INFRA\A001\REC-PSI-ZN000180030001-01-V1.pdf', NULL, '2015-05-27 00:00:00', '2015-06-08 00:00:00', NULL, NULL, NULL);
INSERT INTO t_document VALUES ('DO000000000008', 'REC-PPH-R2DSPEA001-01-V1', NULL, NULL, NULL, NULL, NULL, 'PPH', 'V1', '2015-05-26', NULL, NULL, '\DSPE\GENERAL\PPH\REC-PPH-R2DSPEA001-01-V1.pdf', NULL, '2015-05-27 00:00:00', '2015-06-08 00:00:00', NULL, NULL, NULL);
INSERT INTO t_document VALUES ('DO000000000009', 'REC-PCB-ZS000000000007-01-V1', NULL, NULL, NULL, NULL, NULL, 'PCB', 'V1', '2015-05-26', NULL, NULL, '\DSPE\INFRA\A001\REC-PCB-ZS000000000007-01-V1.pdf', NULL, '2015-05-27 00:00:00', '2015-06-08 00:00:00', NULL, NULL, NULL);
INSERT INTO t_document VALUES ('DO000000000010', 'EXE-PMQ-PT000180030064-01-V1', 'FOA 18003-255', NULL, NULL, NULL, NULL, 'PMQ', 'V1', '2015-05-26', NULL, '\DSPE\INFRA\A001\B001\C002\EXE-PMQ-PT000180030064-01-V1.xls', '\DSPE\INFRA\A001\B001\C002\EXE-PMQ-PT000180030064-01-V1.pdf', NULL, '2015-05-27 00:00:00', '2015-06-08 00:00:00', NULL, NULL, NULL);
INSERT INTO t_document VALUES ('DO000000000011', 'EXE-PMQ-PT000180030065-01-V1', 'FOA 18003-256', NULL, NULL, NULL, NULL, 'PMQ', 'V1', '2015-05-26', NULL, '\DSPE\INFRA\A001\B001\C002\EXE-PMQ-PT000180030065-01-V1.xls', '\DSPE\INFRA\A001\B001\C002\EXE-PMQ-PT000180030065-01-V1.pdf', NULL, '2015-05-27 00:00:00', '2015-06-08 00:00:00', NULL, NULL, NULL);
INSERT INTO t_document VALUES ('DO000000000012', 'EXE-PMQ-PT000180030072-01-V1', 'FOA 18003-300', NULL, NULL, NULL, NULL, 'PMQ', 'V1', '2015-05-26', NULL, '\DSPE\INFRA\A001\B001\C002\EXE-PMQ-PT000180030072-01-V1.xls', '\DSPE\INFRA\A001\B001\C002\EXE-PMQ-PT000180030072-01-V1.pdf', NULL, '2015-05-27 00:00:00', '2015-06-08 00:00:00', NULL, NULL, NULL);
INSERT INTO t_document VALUES ('DO000000000013', 'EXE-PMQ-PT000180030091-01-V1', 'FOA 18003-309', NULL, NULL, NULL, NULL, 'PMQ', 'V1', '2015-05-26', NULL, '\DSPE\INFRA\A001\B001\C002\EXE-PMQ-PT000180030091-01-V1.ods', '\DSPE\INFRA\A001\B001\C002\EXE-PMQ-PT000180030091-01-V1.pdf', NULL, '2015-05-27 00:00:00', '2015-06-08 00:00:00', NULL, NULL, NULL);
INSERT INTO t_document VALUES ('DO000000000014', 'EXE-DPO-PT000180031350-01-V1', 'POT 1', NULL, NULL, NULL, NULL, 'DPO', 'V1', '2015-05-26', NULL, '\DSPE\INFRA\A001\B001\C003\EXE-DPO-PT000180031350-01-V1.zip', NULL, NULL, '2015-05-27 00:00:00', '2015-06-08 00:00:00', NULL, NULL, NULL);
INSERT INTO t_document VALUES ('DO000000000015', 'REC-DLV-R4DSPEA001B001C001-01-V1', NULL, NULL, NULL, NULL, NULL, 'DLV', 'V1', '2015-05-26', 'A', '\DSPE\INFRA\A001\B001\C001\REC-DLV-R4DSPEA001B001C001-01-V1.zip', NULL, NULL, '2015-05-27 00:00:00', '2015-06-08 00:00:00', NULL, NULL, NULL);
INSERT INTO t_document VALUES ('DO000000000016', 'DIA-DPI-R4DSPEA001B001C002-01-V1', 'DOSSIER PIQUETAGE FT', NULL, NULL, NULL, NULL, 'DPI', 'V1', '2015-05-26', NULL, '\DSPE\INFRA\A001\B001\C002\DIA-DPI-R4DSPEA001B001C002-01-V1.zip', NULL, NULL, '2015-05-27 00:00:00', '2015-06-08 00:00:00', NULL, NULL, NULL);
INSERT INTO t_document VALUES ('DO000000000017', 'DIA-DPI-R4DSPEA001B001C003-01-V1', 'DOSSIER PIQUETAGE ERDF', NULL, NULL, NULL, NULL, 'DPI', 'V1', '2015-05-26', NULL, '\DSPE\INFRA\A001\B001\C003\DIA-DPI-R4DSPEA001B001C003-01-V1.zip', NULL, NULL, '2015-05-27 00:00:00', '2015-06-08 00:00:00', NULL, NULL, NULL);
INSERT INTO t_document VALUES ('DO000000000018', 'DIA-DPI-R4DSPEA001B001C004-01-V1', 'DOSSIER PIQUETAGE FACADE', NULL, NULL, NULL, NULL, 'DPI', 'V1', '2015-05-26', NULL, '\DSPE\INFRA\A001\B001\C004\DIA-DPI-R4DSPEA001B001C004-01-V1.zip', NULL, NULL, '2015-05-27 00:00:00', '2015-06-08 00:00:00', NULL, NULL, NULL);
INSERT INTO t_document VALUES ('DO000000000019', 'AVP-DBL-ZD000180030001-01-V3', NULL, NULL, NULL, NULL, NULL, 'DBL', 'V3', '2015-05-26', NULL, '\DSPE\SITES\DBL\AVP-DBL-ZD000180030001-01-V3.zip', NULL, NULL, '2015-05-27 00:00:00', '2015-06-08 00:00:00', NULL, NULL, NULL);
INSERT INTO t_document VALUES ('DO000000000020', 'EXE-DTT-R4DSPEA001B001C001-01-V1', NULL, NULL, NULL, NULL, NULL, 'DTT', 'V1', '2015-05-26', NULL, '\DSPE\INFRA\A001\B001\C001\EXE-DTT-R4DSPEA001B001C001-01-V1.zip', NULL, NULL, '2015-05-27 00:00:00', '2015-06-08 00:00:00', NULL, NULL, NULL);
INSERT INTO t_document VALUES ('DO000000000021', 'EXE-DAM-R4DSPEA001B001C001-01-V1', NULL, NULL, NULL, NULL, NULL, 'DAM', 'V1', '2015-05-26', NULL, '\DSPE\INFRA\A001\B001\C001\EXE-DAM-R4DSPEA001B001C001-01-V1.zip', NULL, NULL, '2015-05-27 00:00:00', '2015-06-08 00:00:00', NULL, NULL, NULL);
INSERT INTO t_document VALUES ('DO000000000022', 'AVP-CIN-OR900000000000-01-V1', NULL, NULL, NULL, NULL, NULL, 'CIN', 'V1', '2015-05-26', NULL, NULL, '\DSPE\GENERAL\CIN\AVP-CIN-OR900000000000-01-V1.pdf', NULL, '2015-05-27 00:00:00', '2015-06-08 00:00:00', NULL, NULL, NULL);
INSERT INTO t_document VALUES ('DO000000000023', 'AVP-CIN-OR900000000003-01-V1', NULL, NULL, NULL, NULL, NULL, 'CIN', 'V1', '2015-05-26', NULL, NULL, '\DSPE\GENERAL\CIN\AVP-CIN-OR900000000003-01-V1.pdf', NULL, '2015-05-27 00:00:00', '2015-06-08 00:00:00', NULL, NULL, NULL);
INSERT INTO t_document VALUES ('DO000000000024', 'REC-DCI-R4DSPEA001B001C002-01-V1', 'COMMANDE FT 18003-1', NULL, NULL, NULL, NULL, 'DCI', 'V1', '2015-05-26', NULL, '\DSPE\INFRA\A001\B001\C002\REC-DCI-R4DSPEA001B001C002-01-V1.zip', NULL, NULL, '2015-05-27 00:00:00', '2015-06-08 00:00:00', NULL, NULL, NULL);
INSERT INTO t_document VALUES ('DO000000000025', 'REC-DCI-R4DSPEA001B001C003-01-V2', 'COMMANDE ERDF 18003-1', NULL, NULL, NULL, NULL, 'DCI', 'V2', '2015-05-26', NULL, '\DSPE\INFRA\A001\B001\C003\REC-DCI-R4DSPEA001B001C003-01-V1.zip', NULL, NULL, '2015-05-27 00:00:00', '2015-06-08 00:00:00', NULL, NULL, NULL);
INSERT INTO t_document VALUES ('DO000000000026', 'REC-DCI-R4DSPEA001B001C004-01-V1', 'COMMANDE FACADE 18003-1', NULL, NULL, NULL, NULL, 'DCI', 'V1', '2015-05-26', NULL, '\DSPE\INFRA\A001\B001\C004\REC-DCI-R4DSPEA001B001C004-01-V1.zip', NULL, NULL, '2015-05-27 00:00:00', '2015-06-08 00:00:00', NULL, NULL, NULL);
INSERT INTO t_document VALUES ('DO000000000027', 'EXE-CPV-R4DSPEA001B001C001-01-V1', NULL, NULL, NULL, NULL, NULL, 'CPV', 'V1', '2015-05-26', NULL, NULL, '\DSPE\INFRA\A001\B001\C001\EXE-CPV-R4DSPEA001B001C001-01-V1.pdf', NULL, '2015-05-27 00:00:00', '2015-06-08 00:00:00', NULL, NULL, NULL);
INSERT INTO t_document VALUES ('DO000000000028', 'REC-DCS-ND000018003001-01-V1', NULL, NULL, NULL, NULL, NULL, 'DCS', 'V1', '2015-05-26', NULL, '\DSPE\SITES\A002\REC-DCS-ND000018003001-01-V1.zip', NULL, NULL, '2015-05-27 00:00:00', '2015-06-08 00:00:00', NULL, NULL, NULL);
INSERT INTO t_document VALUES ('DO000000000029', 'REC-DRS-ND000180031330-01-V1', NULL, NULL, NULL, NULL, NULL, 'DRS', 'V1', '2015-05-26', NULL, '\DSPE\SITES\A001\B001\C004\REC-DRS-ND000180031330-01-V1.zip', NULL, NULL, '2015-05-27 00:00:00', '2015-06-08 00:00:00', NULL, NULL, NULL);
INSERT INTO t_document VALUES ('DO000000000030', 'REC-DIP-ND200180030502-01-V1', NULL, NULL, NULL, NULL, NULL, 'DIP', 'V1', '2015-05-26', NULL, '\DSPE\SITES\A002\REC-DIP-ND200180030502-01-V1.zip', NULL, NULL, '2015-05-27 00:00:00', '2015-06-08 00:00:00', NULL, NULL, NULL);
INSERT INTO t_document VALUES ('DO000000000031', 'REC-SOP-ND200180030502-01-V1', NULL, NULL, NULL, NULL, NULL, 'SOP', 'V1', '2015-05-26', NULL, '\DSPE\OPTIQUE\A001\REC-SOP-ND200180030502-01-V1.dwg', NULL, NULL, '2015-05-27 00:00:00', '2015-06-08 00:00:00', NULL, NULL, NULL);
INSERT INTO t_document VALUES ('DO000000000032', 'EXE-SBP-BP000180030675-01-V1', NULL, NULL, NULL, NULL, NULL, 'SBP', 'V1', '2015-05-26', NULL, '\DSPE\OPTIQUE\A001\B001\EXE-SBP-BP000180030675-01-V1.dwg', NULL, NULL, '2015-05-27 00:00:00', '2015-06-08 00:00:00', NULL, NULL, NULL);
INSERT INTO t_document VALUES ('DO000000000033', 'EXE-SBP-BP000180030091-01-V1', NULL, NULL, NULL, NULL, NULL, 'SBP', 'V1', '2015-05-26', NULL, '\DSPE\OPTIQUE\A001\B001\EXE-SBP-BP000180030091-01-V1.dwg', NULL, NULL, '2015-05-27 00:00:00', '2015-06-08 00:00:00', NULL, NULL, NULL);
INSERT INTO t_document VALUES ('DO000000000034', 'EXE-SRA-BA000180030508-01-V1', NULL, NULL, NULL, NULL, NULL, 'SRA', 'V1', '2015-05-26', NULL, '\DSPE\OPTIQUE\A001\B001\EXE-SRA-BA000180030508-01-V1.dwg', NULL, NULL, '2015-05-27 00:00:00', '2015-06-08 00:00:00', NULL, NULL, NULL);
INSERT INTO t_document VALUES ('DO000000000035', 'EXE-KEQ-RF000000000001-01-V1', NULL, NULL, NULL, NULL, NULL, 'KEQ', 'V1', '2015-05-26', NULL, NULL, '\DSPE\GENERAL\KEQ\EXE-KEQ-RF000000000001-01-V1.pdf', NULL, '2015-05-27 00:00:00', '2015-06-08 00:00:00', NULL, NULL, NULL);
INSERT INTO t_document VALUES ('DO000000000036', 'EXE-CIM-ND000180031330-01-V1', NULL, NULL, NULL, NULL, NULL, 'CIM', 'V1', '2015-05-26', NULL, NULL, '\DSPE\SITES\A001\B001\C004\EXE-CIM-ND000180031330-01-V1.pdf', NULL, '2015-05-27 00:00:00', '2015-06-08 00:00:00', NULL, NULL, NULL);
INSERT INTO t_document VALUES ('DO000000000037', 'REC-MRF-RT000000000006-01-V1', NULL, NULL, NULL, NULL, NULL, 'MRF', 'V1', '2015-05-26', NULL, '\DSPE\OPTIQUE\A001\B001\REC-MRF-RT000000000006-01-V1.zip', NULL, NULL, '2015-05-27 00:00:00', '2015-06-08 00:00:00', NULL, NULL, NULL);
INSERT INTO t_document VALUES ('DO000000000038', 'REC-MFX-R4DSPEA001B001C001-01-V1', NULL, NULL, NULL, NULL, NULL, 'MFX', 'V1', '2015-05-26', NULL, '\DSPE\INFRA\A001\B001\C001\REC-MFX-R4DSPEA001B001C001-01-V1.zip', NULL, NULL, '2015-05-27 00:00:00', '2015-06-08 00:00:00', NULL, NULL, NULL);
INSERT INTO t_document VALUES ('DO000000000039', 'REC-MFX-R4DSPEA001B001C002-01-V1', NULL, NULL, NULL, NULL, NULL, 'MFX', 'V1', '2015-05-26', NULL, '\DSPE\INFRA\A001\B001\C002\REC-MFX-R4DSPEA001B001C002-01-V1.zip', NULL, NULL, '2015-05-27 00:00:00', '2015-06-08 00:00:00', NULL, NULL, NULL);
INSERT INTO t_document VALUES ('DO000000000040', 'REC-RGC-R4DSPEA001B001C001-01-V1', NULL, NULL, NULL, NULL, NULL, 'RGC', 'V1', '2015-05-26', NULL, NULL, '\DSPE\INFRA\A001\B001\C001\REC-RGC-R4DSPEA001B001C001-01-V1.pdf', NULL, '2015-05-27 00:00:00', '2015-06-08 00:00:00', NULL, NULL, NULL);
INSERT INTO t_document VALUES ('DO000000000041', 'REC-RVR-R4DSPEA001B001C001-01-V3', NULL, NULL, NULL, NULL, NULL, 'RVR', 'V3', '2015-05-26', NULL, NULL, '\DSPE\INFRA\A001\B001\C001\REC-RVR-R4DSPEA001B001C001-01-V3.pdf', NULL, '2015-05-27 00:00:00', '2015-06-08 00:00:00', NULL, NULL, NULL);
INSERT INTO t_document VALUES ('DO000000000042', 'REC-DLG-R2DSPELA00-01-V2', NULL, NULL, NULL, NULL, NULL, 'DLG', 'V2', '2015-05-26', NULL, '\DSPE\GENERAL\DLG\REC-DLG-R2DSPEA001-01-V2.zip', NULL, NULL, '2015-05-27 00:00:00', '2015-06-08 00:00:00', NULL, NULL, NULL);


--
-- TOC entry 4028 (class 0 OID 157229)
-- Dependencies: 249
-- Data for Name: t_ebp; Type: TABLE DATA; Schema: gracethd; Owner: -
--

INSERT INTO t_ebp VALUES ('BP000180030091', 'BP000180030091', NULL, 'PT000180030091', NULL, NULL, 'OR900000000002', 'OR900000000002', 'OR900000000002', 'CST', 'AVP', 'OK', '1.1', NULL, NULL, 'AUTR', 'BPE', 'RF000000000013', 2, NULL, NULL, NULL, NULL, NULL, NULL, NULL, '2015-05-28 00:00:00', '2015-06-04 00:00:00', NULL, NULL, NULL);
INSERT INTO t_ebp VALUES ('BP000180030675', 'BP000180030675', NULL, 'PT000180032722', NULL, NULL, 'OR900000000002', 'OR900000000002', 'OR900000000002', 'CST', 'AVP', 'OK', '1.1', NULL, NULL, 'B012', 'PBO', 'RF000000000018', 3, NULL, 1, NULL, NULL, NULL, NULL, NULL, '2015-05-28 00:00:00', '2015-06-01 00:00:00', NULL, NULL, NULL);
INSERT INTO t_ebp VALUES ('BP000180030676', 'BP000180030676', NULL, 'PT000180030064', NULL, NULL, 'OR900000000002', 'OR900000000002', 'OR900000000002', 'CST', 'AVP', 'OK', '1.1', NULL, NULL, 'B024', 'PBO', 'RF000000000019', 6, NULL, 2, NULL, NULL, NULL, NULL, NULL, '2015-05-28 00:00:00', '2015-06-01 00:00:00', NULL, NULL, NULL);
INSERT INTO t_ebp VALUES ('BP000180030705', 'BP000180030705', NULL, 'PT000180031350', NULL, NULL, 'OR900000000002', 'OR900000000002', 'OR900000000002', 'CST', 'AVP', 'OK', '1.1', NULL, NULL, 'B024', 'PBO', 'RF000000000019', 8, NULL, NULL, NULL, NULL, NULL, NULL, NULL, '2015-05-28 00:00:00', '2015-06-01 00:00:00', NULL, NULL, NULL);
INSERT INTO t_ebp VALUES ('BP000180030714', 'BP000180030714', NULL, 'PT000180030502', NULL, NULL, 'OR900000000002', 'OR900000000002', 'OR900000000002', 'CST', 'AVP', 'OK', '1.1', NULL, NULL, 'AUTR', 'BPE', 'RF000000000013', 5, NULL, NULL, NULL, NULL, NULL, NULL, NULL, '2015-06-03 00:00:00', NULL, NULL, NULL, NULL);
INSERT INTO t_ebp VALUES ('BP000180030976', 'BP000180030976', NULL, 'PT000180030072', NULL, NULL, 'OR900000000002', 'OR900000000002', 'OR900000000002', 'CST', 'AVP', 'OK', '1.1', NULL, NULL, 'B048', 'BPE', 'RF000000000001', 3, NULL, 4, NULL, NULL, NULL, NULL, NULL, '2015-05-28 00:00:00', '2015-06-02 00:00:00', NULL, NULL, NULL);
INSERT INTO t_ebp VALUES ('BP000180031091', 'BP000180031091', NULL, NULL, NULL, 'SF000180031091', 'OR900000000002', 'OR900000000002', 'OR900000000002', 'CST', 'AVP', 'OK', '1.1', NULL, NULL, 'AUTR', 'PTO', 'RF000000000020', 1, NULL, NULL, NULL, 'CODE1', 'OPERATEUR COMMERCIAL X', NULL, NULL, '2015-06-02 00:00:00', '2015-06-02 00:00:00', NULL, NULL, NULL);
INSERT INTO t_ebp VALUES ('BP000180031092', 'BP000180031092', NULL, NULL, NULL, 'SF000180031092', 'OR900000000002', 'OR900000000002', 'OR900000000002', 'CST', 'AVP', 'OK', '1.1', NULL, NULL, 'AUTR', 'PTO', 'RF000000000020', 1, NULL, NULL, NULL, 'CODE2', 'OPERATEUR COMMERCIAL X', NULL, NULL, '2015-06-02 00:00:00', '2015-06-02 00:00:00', NULL, NULL, NULL);
INSERT INTO t_ebp VALUES ('BP000180031093', 'BP000180031093', NULL, NULL, NULL, 'SF000180031093', 'OR900000000002', 'OR900000000002', 'OR900000000002', 'CST', 'AVP', 'OK', '1.1', NULL, NULL, 'AUTR', 'PTO', 'RF000000000020', 1, NULL, NULL, NULL, 'CODE3', 'OPERATEUR COMMERCIAL X', NULL, NULL, '2015-06-02 00:00:00', '2015-06-02 00:00:00', NULL, NULL, NULL);
INSERT INTO t_ebp VALUES ('BP000180031094', 'BP000180031094', NULL, NULL, NULL, 'SF000180031094', 'OR900000000002', 'OR900000000002', 'OR900000000002', 'CST', 'AVP', 'OK', '1.1', NULL, NULL, 'AUTR', 'PTO', 'RF000000000020', 1, NULL, NULL, NULL, 'CODE4', 'OPERATEUR COMMERCIAL X', NULL, NULL, '2015-06-02 00:00:00', '2015-06-02 00:00:00', NULL, NULL, NULL);
INSERT INTO t_ebp VALUES ('BP000180031100', 'BP000180031100', NULL, NULL, NULL, 'SF000180031100', 'OR900000000002', 'OR900000000002', 'OR900000000002', 'CST', 'AVP', 'OK', '1.1', NULL, NULL, 'AUTR', 'PTO', 'RF000000000020', 1, NULL, NULL, NULL, 'CODE5', 'OPERATEUR COMMERCIAL X', NULL, NULL, '2015-06-02 00:00:00', '2015-06-02 00:00:00', NULL, NULL, NULL);
INSERT INTO t_ebp VALUES ('BP000180031101', 'BP000180031101', NULL, NULL, NULL, 'SF000180031101', 'OR900000000002', 'OR900000000002', 'OR900000000002', 'CST', 'AVP', 'OK', '1.1', NULL, NULL, 'AUTR', 'PTO', 'RF000000000020', 1, NULL, NULL, NULL, 'CODE6', 'OPERATEUR COMMERCIAL X', NULL, NULL, '2015-06-02 00:00:00', '2015-06-02 00:00:00', NULL, NULL, NULL);
INSERT INTO t_ebp VALUES ('BP000180031227', 'BP000180031227', NULL, NULL, NULL, 'SF000180031227', 'OR900000000002', 'OR900000000002', 'OR900000000002', 'CST', 'AVP', 'OK', '1.1', NULL, NULL, 'AUTR', 'PTO', 'RF000000000020', 1, NULL, NULL, NULL, 'CODE7', 'OPERATEUR COMMERCIAL X', NULL, NULL, '2015-06-02 00:00:00', '2015-06-02 00:00:00', NULL, NULL, NULL);
INSERT INTO t_ebp VALUES ('BP000180031284', 'BP000180031284', NULL, NULL, NULL, 'SF000180031284', 'OR900000000002', 'OR900000000002', 'OR900000000002', 'CST', 'AVP', 'OK', '1.1', NULL, NULL, 'AUTR', 'PTO', 'RF000000000020', 1, NULL, NULL, NULL, 'CODE8', 'OPERATEUR COMMERCIAL X', NULL, NULL, '2015-06-02 00:00:00', '2015-06-02 00:00:00', NULL, NULL, NULL);
INSERT INTO t_ebp VALUES ('BP000180031287', 'BP000180031287', NULL, NULL, NULL, 'SF000180031287', 'OR900000000002', 'OR900000000002', 'OR900000000002', 'CST', 'AVP', 'OK', '1.1', NULL, NULL, 'AUTR', 'PTO', 'RF000000000020', 1, NULL, NULL, NULL, 'CODE9', 'OPERATEUR COMMERCIAL X', NULL, NULL, '2015-06-02 00:00:00', '2015-06-02 00:00:00', NULL, NULL, NULL);
INSERT INTO t_ebp VALUES ('BP000180031292', 'BP000180031292', NULL, NULL, NULL, 'SF000180031292', 'OR900000000002', 'OR900000000002', 'OR900000000002', 'CST', 'AVP', 'OK', '1.1', NULL, NULL, 'AUTR', 'PTO', 'RF000000000020', 1, NULL, NULL, NULL, 'CODE10', 'OPERATEUR COMMERCIAL X', NULL, NULL, '2015-06-02 00:00:00', '2015-06-02 00:00:00', NULL, NULL, NULL);
INSERT INTO t_ebp VALUES ('BP000180031301', 'BP000180031301', NULL, NULL, NULL, 'SF000180031301', 'OR900000000002', 'OR900000000002', 'OR900000000002', 'CST', 'AVP', 'OK', '1.1', NULL, NULL, 'AUTR', 'PTO', 'RF000000000020', 1, NULL, NULL, NULL, 'CODE11', 'OPERATEUR COMMERCIAL X', NULL, NULL, '2015-06-02 00:00:00', '2015-06-02 00:00:00', NULL, NULL, NULL);
INSERT INTO t_ebp VALUES ('BP000180031330', 'BP000180031330', NULL, NULL, NULL, 'SF000180031330', 'OR900000000002', 'OR900000000002', 'OR900000000002', 'CST', 'AVP', 'OK', '1.1', NULL, NULL, 'AUTR', 'PTO', 'RF000000000020', 1, NULL, NULL, NULL, 'CODE12', 'OPERATEUR COMMERCIAL X', NULL, NULL, '2015-06-02 00:00:00', '2015-06-02 00:00:00', NULL, NULL, NULL);
INSERT INTO t_ebp VALUES ('BP000180031413', 'BP000180031413', NULL, NULL, NULL, 'SF000180031413', 'OR900000000002', 'OR900000000002', 'OR900000000002', 'CST', 'AVP', 'OK', '1.1', NULL, NULL, 'AUTR', 'PTO', 'RF000000000020', 1, NULL, NULL, NULL, 'CODE13', 'OPERATEUR COMMERCIAL X', NULL, NULL, '2015-06-02 00:00:00', '2015-06-02 00:00:00', NULL, NULL, NULL);
INSERT INTO t_ebp VALUES ('BP000180031414', 'BP000180031414', NULL, NULL, NULL, 'SF000180031414', 'OR900000000002', 'OR900000000002', 'OR900000000002', 'CST', 'AVP', 'OK', '1.1', NULL, NULL, 'AUTR', 'PTO', 'RF000000000020', 1, NULL, NULL, NULL, 'CODE14', 'OPERATEUR COMMERCIAL X', NULL, NULL, '2015-06-02 00:00:00', '2015-06-02 00:00:00', NULL, NULL, NULL);
INSERT INTO t_ebp VALUES ('BP001180031093', 'BP001180031093', NULL, NULL, NULL, 'SF001180031093', 'OR900000000002', 'OR900000000002', 'OR900000000002', 'CST', 'AVP', 'OK', '1.1', NULL, NULL, 'AUTR', 'PTO', 'RF000000000020', 1, NULL, NULL, NULL, 'CODE18', 'OPERATEUR COMMERCIAL X', NULL, NULL, '2015-06-04 00:00:00', NULL, NULL, NULL, NULL);
INSERT INTO t_ebp VALUES ('BP001180031100', 'BP001180031100', NULL, NULL, NULL, 'SF001180031100', 'OR900000000002', 'OR900000000002', 'OR900000000002', 'CST', 'AVP', 'OK', '1.1', NULL, NULL, 'AUTR', 'PTO', 'RF000000000020', 1, NULL, NULL, NULL, 'CODE20', 'OPERATEUR COMMERCIAL X', NULL, NULL, '2015-06-04 00:00:00', NULL, NULL, NULL, NULL);
INSERT INTO t_ebp VALUES ('BP001180031227', 'BP001180031227', NULL, NULL, NULL, 'SF001180031227', 'OR900000000002', 'OR900000000002', 'OR900000000002', 'CST', 'AVP', 'OK', '1.1', NULL, NULL, 'AUTR', 'PTO', 'RF000000000020', 1, NULL, NULL, NULL, 'CODE21', 'OPERATEUR COMMERCIAL X', NULL, NULL, '2015-06-04 00:00:00', NULL, NULL, NULL, NULL);
INSERT INTO t_ebp VALUES ('BP001180031330', 'BP001180031330', NULL, NULL, NULL, 'SF001180031330', 'OR900000000002', 'OR900000000002', 'OR900000000002', 'CST', 'AVP', 'OK', '1.1', NULL, NULL, 'AUTR', 'PTO', 'RF000000000020', 1, NULL, NULL, NULL, 'CODE15', 'OPERATEUR COMMERCIAL X', NULL, NULL, '2015-06-04 00:00:00', NULL, NULL, NULL, NULL);
INSERT INTO t_ebp VALUES ('BP002180031093', 'BP002180031093', NULL, NULL, NULL, 'SF002180031093', 'OR900000000002', 'OR900000000002', 'OR900000000002', 'CST', 'AVP', 'OK', '1.1', NULL, NULL, 'AUTR', 'PTO', 'RF000000000020', 1, NULL, NULL, NULL, 'CODE19', 'OPERATEUR COMMERCIAL X', NULL, NULL, '2015-06-04 00:00:00', NULL, NULL, NULL, NULL);
INSERT INTO t_ebp VALUES ('BP002180031330', 'BP002180031330', NULL, NULL, NULL, 'SF002180031330', 'OR900000000002', 'OR900000000002', 'OR900000000002', 'CST', 'AVP', 'OK', '1.1', NULL, NULL, 'AUTR', 'PTO', 'RF000000000020', 1, NULL, NULL, NULL, 'CODE16', 'OPERATEUR COMMERCIAL X', NULL, NULL, '2015-06-04 00:00:00', NULL, NULL, NULL, NULL);
INSERT INTO t_ebp VALUES ('BP003180031330', 'BP003180031330', NULL, NULL, NULL, 'SF003180031330', 'OR900000000002', 'OR900000000002', 'OR900000000002', 'CST', 'AVP', 'OK', '1.1', NULL, NULL, 'AUTR', 'PTO', 'RF000000000020', 1, NULL, NULL, NULL, 'CODE17', 'OPERATEUR COMMERCIAL X', NULL, NULL, '2015-06-04 00:00:00', NULL, NULL, NULL, NULL);


--
-- TOC entry 4044 (class 0 OID 157838)
-- Dependencies: 265
-- Data for Name: t_empreinte; Type: TABLE DATA; Schema: gracethd; Owner: -
--

INSERT INTO t_empreinte VALUES ('EM000000000001', 'DO000000000001', 'GPS GRAND PUBLIC', '2015-06-02 00:00:00', '2015-06-08 00:00:00', NULL, NULL, NULL, '01060000206A080000010000000103000000010000000500000021C0DE70D15F2441721A59083E795941CDD026DBDD5F24411DB51B2541795941689BAE0825602441774D120F3D795941453C4C7517602441830C801B3A79594121C0DE70D15F2441721A59083E795941');
INSERT INTO t_empreinte VALUES ('EM000000000002', 'DO000000000001', 'GPS GRAND PUBLIC', '2015-06-02 00:00:00', '2015-06-08 00:00:00', NULL, NULL, NULL, '01060000206A08000001000000010300000001000000050000003C727CA4DC5F2441B53BFF2340795941F0243A0BEB5F2441177BCF4F3F7959410352571BE75F24415A0786503E7959414F9F99B4D85F2441FC45572B3F7959413C727CA4DC5F2441B53BFF2340795941');
INSERT INTO t_empreinte VALUES ('EM000000000003', 'DO000000000001', 'GPS GRAND PUBLIC', '2015-06-02 00:00:00', '2015-06-08 00:00:00', NULL, NULL, NULL, '01060000206A08000001000000010300000001000000050000008C947ECF175F2441499FEFE74E795941F87A7161245F24419C255CC64D79594173C20522195F2441F1FE31EE4B795941A45559660C5F2441E9318B134D7959418C947ECF175F2441499FEFE74E795941');


--
-- TOC entry 4025 (class 0 OID 157080)
-- Dependencies: 246
-- Data for Name: t_equipement; Type: TABLE DATA; Schema: gracethd; Owner: -
--

INSERT INTO t_equipement VALUES ('EQ001800305021', NULL, 'EQ001800305021', 'BA000180030502', 'OR900000000000', NULL, NULL, NULL, 'ActifORAN', '2015-06-02 11:41:12', '2015-06-03 11:35:13', NULL, NULL, NULL);
INSERT INTO t_equipement VALUES ('EQ001800305022', NULL, 'EQ001800305022', 'BA000180030503', 'OR000000000004', NULL, NULL, NULL, 'ActifSFR', '2015-06-02 11:41:12', '2015-06-03 11:35:13', NULL, NULL, NULL);
INSERT INTO t_equipement VALUES ('EQ001800305023', NULL, 'EQ001800305023', 'BA000180030504', 'OR000000000005', NULL, NULL, NULL, 'ActifFREE', '2015-06-02 11:41:12', '2015-06-03 11:35:13', NULL, NULL, NULL);
INSERT INTO t_equipement VALUES ('EQ001800305024', NULL, 'EQ001800305024', 'BA000180030508', 'OR900000000000', NULL, NULL, NULL, 'CouplORAN', '2015-06-02 11:41:12', '2015-06-03 11:35:13', NULL, NULL, NULL);
INSERT INTO t_equipement VALUES ('EQ001800305025', NULL, 'EQ001800305025', 'BA000180030508', 'OR000000000004', NULL, NULL, NULL, 'CouplSFR', '2015-06-02 11:41:12', '2015-06-03 11:35:13', NULL, NULL, NULL);
INSERT INTO t_equipement VALUES ('EQ001800305026', NULL, 'EQ001800305026', 'BA000180030508', 'OR000000000005', NULL, NULL, NULL, 'CouplFREE', '2015-06-02 11:41:12', '2015-06-03 11:35:13', NULL, NULL, NULL);
INSERT INTO t_equipement VALUES ('EQ001800305027', NULL, 'EQ001800305027', 'BA000180030507', 'OR900000000000', NULL, NULL, NULL, 'CouplORAN', '2015-06-02 11:41:12', '2015-06-03 11:35:13', NULL, NULL, NULL);
INSERT INTO t_equipement VALUES ('EQ001800305028', NULL, 'EQ001800305028', 'BA000180030507', 'OR000000000004', NULL, NULL, NULL, 'CouplSFR', '2015-06-02 11:41:12', '2015-06-03 11:35:13', NULL, NULL, NULL);
INSERT INTO t_equipement VALUES ('EQ001800305029', NULL, 'EQ001800305029', 'BA000180030507', 'OR000000000005', NULL, NULL, NULL, 'CouplFREE', '2015-06-02 11:41:12', '2015-06-03 11:35:13', NULL, NULL, NULL);


--
-- TOC entry 4038 (class 0 OID 157651)
-- Dependencies: 259
-- Data for Name: t_fibre; Type: TABLE DATA; Schema: gracethd; Owner: -
--

INSERT INTO t_fibre VALUES ('FO180030003001', NULL, 'CB000180030003', 1, 1, 1, 'G652', 'OK', '1', '1', 'CST', NULL, '2015-06-03 00:00:00', NULL, NULL, NULL, NULL);
INSERT INTO t_fibre VALUES ('FO180030001001', NULL, 'CB000180030001', 1, 1, 1, 'G652', 'OK', '1', '1', 'CST', NULL, '2015-06-02 00:00:00', NULL, NULL, NULL, NULL);
INSERT INTO t_fibre VALUES ('FO180030001002', NULL, 'CB000180030001', 2, 1, 2, 'G652', 'OK', '2', '1', 'CST', NULL, '2015-06-02 00:00:00', NULL, NULL, NULL, NULL);
INSERT INTO t_fibre VALUES ('FO180030001003', NULL, 'CB000180030001', 3, 1, 3, 'G652', 'OK', '3', '1', 'CST', NULL, '2015-06-02 00:00:00', NULL, NULL, NULL, NULL);
INSERT INTO t_fibre VALUES ('FO180030001004', NULL, 'CB000180030001', 4, 1, 4, 'G652', 'OK', '4', '1', 'CST', NULL, '2015-06-02 00:00:00', NULL, NULL, NULL, NULL);
INSERT INTO t_fibre VALUES ('FO180030001005', NULL, 'CB000180030001', 5, 1, 5, 'G652', 'OK', '5', '1', 'CST', NULL, '2015-06-02 00:00:00', NULL, NULL, NULL, NULL);
INSERT INTO t_fibre VALUES ('FO180030001006', NULL, 'CB000180030001', 6, 1, 6, 'G652', 'OK', '6', '1', 'CST', NULL, '2015-06-02 00:00:00', NULL, NULL, NULL, NULL);
INSERT INTO t_fibre VALUES ('FO180030001007', NULL, 'CB000180030001', 7, 2, 1, 'G652', 'OK', '1', '1', 'CST', NULL, '2015-06-02 00:00:00', NULL, NULL, NULL, NULL);
INSERT INTO t_fibre VALUES ('FO180030001008', NULL, 'CB000180030001', 8, 2, 2, 'G652', 'OK', '2', '1', 'CST', NULL, '2015-06-02 00:00:00', NULL, NULL, NULL, NULL);
INSERT INTO t_fibre VALUES ('FO180030001009', NULL, 'CB000180030001', 9, 2, 3, 'G652', 'OK', '3', '1', 'CST', NULL, '2015-06-02 00:00:00', NULL, NULL, NULL, NULL);
INSERT INTO t_fibre VALUES ('FO180030001010', NULL, 'CB000180030001', 10, 2, 4, 'G652', 'OK', '4', '1', 'CST', NULL, '2015-06-02 00:00:00', NULL, NULL, NULL, NULL);
INSERT INTO t_fibre VALUES ('FO180030001011', NULL, 'CB000180030001', 11, 2, 5, 'G652', 'OK', '5', '1', 'CST', NULL, '2015-06-02 00:00:00', NULL, NULL, NULL, NULL);
INSERT INTO t_fibre VALUES ('FO180030001012', NULL, 'CB000180030001', 12, 2, 6, 'G652', 'OK', '6', '1', 'CST', NULL, '2015-06-02 00:00:00', NULL, NULL, NULL, NULL);
INSERT INTO t_fibre VALUES ('FO180030001013', NULL, 'CB000180030001', 13, 3, 1, 'G652', 'OK', '1', '1', 'CST', NULL, '2015-06-02 00:00:00', NULL, NULL, NULL, NULL);
INSERT INTO t_fibre VALUES ('FO180030001014', NULL, 'CB000180030001', 14, 3, 2, 'G652', 'OK', '2', '1', 'CST', NULL, '2015-06-02 00:00:00', NULL, NULL, NULL, NULL);
INSERT INTO t_fibre VALUES ('FO180030001015', NULL, 'CB000180030001', 15, 3, 3, 'G652', 'OK', '3', '1', 'CST', NULL, '2015-06-02 00:00:00', NULL, NULL, NULL, NULL);
INSERT INTO t_fibre VALUES ('FO180030001016', NULL, 'CB000180030001', 16, 3, 4, 'G652', 'OK', '4', '1', 'CST', NULL, '2015-06-02 00:00:00', NULL, NULL, NULL, NULL);
INSERT INTO t_fibre VALUES ('FO180030001017', NULL, 'CB000180030001', 17, 3, 5, 'G652', 'OK', '5', '1', 'CST', NULL, '2015-06-02 00:00:00', NULL, NULL, NULL, NULL);
INSERT INTO t_fibre VALUES ('FO180030001018', NULL, 'CB000180030001', 18, 3, 6, 'G652', 'OK', '6', '1', 'CST', NULL, '2015-06-02 00:00:00', NULL, NULL, NULL, NULL);
INSERT INTO t_fibre VALUES ('FO180030001019', NULL, 'CB000180030001', 19, 4, 1, 'G652', 'OK', '1', '1', 'CST', NULL, '2015-06-02 00:00:00', NULL, NULL, NULL, NULL);
INSERT INTO t_fibre VALUES ('FO180030001020', NULL, 'CB000180030001', 20, 4, 2, 'G652', 'OK', '2', '1', 'CST', NULL, '2015-06-02 00:00:00', NULL, NULL, NULL, NULL);
INSERT INTO t_fibre VALUES ('FO180030001021', NULL, 'CB000180030001', 21, 4, 3, 'G652', 'OK', '3', '1', 'CST', NULL, '2015-06-02 00:00:00', NULL, NULL, NULL, NULL);
INSERT INTO t_fibre VALUES ('FO180030001022', NULL, 'CB000180030001', 22, 4, 4, 'G652', 'OK', '4', '1', 'CST', NULL, '2015-06-02 00:00:00', NULL, NULL, NULL, NULL);
INSERT INTO t_fibre VALUES ('FO180030001023', NULL, 'CB000180030001', 23, 4, 5, 'G652', 'OK', '5', '1', 'CST', NULL, '2015-06-02 00:00:00', NULL, NULL, NULL, NULL);
INSERT INTO t_fibre VALUES ('FO180030001024', NULL, 'CB000180030001', 24, 4, 6, 'G652', 'OK', '6', '1', 'CST', NULL, '2015-06-02 00:00:00', NULL, NULL, NULL, NULL);
INSERT INTO t_fibre VALUES ('FO180030001025', NULL, 'CB000180030001', 25, 5, 1, 'G652', 'OK', '1', '1', 'CST', NULL, '2015-06-02 00:00:00', NULL, NULL, NULL, NULL);
INSERT INTO t_fibre VALUES ('FO180030001026', NULL, 'CB000180030001', 26, 5, 2, 'G652', 'OK', '2', '1', 'CST', NULL, '2015-06-02 00:00:00', NULL, NULL, NULL, NULL);
INSERT INTO t_fibre VALUES ('FO180030001027', NULL, 'CB000180030001', 27, 5, 3, 'G652', 'OK', '3', '1', 'CST', NULL, '2015-06-02 00:00:00', NULL, NULL, NULL, NULL);
INSERT INTO t_fibre VALUES ('FO180030001028', NULL, 'CB000180030001', 28, 5, 4, 'G652', 'OK', '4', '1', 'CST', NULL, '2015-06-02 00:00:00', NULL, NULL, NULL, NULL);
INSERT INTO t_fibre VALUES ('FO180030001029', NULL, 'CB000180030001', 29, 5, 5, 'G652', 'OK', '5', '1', 'CST', NULL, '2015-06-02 00:00:00', NULL, NULL, NULL, NULL);
INSERT INTO t_fibre VALUES ('FO180030001030', NULL, 'CB000180030001', 30, 5, 6, 'G652', 'OK', '6', '1', 'CST', NULL, '2015-06-02 00:00:00', NULL, NULL, NULL, NULL);
INSERT INTO t_fibre VALUES ('FO180030001031', NULL, 'CB000180030001', 31, 6, 1, 'G652', 'OK', '1', '1', 'CST', NULL, '2015-06-02 00:00:00', NULL, NULL, NULL, NULL);
INSERT INTO t_fibre VALUES ('FO180030001032', NULL, 'CB000180030001', 32, 6, 2, 'G652', 'OK', '2', '1', 'CST', NULL, '2015-06-02 00:00:00', NULL, NULL, NULL, NULL);
INSERT INTO t_fibre VALUES ('FO180030001033', NULL, 'CB000180030001', 33, 6, 3, 'G652', 'OK', '3', '1', 'CST', NULL, '2015-06-02 00:00:00', NULL, NULL, NULL, NULL);
INSERT INTO t_fibre VALUES ('FO180030001034', NULL, 'CB000180030001', 34, 6, 4, 'G652', 'OK', '4', '1', 'CST', NULL, '2015-06-02 00:00:00', NULL, NULL, NULL, NULL);
INSERT INTO t_fibre VALUES ('FO180030001035', NULL, 'CB000180030001', 35, 6, 5, 'G652', 'OK', '5', '1', 'CST', NULL, '2015-06-02 00:00:00', NULL, NULL, NULL, NULL);
INSERT INTO t_fibre VALUES ('FO180030001036', NULL, 'CB000180030001', 36, 6, 6, 'G652', 'OK', '6', '1', 'CST', NULL, '2015-06-02 00:00:00', NULL, NULL, NULL, NULL);
INSERT INTO t_fibre VALUES ('FO180030001037', NULL, 'CB000180030001', 37, 7, 1, 'G652', 'OK', '1', '1', 'CST', NULL, '2015-06-02 00:00:00', NULL, NULL, NULL, NULL);
INSERT INTO t_fibre VALUES ('FO180030001038', NULL, 'CB000180030001', 38, 7, 2, 'G652', 'OK', '2', '1', 'CST', NULL, '2015-06-02 00:00:00', NULL, NULL, NULL, NULL);
INSERT INTO t_fibre VALUES ('FO180030001039', NULL, 'CB000180030001', 39, 7, 3, 'G652', 'OK', '3', '1', 'CST', NULL, '2015-06-02 00:00:00', NULL, NULL, NULL, NULL);
INSERT INTO t_fibre VALUES ('FO180030001040', NULL, 'CB000180030001', 40, 7, 4, 'G652', 'OK', '4', '1', 'CST', NULL, '2015-06-02 00:00:00', NULL, NULL, NULL, NULL);
INSERT INTO t_fibre VALUES ('FO180030001041', NULL, 'CB000180030001', 41, 7, 5, 'G652', 'OK', '5', '1', 'CST', NULL, '2015-06-02 00:00:00', NULL, NULL, NULL, NULL);
INSERT INTO t_fibre VALUES ('FO180030001042', NULL, 'CB000180030001', 42, 7, 6, 'G652', 'OK', '6', '1', 'CST', NULL, '2015-06-02 00:00:00', NULL, NULL, NULL, NULL);
INSERT INTO t_fibre VALUES ('FO180030001043', NULL, 'CB000180030001', 43, 8, 1, 'G652', 'OK', '1', '1', 'CST', NULL, '2015-06-02 00:00:00', NULL, NULL, NULL, NULL);
INSERT INTO t_fibre VALUES ('FO180030001044', NULL, 'CB000180030001', 44, 8, 2, 'G652', 'OK', '2', '1', 'CST', NULL, '2015-06-02 00:00:00', NULL, NULL, NULL, NULL);
INSERT INTO t_fibre VALUES ('FO180030001045', NULL, 'CB000180030001', 45, 8, 3, 'G652', 'OK', '3', '1', 'CST', NULL, '2015-06-02 00:00:00', NULL, NULL, NULL, NULL);
INSERT INTO t_fibre VALUES ('FO180030001046', NULL, 'CB000180030001', 46, 8, 4, 'G652', 'OK', '4', '1', 'CST', NULL, '2015-06-02 00:00:00', NULL, NULL, NULL, NULL);
INSERT INTO t_fibre VALUES ('FO180030001047', NULL, 'CB000180030001', 47, 8, 5, 'G652', 'OK', '5', '1', 'CST', NULL, '2015-06-02 00:00:00', NULL, NULL, NULL, NULL);
INSERT INTO t_fibre VALUES ('FO180030001048', NULL, 'CB000180030001', 48, 8, 6, 'G652', 'OK', '6', '1', 'CST', NULL, '2015-06-02 00:00:00', NULL, NULL, NULL, NULL);
INSERT INTO t_fibre VALUES ('FO180030001049', NULL, 'CB000180030001', 49, 9, 1, 'G652', 'OK', '1', '1', 'CST', NULL, '2015-06-02 00:00:00', NULL, NULL, NULL, NULL);
INSERT INTO t_fibre VALUES ('FO180030001050', NULL, 'CB000180030001', 50, 9, 2, 'G652', 'OK', '2', '1', 'CST', NULL, '2015-06-02 00:00:00', NULL, NULL, NULL, NULL);
INSERT INTO t_fibre VALUES ('FO180030001051', NULL, 'CB000180030001', 51, 9, 3, 'G652', 'OK', '3', '1', 'CST', NULL, '2015-06-02 00:00:00', NULL, NULL, NULL, NULL);
INSERT INTO t_fibre VALUES ('FO180030001052', NULL, 'CB000180030001', 52, 9, 4, 'G652', 'OK', '4', '1', 'CST', NULL, '2015-06-02 00:00:00', NULL, NULL, NULL, NULL);
INSERT INTO t_fibre VALUES ('FO180030001053', NULL, 'CB000180030001', 53, 9, 5, 'G652', 'OK', '5', '1', 'CST', NULL, '2015-06-02 00:00:00', NULL, NULL, NULL, NULL);
INSERT INTO t_fibre VALUES ('FO180030001054', NULL, 'CB000180030001', 54, 9, 6, 'G652', 'OK', '6', '1', 'CST', NULL, '2015-06-02 00:00:00', NULL, NULL, NULL, NULL);
INSERT INTO t_fibre VALUES ('FO180030001055', NULL, 'CB000180030001', 55, 10, 1, 'G652', 'OK', '1', '1', 'CST', NULL, '2015-06-02 00:00:00', NULL, NULL, NULL, NULL);
INSERT INTO t_fibre VALUES ('FO180030001056', NULL, 'CB000180030001', 56, 10, 2, 'G652', 'OK', '2', '1', 'CST', NULL, '2015-06-02 00:00:00', NULL, NULL, NULL, NULL);
INSERT INTO t_fibre VALUES ('FO180030001057', NULL, 'CB000180030001', 57, 10, 3, 'G652', 'OK', '3', '1', 'CST', NULL, '2015-06-02 00:00:00', NULL, NULL, NULL, NULL);
INSERT INTO t_fibre VALUES ('FO180030001058', NULL, 'CB000180030001', 58, 10, 4, 'G652', 'OK', '4', '1', 'CST', NULL, '2015-06-02 00:00:00', NULL, NULL, NULL, NULL);
INSERT INTO t_fibre VALUES ('FO180030001059', NULL, 'CB000180030001', 59, 10, 5, 'G652', 'OK', '5', '1', 'CST', NULL, '2015-06-02 00:00:00', NULL, NULL, NULL, NULL);
INSERT INTO t_fibre VALUES ('FO180030001060', NULL, 'CB000180030001', 60, 10, 6, 'G652', 'OK', '6', '1', 'CST', NULL, '2015-06-02 00:00:00', NULL, NULL, NULL, NULL);
INSERT INTO t_fibre VALUES ('FO180030001061', NULL, 'CB000180030001', 61, 11, 1, 'G652', 'OK', '1', '1', 'CST', NULL, '2015-06-02 00:00:00', NULL, NULL, NULL, NULL);
INSERT INTO t_fibre VALUES ('FO180030001062', NULL, 'CB000180030001', 62, 11, 2, 'G652', 'OK', '2', '1', 'CST', NULL, '2015-06-02 00:00:00', NULL, NULL, NULL, NULL);
INSERT INTO t_fibre VALUES ('FO180030001063', NULL, 'CB000180030001', 63, 11, 3, 'G652', 'OK', '3', '1', 'CST', NULL, '2015-06-02 00:00:00', NULL, NULL, NULL, NULL);
INSERT INTO t_fibre VALUES ('FO180030001064', NULL, 'CB000180030001', 64, 11, 4, 'G652', 'OK', '4', '1', 'CST', NULL, '2015-06-02 00:00:00', NULL, NULL, NULL, NULL);
INSERT INTO t_fibre VALUES ('FO180030001065', NULL, 'CB000180030001', 65, 11, 5, 'G652', 'OK', '5', '1', 'CST', NULL, '2015-06-02 00:00:00', NULL, NULL, NULL, NULL);
INSERT INTO t_fibre VALUES ('FO180030001066', NULL, 'CB000180030001', 66, 11, 6, 'G652', 'OK', '6', '1', 'CST', NULL, '2015-06-02 00:00:00', NULL, NULL, NULL, NULL);
INSERT INTO t_fibre VALUES ('FO180030001067', NULL, 'CB000180030001', 67, 12, 1, 'G652', 'OK', '1', '1', 'CST', NULL, '2015-06-02 00:00:00', NULL, NULL, NULL, NULL);
INSERT INTO t_fibre VALUES ('FO180030001068', NULL, 'CB000180030001', 68, 12, 2, 'G652', 'OK', '2', '1', 'CST', NULL, '2015-06-02 00:00:00', NULL, NULL, NULL, NULL);
INSERT INTO t_fibre VALUES ('FO180030001069', NULL, 'CB000180030001', 69, 12, 3, 'G652', 'OK', '3', '1', 'CST', NULL, '2015-06-02 00:00:00', NULL, NULL, NULL, NULL);
INSERT INTO t_fibre VALUES ('FO180030001070', NULL, 'CB000180030001', 70, 12, 4, 'G652', 'OK', '4', '1', 'CST', NULL, '2015-06-02 00:00:00', NULL, NULL, NULL, NULL);
INSERT INTO t_fibre VALUES ('FO180030001071', NULL, 'CB000180030001', 71, 12, 5, 'G652', 'OK', '5', '1', 'CST', NULL, '2015-06-02 00:00:00', NULL, NULL, NULL, NULL);
INSERT INTO t_fibre VALUES ('FO180030001072', NULL, 'CB000180030001', 72, 12, 6, 'G652', 'OK', '6', '1', 'CST', NULL, '2015-06-02 00:00:00', NULL, NULL, NULL, NULL);
INSERT INTO t_fibre VALUES ('FO180030001073', NULL, 'CB000180030001', 73, 13, 1, 'G652', 'OK', '1', '2', 'CST', NULL, '2015-06-02 00:00:00', NULL, NULL, NULL, NULL);
INSERT INTO t_fibre VALUES ('FO180030001074', NULL, 'CB000180030001', 74, 13, 2, 'G652', 'OK', '2', '2', 'CST', NULL, '2015-06-02 00:00:00', NULL, NULL, NULL, NULL);
INSERT INTO t_fibre VALUES ('FO180030001075', NULL, 'CB000180030001', 75, 13, 3, 'G652', 'OK', '3', '2', 'CST', NULL, '2015-06-02 00:00:00', NULL, NULL, NULL, NULL);
INSERT INTO t_fibre VALUES ('FO180030001076', NULL, 'CB000180030001', 76, 13, 4, 'G652', 'OK', '4', '2', 'CST', NULL, '2015-06-02 00:00:00', NULL, NULL, NULL, NULL);
INSERT INTO t_fibre VALUES ('FO180030001077', NULL, 'CB000180030001', 77, 13, 5, 'G652', 'OK', '5', '2', 'CST', NULL, '2015-06-02 00:00:00', NULL, NULL, NULL, NULL);
INSERT INTO t_fibre VALUES ('FO180030001078', NULL, 'CB000180030001', 78, 13, 6, 'G652', 'OK', '6', '2', 'CST', NULL, '2015-06-02 00:00:00', NULL, NULL, NULL, NULL);
INSERT INTO t_fibre VALUES ('FO180030001079', NULL, 'CB000180030001', 79, 14, 1, 'G652', 'OK', '1', '2', 'CST', NULL, '2015-06-02 00:00:00', NULL, NULL, NULL, NULL);
INSERT INTO t_fibre VALUES ('FO180030001080', NULL, 'CB000180030001', 80, 14, 2, 'G652', 'OK', '2', '2', 'CST', NULL, '2015-06-02 00:00:00', NULL, NULL, NULL, NULL);
INSERT INTO t_fibre VALUES ('FO180030001081', NULL, 'CB000180030001', 81, 14, 3, 'G652', 'OK', '3', '2', 'CST', NULL, '2015-06-02 00:00:00', NULL, NULL, NULL, NULL);
INSERT INTO t_fibre VALUES ('FO180030001082', NULL, 'CB000180030001', 82, 14, 4, 'G652', 'OK', '4', '2', 'CST', NULL, '2015-06-02 00:00:00', NULL, NULL, NULL, NULL);
INSERT INTO t_fibre VALUES ('FO180030001083', NULL, 'CB000180030001', 83, 14, 5, 'G652', 'OK', '5', '2', 'CST', NULL, '2015-06-02 00:00:00', NULL, NULL, NULL, NULL);
INSERT INTO t_fibre VALUES ('FO180030001084', NULL, 'CB000180030001', 84, 14, 6, 'G652', 'OK', '6', '2', 'CST', NULL, '2015-06-02 00:00:00', NULL, NULL, NULL, NULL);
INSERT INTO t_fibre VALUES ('FO180030001085', NULL, 'CB000180030001', 85, 15, 1, 'G652', 'OK', '1', '2', 'CST', NULL, '2015-06-02 00:00:00', NULL, NULL, NULL, NULL);
INSERT INTO t_fibre VALUES ('FO180030001086', NULL, 'CB000180030001', 86, 15, 2, 'G652', 'OK', '2', '2', 'CST', NULL, '2015-06-02 00:00:00', NULL, NULL, NULL, NULL);
INSERT INTO t_fibre VALUES ('FO180030001087', NULL, 'CB000180030001', 87, 15, 3, 'G652', 'OK', '3', '2', 'CST', NULL, '2015-06-02 00:00:00', NULL, NULL, NULL, NULL);
INSERT INTO t_fibre VALUES ('FO180030001088', NULL, 'CB000180030001', 88, 15, 4, 'G652', 'OK', '4', '2', 'CST', NULL, '2015-06-02 00:00:00', NULL, NULL, NULL, NULL);
INSERT INTO t_fibre VALUES ('FO180030001089', NULL, 'CB000180030001', 89, 15, 5, 'G652', 'OK', '5', '2', 'CST', NULL, '2015-06-02 00:00:00', NULL, NULL, NULL, NULL);
INSERT INTO t_fibre VALUES ('FO180030001090', NULL, 'CB000180030001', 90, 15, 6, 'G652', 'OK', '6', '2', 'CST', NULL, '2015-06-02 00:00:00', NULL, NULL, NULL, NULL);
INSERT INTO t_fibre VALUES ('FO180030001091', NULL, 'CB000180030001', 91, 16, 1, 'G652', 'OK', '1', '2', 'CST', NULL, '2015-06-02 00:00:00', NULL, NULL, NULL, NULL);
INSERT INTO t_fibre VALUES ('FO180030001092', NULL, 'CB000180030001', 92, 16, 2, 'G652', 'OK', '2', '2', 'CST', NULL, '2015-06-02 00:00:00', NULL, NULL, NULL, NULL);
INSERT INTO t_fibre VALUES ('FO180030001093', NULL, 'CB000180030001', 93, 16, 3, 'G652', 'OK', '3', '2', 'CST', NULL, '2015-06-02 00:00:00', NULL, NULL, NULL, NULL);
INSERT INTO t_fibre VALUES ('FO180030001094', NULL, 'CB000180030001', 94, 16, 4, 'G652', 'OK', '4', '2', 'CST', NULL, '2015-06-02 00:00:00', NULL, NULL, NULL, NULL);
INSERT INTO t_fibre VALUES ('FO180030001095', NULL, 'CB000180030001', 95, 16, 5, 'G652', 'OK', '5', '2', 'CST', NULL, '2015-06-02 00:00:00', NULL, NULL, NULL, NULL);
INSERT INTO t_fibre VALUES ('FO180030001096', NULL, 'CB000180030001', 96, 16, 6, 'G652', 'OK', '6', '2', 'CST', NULL, '2015-06-02 00:00:00', NULL, NULL, NULL, NULL);
INSERT INTO t_fibre VALUES ('FO180030003002', NULL, 'CB000180030003', 2, 1, 2, 'G652', 'OK', '2', '1', 'CST', NULL, '2015-06-04 00:00:00', NULL, NULL, NULL, NULL);
INSERT INTO t_fibre VALUES ('FO180030003003', NULL, 'CB000180030003', 3, 1, 3, 'G652', 'OK', '3', '1', 'CST', NULL, '2015-06-04 00:00:00', NULL, NULL, NULL, NULL);
INSERT INTO t_fibre VALUES ('FO180030003004', NULL, 'CB000180030003', 4, 1, 4, 'G652', 'OK', '4', '1', 'CST', NULL, '2015-06-04 00:00:00', NULL, NULL, NULL, NULL);
INSERT INTO t_fibre VALUES ('FO180030003005', NULL, 'CB000180030003', 5, 1, 5, 'G652', 'OK', '5', '1', 'CST', NULL, '2015-06-04 00:00:00', NULL, NULL, NULL, NULL);
INSERT INTO t_fibre VALUES ('FO180030003006', NULL, 'CB000180030003', 6, 1, 6, 'G652', 'OK', '6', '1', 'CST', NULL, '2015-06-04 00:00:00', NULL, NULL, NULL, NULL);
INSERT INTO t_fibre VALUES ('FO180030003007', NULL, 'CB000180030003', 7, 1, 7, 'G652', 'OK', '7', '1', 'CST', NULL, '2015-06-04 00:00:00', NULL, NULL, NULL, NULL);
INSERT INTO t_fibre VALUES ('FO180030003008', NULL, 'CB000180030003', 8, 1, 8, 'G652', 'OK', '8', '1', 'CST', NULL, '2015-06-04 00:00:00', NULL, NULL, NULL, NULL);
INSERT INTO t_fibre VALUES ('FO180030003009', NULL, 'CB000180030003', 9, 1, 9, 'G652', 'OK', '9', '1', 'CST', NULL, '2015-06-04 00:00:00', NULL, NULL, NULL, NULL);
INSERT INTO t_fibre VALUES ('FO180030003010', NULL, 'CB000180030003', 10, 1, 10, 'G652', 'OK', '10', '1', 'CST', NULL, '2015-06-04 00:00:00', NULL, NULL, NULL, NULL);
INSERT INTO t_fibre VALUES ('FO180030003011', NULL, 'CB000180030003', 11, 1, 11, 'G652', 'OK', '11', '1', 'CST', NULL, '2015-06-04 00:00:00', NULL, NULL, NULL, NULL);
INSERT INTO t_fibre VALUES ('FO180030003012', NULL, 'CB000180030003', 12, 1, 12, 'G652', 'OK', '12', '1', 'CST', NULL, '2015-06-04 00:00:00', NULL, NULL, NULL, NULL);
INSERT INTO t_fibre VALUES ('FO180030003013', NULL, 'CB000180030003', 13, 2, 1, 'G652', 'OK', '1', '1', 'CST', NULL, '2015-06-04 00:00:00', NULL, NULL, NULL, NULL);
INSERT INTO t_fibre VALUES ('FO180030003014', NULL, 'CB000180030003', 14, 2, 2, 'G652', 'OK', '2', '1', 'CST', NULL, '2015-06-04 00:00:00', NULL, NULL, NULL, NULL);
INSERT INTO t_fibre VALUES ('FO180030003015', NULL, 'CB000180030003', 15, 2, 3, 'G652', 'OK', '3', '1', 'CST', NULL, '2015-06-04 00:00:00', NULL, NULL, NULL, NULL);
INSERT INTO t_fibre VALUES ('FO180030003016', NULL, 'CB000180030003', 16, 2, 4, 'G652', 'OK', '4', '1', 'CST', NULL, '2015-06-04 00:00:00', NULL, NULL, NULL, NULL);
INSERT INTO t_fibre VALUES ('FO180030003017', NULL, 'CB000180030003', 17, 2, 5, 'G652', 'OK', '5', '1', 'CST', NULL, '2015-06-04 00:00:00', NULL, NULL, NULL, NULL);
INSERT INTO t_fibre VALUES ('FO180030003018', NULL, 'CB000180030003', 18, 2, 6, 'G652', 'OK', '6', '1', 'CST', NULL, '2015-06-04 00:00:00', NULL, NULL, NULL, NULL);
INSERT INTO t_fibre VALUES ('FO180030003019', NULL, 'CB000180030003', 19, 2, 7, 'G652', 'OK', '7', '1', 'CST', NULL, '2015-06-04 00:00:00', NULL, NULL, NULL, NULL);
INSERT INTO t_fibre VALUES ('FO180030003020', NULL, 'CB000180030003', 20, 2, 8, 'G652', 'OK', '8', '1', 'CST', NULL, '2015-06-04 00:00:00', NULL, NULL, NULL, NULL);
INSERT INTO t_fibre VALUES ('FO180030003021', NULL, 'CB000180030003', 21, 2, 9, 'G652', 'OK', '9', '1', 'CST', NULL, '2015-06-04 00:00:00', NULL, NULL, NULL, NULL);
INSERT INTO t_fibre VALUES ('FO180030003022', NULL, 'CB000180030003', 22, 2, 10, 'G652', 'OK', '10', '1', 'CST', NULL, '2015-06-04 00:00:00', NULL, NULL, NULL, NULL);
INSERT INTO t_fibre VALUES ('FO180030003023', NULL, 'CB000180030003', 23, 2, 11, 'G652', 'OK', '11', '1', 'CST', NULL, '2015-06-04 00:00:00', NULL, NULL, NULL, NULL);
INSERT INTO t_fibre VALUES ('FO180030003024', NULL, 'CB000180030003', 24, 2, 12, 'G652', 'OK', '12', '1', 'CST', NULL, '2015-06-04 00:00:00', NULL, NULL, NULL, NULL);
INSERT INTO t_fibre VALUES ('FO180030003025', NULL, 'CB000180030003', 25, 3, 1, 'G652', 'OK', '1', '1', 'CST', NULL, '2015-06-04 00:00:00', NULL, NULL, NULL, NULL);
INSERT INTO t_fibre VALUES ('FO180030003026', NULL, 'CB000180030003', 26, 3, 2, 'G652', 'OK', '2', '1', 'CST', NULL, '2015-06-04 00:00:00', NULL, NULL, NULL, NULL);
INSERT INTO t_fibre VALUES ('FO180030003027', NULL, 'CB000180030003', 27, 3, 3, 'G652', 'OK', '3', '1', 'CST', NULL, '2015-06-04 00:00:00', NULL, NULL, NULL, NULL);
INSERT INTO t_fibre VALUES ('FO180030003028', NULL, 'CB000180030003', 28, 3, 4, 'G652', 'OK', '4', '1', 'CST', NULL, '2015-06-04 00:00:00', NULL, NULL, NULL, NULL);
INSERT INTO t_fibre VALUES ('FO180030003029', NULL, 'CB000180030003', 29, 3, 5, 'G652', 'OK', '5', '1', 'CST', NULL, '2015-06-04 00:00:00', NULL, NULL, NULL, NULL);
INSERT INTO t_fibre VALUES ('FO180030003030', NULL, 'CB000180030003', 30, 3, 6, 'G652', 'OK', '6', '1', 'CST', NULL, '2015-06-04 00:00:00', NULL, NULL, NULL, NULL);
INSERT INTO t_fibre VALUES ('FO180030003031', NULL, 'CB000180030003', 31, 3, 7, 'G652', 'OK', '7', '1', 'CST', NULL, '2015-06-04 00:00:00', NULL, NULL, NULL, NULL);
INSERT INTO t_fibre VALUES ('FO180030003032', NULL, 'CB000180030003', 32, 3, 8, 'G652', 'OK', '8', '1', 'CST', NULL, '2015-06-04 00:00:00', NULL, NULL, NULL, NULL);
INSERT INTO t_fibre VALUES ('FO180030003033', NULL, 'CB000180030003', 33, 3, 9, 'G652', 'OK', '9', '1', 'CST', NULL, '2015-06-04 00:00:00', NULL, NULL, NULL, NULL);
INSERT INTO t_fibre VALUES ('FO180030003034', NULL, 'CB000180030003', 34, 3, 10, 'G652', 'OK', '10', '1', 'CST', NULL, '2015-06-04 00:00:00', NULL, NULL, NULL, NULL);
INSERT INTO t_fibre VALUES ('FO180030003035', NULL, 'CB000180030003', 35, 3, 11, 'G652', 'OK', '11', '1', 'CST', NULL, '2015-06-04 00:00:00', NULL, NULL, NULL, NULL);
INSERT INTO t_fibre VALUES ('FO180030003036', NULL, 'CB000180030003', 36, 3, 12, 'G652', 'OK', '12', '1', 'CST', NULL, '2015-06-04 00:00:00', NULL, NULL, NULL, NULL);
INSERT INTO t_fibre VALUES ('FO180030003037', NULL, 'CB000180030003', 37, 4, 1, 'G652', 'OK', '1', '1', 'CST', NULL, '2015-06-04 00:00:00', NULL, NULL, NULL, NULL);
INSERT INTO t_fibre VALUES ('FO180030003038', NULL, 'CB000180030003', 38, 4, 2, 'G652', 'OK', '2', '1', 'CST', NULL, '2015-06-04 00:00:00', NULL, NULL, NULL, NULL);
INSERT INTO t_fibre VALUES ('FO180030003039', NULL, 'CB000180030003', 39, 4, 3, 'G652', 'OK', '3', '1', 'CST', NULL, '2015-06-04 00:00:00', NULL, NULL, NULL, NULL);
INSERT INTO t_fibre VALUES ('FO180030003040', NULL, 'CB000180030003', 40, 4, 4, 'G652', 'OK', '4', '1', 'CST', NULL, '2015-06-04 00:00:00', NULL, NULL, NULL, NULL);
INSERT INTO t_fibre VALUES ('FO180030003041', NULL, 'CB000180030003', 41, 4, 5, 'G652', 'OK', '5', '1', 'CST', NULL, '2015-06-04 00:00:00', NULL, NULL, NULL, NULL);
INSERT INTO t_fibre VALUES ('FO180030003042', NULL, 'CB000180030003', 42, 4, 6, 'G652', 'OK', '6', '1', 'CST', NULL, '2015-06-04 00:00:00', NULL, NULL, NULL, NULL);
INSERT INTO t_fibre VALUES ('FO180030003043', NULL, 'CB000180030003', 43, 4, 7, 'G652', 'OK', '7', '1', 'CST', NULL, '2015-06-04 00:00:00', NULL, NULL, NULL, NULL);
INSERT INTO t_fibre VALUES ('FO180030003044', NULL, 'CB000180030003', 44, 4, 8, 'G652', 'OK', '8', '1', 'CST', NULL, '2015-06-04 00:00:00', NULL, NULL, NULL, NULL);
INSERT INTO t_fibre VALUES ('FO180030003045', NULL, 'CB000180030003', 45, 4, 9, 'G652', 'OK', '9', '1', 'CST', NULL, '2015-06-04 00:00:00', NULL, NULL, NULL, NULL);
INSERT INTO t_fibre VALUES ('FO180030003046', NULL, 'CB000180030003', 46, 4, 10, 'G652', 'OK', '10', '1', 'CST', NULL, '2015-06-04 00:00:00', NULL, NULL, NULL, NULL);
INSERT INTO t_fibre VALUES ('FO180030003047', NULL, 'CB000180030003', 47, 4, 11, 'G652', 'OK', '11', '1', 'CST', NULL, '2015-06-04 00:00:00', NULL, NULL, NULL, NULL);
INSERT INTO t_fibre VALUES ('FO180030003048', NULL, 'CB000180030003', 48, 4, 12, 'G652', 'OK', '12', '1', 'CST', NULL, '2015-06-04 00:00:00', NULL, NULL, NULL, NULL);
INSERT INTO t_fibre VALUES ('FO180030003049', NULL, 'CB000180030003', 49, 5, 1, 'G652', 'OK', '1', '1', 'CST', NULL, '2015-06-04 00:00:00', NULL, NULL, NULL, NULL);
INSERT INTO t_fibre VALUES ('FO180030003050', NULL, 'CB000180030003', 50, 5, 2, 'G652', 'OK', '2', '1', 'CST', NULL, '2015-06-04 00:00:00', NULL, NULL, NULL, NULL);
INSERT INTO t_fibre VALUES ('FO180030003051', NULL, 'CB000180030003', 51, 5, 3, 'G652', 'OK', '3', '1', 'CST', NULL, '2015-06-04 00:00:00', NULL, NULL, NULL, NULL);
INSERT INTO t_fibre VALUES ('FO180030003052', NULL, 'CB000180030003', 52, 5, 4, 'G652', 'OK', '4', '1', 'CST', NULL, '2015-06-04 00:00:00', NULL, NULL, NULL, NULL);
INSERT INTO t_fibre VALUES ('FO180030003053', NULL, 'CB000180030003', 53, 5, 5, 'G652', 'OK', '5', '1', 'CST', NULL, '2015-06-04 00:00:00', NULL, NULL, NULL, NULL);
INSERT INTO t_fibre VALUES ('FO180030003054', NULL, 'CB000180030003', 54, 5, 6, 'G652', 'OK', '6', '1', 'CST', NULL, '2015-06-04 00:00:00', NULL, NULL, NULL, NULL);
INSERT INTO t_fibre VALUES ('FO180030003055', NULL, 'CB000180030003', 55, 5, 7, 'G652', 'OK', '7', '1', 'CST', NULL, '2015-06-04 00:00:00', NULL, NULL, NULL, NULL);
INSERT INTO t_fibre VALUES ('FO180030003056', NULL, 'CB000180030003', 56, 5, 8, 'G652', 'OK', '8', '1', 'CST', NULL, '2015-06-04 00:00:00', NULL, NULL, NULL, NULL);
INSERT INTO t_fibre VALUES ('FO180030003057', NULL, 'CB000180030003', 57, 5, 9, 'G652', 'OK', '9', '1', 'CST', NULL, '2015-06-04 00:00:00', NULL, NULL, NULL, NULL);
INSERT INTO t_fibre VALUES ('FO180030003058', NULL, 'CB000180030003', 58, 5, 10, 'G652', 'OK', '10', '1', 'CST', NULL, '2015-06-04 00:00:00', NULL, NULL, NULL, NULL);
INSERT INTO t_fibre VALUES ('FO180030003059', NULL, 'CB000180030003', 59, 5, 11, 'G652', 'OK', '11', '1', 'CST', NULL, '2015-06-04 00:00:00', NULL, NULL, NULL, NULL);
INSERT INTO t_fibre VALUES ('FO180030003060', NULL, 'CB000180030003', 60, 5, 12, 'G652', 'OK', '12', '1', 'CST', NULL, '2015-06-04 00:00:00', NULL, NULL, NULL, NULL);
INSERT INTO t_fibre VALUES ('FO180030003061', NULL, 'CB000180030003', 61, 6, 1, 'G652', 'OK', '1', '1', 'CST', NULL, '2015-06-04 00:00:00', NULL, NULL, NULL, NULL);
INSERT INTO t_fibre VALUES ('FO180030003062', NULL, 'CB000180030003', 62, 6, 2, 'G652', 'OK', '2', '1', 'CST', NULL, '2015-06-04 00:00:00', NULL, NULL, NULL, NULL);
INSERT INTO t_fibre VALUES ('FO180030003063', NULL, 'CB000180030003', 63, 6, 3, 'G652', 'OK', '3', '1', 'CST', NULL, '2015-06-04 00:00:00', NULL, NULL, NULL, NULL);
INSERT INTO t_fibre VALUES ('FO180030003064', NULL, 'CB000180030003', 64, 6, 4, 'G652', 'OK', '4', '1', 'CST', NULL, '2015-06-04 00:00:00', NULL, NULL, NULL, NULL);
INSERT INTO t_fibre VALUES ('FO180030003065', NULL, 'CB000180030003', 65, 6, 5, 'G652', 'OK', '5', '1', 'CST', NULL, '2015-06-04 00:00:00', NULL, NULL, NULL, NULL);
INSERT INTO t_fibre VALUES ('FO180030003066', NULL, 'CB000180030003', 66, 6, 6, 'G652', 'OK', '6', '1', 'CST', NULL, '2015-06-04 00:00:00', NULL, NULL, NULL, NULL);
INSERT INTO t_fibre VALUES ('FO180030003067', NULL, 'CB000180030003', 67, 6, 7, 'G652', 'OK', '7', '1', 'CST', NULL, '2015-06-04 00:00:00', NULL, NULL, NULL, NULL);
INSERT INTO t_fibre VALUES ('FO180030003068', NULL, 'CB000180030003', 68, 6, 8, 'G652', 'OK', '8', '1', 'CST', NULL, '2015-06-04 00:00:00', NULL, NULL, NULL, NULL);
INSERT INTO t_fibre VALUES ('FO180030003069', NULL, 'CB000180030003', 69, 6, 9, 'G652', 'OK', '9', '1', 'CST', NULL, '2015-06-04 00:00:00', NULL, NULL, NULL, NULL);
INSERT INTO t_fibre VALUES ('FO180030003070', NULL, 'CB000180030003', 70, 6, 10, 'G652', 'OK', '10', '1', 'CST', NULL, '2015-06-04 00:00:00', NULL, NULL, NULL, NULL);
INSERT INTO t_fibre VALUES ('FO180030003071', NULL, 'CB000180030003', 71, 6, 11, 'G652', 'OK', '11', '1', 'CST', NULL, '2015-06-04 00:00:00', NULL, NULL, NULL, NULL);
INSERT INTO t_fibre VALUES ('FO180030003072', NULL, 'CB000180030003', 72, 6, 12, 'G652', 'OK', '12', '1', 'CST', NULL, '2015-06-04 00:00:00', NULL, NULL, NULL, NULL);
INSERT INTO t_fibre VALUES ('FO180030003073', NULL, 'CB000180030003', 73, 7, 1, 'G652', 'OK', '1', '1', 'CST', NULL, '2015-06-04 00:00:00', NULL, NULL, NULL, NULL);
INSERT INTO t_fibre VALUES ('FO180030003074', NULL, 'CB000180030003', 74, 7, 2, 'G652', 'OK', '2', '1', 'CST', NULL, '2015-06-04 00:00:00', NULL, NULL, NULL, NULL);
INSERT INTO t_fibre VALUES ('FO180030003075', NULL, 'CB000180030003', 75, 7, 3, 'G652', 'OK', '3', '1', 'CST', NULL, '2015-06-04 00:00:00', NULL, NULL, NULL, NULL);
INSERT INTO t_fibre VALUES ('FO180030003076', NULL, 'CB000180030003', 76, 7, 4, 'G652', 'OK', '4', '1', 'CST', NULL, '2015-06-04 00:00:00', NULL, NULL, NULL, NULL);
INSERT INTO t_fibre VALUES ('FO180030003077', NULL, 'CB000180030003', 77, 7, 5, 'G652', 'OK', '5', '1', 'CST', NULL, '2015-06-04 00:00:00', NULL, NULL, NULL, NULL);
INSERT INTO t_fibre VALUES ('FO180030003078', NULL, 'CB000180030003', 78, 7, 6, 'G652', 'OK', '6', '1', 'CST', NULL, '2015-06-04 00:00:00', NULL, NULL, NULL, NULL);
INSERT INTO t_fibre VALUES ('FO180030003079', NULL, 'CB000180030003', 79, 7, 7, 'G652', 'OK', '7', '1', 'CST', NULL, '2015-06-04 00:00:00', NULL, NULL, NULL, NULL);
INSERT INTO t_fibre VALUES ('FO180030003080', NULL, 'CB000180030003', 80, 7, 8, 'G652', 'OK', '8', '1', 'CST', NULL, '2015-06-04 00:00:00', NULL, NULL, NULL, NULL);
INSERT INTO t_fibre VALUES ('FO180030003081', NULL, 'CB000180030003', 81, 7, 9, 'G652', 'OK', '9', '1', 'CST', NULL, '2015-06-04 00:00:00', NULL, NULL, NULL, NULL);
INSERT INTO t_fibre VALUES ('FO180030003082', NULL, 'CB000180030003', 82, 7, 10, 'G652', 'OK', '10', '1', 'CST', NULL, '2015-06-04 00:00:00', NULL, NULL, NULL, NULL);
INSERT INTO t_fibre VALUES ('FO180030003083', NULL, 'CB000180030003', 83, 7, 11, 'G652', 'OK', '11', '1', 'CST', NULL, '2015-06-04 00:00:00', NULL, NULL, NULL, NULL);
INSERT INTO t_fibre VALUES ('FO180030003084', NULL, 'CB000180030003', 84, 7, 12, 'G652', 'OK', '12', '1', 'CST', NULL, '2015-06-04 00:00:00', NULL, NULL, NULL, NULL);
INSERT INTO t_fibre VALUES ('FO180030003085', NULL, 'CB000180030003', 85, 8, 1, 'G652', 'OK', '1', '1', 'CST', NULL, '2015-06-04 00:00:00', NULL, NULL, NULL, NULL);
INSERT INTO t_fibre VALUES ('FO180030003086', NULL, 'CB000180030003', 86, 8, 2, 'G652', 'OK', '2', '1', 'CST', NULL, '2015-06-04 00:00:00', NULL, NULL, NULL, NULL);
INSERT INTO t_fibre VALUES ('FO180030003087', NULL, 'CB000180030003', 87, 8, 3, 'G652', 'OK', '3', '1', 'CST', NULL, '2015-06-04 00:00:00', NULL, NULL, NULL, NULL);
INSERT INTO t_fibre VALUES ('FO180030003088', NULL, 'CB000180030003', 88, 8, 4, 'G652', 'OK', '4', '1', 'CST', NULL, '2015-06-04 00:00:00', NULL, NULL, NULL, NULL);
INSERT INTO t_fibre VALUES ('FO180030003089', NULL, 'CB000180030003', 89, 8, 5, 'G652', 'OK', '5', '1', 'CST', NULL, '2015-06-04 00:00:00', NULL, NULL, NULL, NULL);
INSERT INTO t_fibre VALUES ('FO180030003090', NULL, 'CB000180030003', 90, 8, 6, 'G652', 'OK', '6', '1', 'CST', NULL, '2015-06-04 00:00:00', NULL, NULL, NULL, NULL);
INSERT INTO t_fibre VALUES ('FO180030003091', NULL, 'CB000180030003', 91, 8, 7, 'G652', 'OK', '7', '1', 'CST', NULL, '2015-06-04 00:00:00', NULL, NULL, NULL, NULL);
INSERT INTO t_fibre VALUES ('FO180030003092', NULL, 'CB000180030003', 92, 8, 8, 'G652', 'OK', '8', '1', 'CST', NULL, '2015-06-04 00:00:00', NULL, NULL, NULL, NULL);
INSERT INTO t_fibre VALUES ('FO180030003093', NULL, 'CB000180030003', 93, 8, 9, 'G652', 'OK', '9', '1', 'CST', NULL, '2015-06-04 00:00:00', NULL, NULL, NULL, NULL);
INSERT INTO t_fibre VALUES ('FO180030003094', NULL, 'CB000180030003', 94, 8, 10, 'G652', 'OK', '10', '1', 'CST', NULL, '2015-06-04 00:00:00', NULL, NULL, NULL, NULL);
INSERT INTO t_fibre VALUES ('FO180030003095', NULL, 'CB000180030003', 95, 8, 11, 'G652', 'OK', '11', '1', 'CST', NULL, '2015-06-04 00:00:00', NULL, NULL, NULL, NULL);
INSERT INTO t_fibre VALUES ('FO180030003096', NULL, 'CB000180030003', 96, 8, 12, 'G652', 'OK', '12', '1', 'CST', NULL, '2015-06-04 00:00:00', NULL, NULL, NULL, NULL);
INSERT INTO t_fibre VALUES ('FO180030007001', NULL, 'CB000180030007', 1, 1, 1, 'G652', 'OK', '1', '1', 'CST', NULL, '2015-06-02 00:00:00', NULL, NULL, NULL, NULL);
INSERT INTO t_fibre VALUES ('FO180030007002', NULL, 'CB000180030007', 2, 1, 2, 'G652', 'OK', '2', '1', 'CST', NULL, '2015-06-02 00:00:00', NULL, NULL, NULL, NULL);
INSERT INTO t_fibre VALUES ('FO180030007003', NULL, 'CB000180030007', 3, 1, 3, 'G652', 'OK', '3', '1', 'CST', NULL, '2015-06-02 00:00:00', NULL, NULL, NULL, NULL);
INSERT INTO t_fibre VALUES ('FO180030007004', NULL, 'CB000180030007', 4, 1, 4, 'G652', 'OK', '4', '1', 'CST', NULL, '2015-06-02 00:00:00', NULL, NULL, NULL, NULL);
INSERT INTO t_fibre VALUES ('FO180030007005', NULL, 'CB000180030007', 5, 1, 5, 'G652', 'OK', '5', '1', 'CST', NULL, '2015-06-02 00:00:00', NULL, NULL, NULL, NULL);
INSERT INTO t_fibre VALUES ('FO180030007006', NULL, 'CB000180030007', 6, 1, 6, 'G652', 'OK', '6', '1', 'CST', NULL, '2015-06-02 00:00:00', NULL, NULL, NULL, NULL);
INSERT INTO t_fibre VALUES ('FO180030007007', NULL, 'CB000180030007', 7, 1, 7, 'G652', 'OK', '7', '1', 'CST', NULL, '2015-06-02 00:00:00', NULL, NULL, NULL, NULL);
INSERT INTO t_fibre VALUES ('FO180030007008', NULL, 'CB000180030007', 8, 1, 8, 'G652', 'OK', '8', '1', 'CST', NULL, '2015-06-02 00:00:00', NULL, NULL, NULL, NULL);
INSERT INTO t_fibre VALUES ('FO180030007009', NULL, 'CB000180030007', 9, 1, 9, 'G652', 'OK', '9', '1', 'CST', NULL, '2015-06-02 00:00:00', NULL, NULL, NULL, NULL);
INSERT INTO t_fibre VALUES ('FO180030007010', NULL, 'CB000180030007', 10, 1, 10, 'G652', 'OK', '10', '1', 'CST', NULL, '2015-06-02 00:00:00', NULL, NULL, NULL, NULL);
INSERT INTO t_fibre VALUES ('FO180030007011', NULL, 'CB000180030007', 11, 1, 11, 'G652', 'OK', '11', '1', 'CST', NULL, '2015-06-02 00:00:00', NULL, NULL, NULL, NULL);
INSERT INTO t_fibre VALUES ('FO180030007012', NULL, 'CB000180030007', 12, 1, 12, 'G652', 'OK', '12', '1', 'CST', NULL, '2015-06-02 00:00:00', NULL, NULL, NULL, NULL);
INSERT INTO t_fibre VALUES ('FO180030007013', NULL, 'CB000180030007', 13, 2, 1, 'G652', 'OK', '1', '1', 'CST', NULL, '2015-06-02 00:00:00', NULL, NULL, NULL, NULL);
INSERT INTO t_fibre VALUES ('FO180030007014', NULL, 'CB000180030007', 14, 2, 2, 'G652', 'OK', '2', '1', 'CST', NULL, '2015-06-02 00:00:00', NULL, NULL, NULL, NULL);
INSERT INTO t_fibre VALUES ('FO180030007015', NULL, 'CB000180030007', 15, 2, 3, 'G652', 'OK', '3', '1', 'CST', NULL, '2015-06-02 00:00:00', NULL, NULL, NULL, NULL);
INSERT INTO t_fibre VALUES ('FO180030007016', NULL, 'CB000180030007', 16, 2, 4, 'G652', 'OK', '4', '1', 'CST', NULL, '2015-06-02 00:00:00', NULL, NULL, NULL, NULL);
INSERT INTO t_fibre VALUES ('FO180030007017', NULL, 'CB000180030007', 17, 2, 5, 'G652', 'OK', '5', '1', 'CST', NULL, '2015-06-02 00:00:00', NULL, NULL, NULL, NULL);
INSERT INTO t_fibre VALUES ('FO180030007018', NULL, 'CB000180030007', 18, 2, 6, 'G652', 'OK', '6', '1', 'CST', NULL, '2015-06-02 00:00:00', NULL, NULL, NULL, NULL);
INSERT INTO t_fibre VALUES ('FO180030007019', NULL, 'CB000180030007', 19, 2, 7, 'G652', 'OK', '7', '1', 'CST', NULL, '2015-06-02 00:00:00', NULL, NULL, NULL, NULL);
INSERT INTO t_fibre VALUES ('FO180030007020', NULL, 'CB000180030007', 20, 2, 8, 'G652', 'OK', '8', '1', 'CST', NULL, '2015-06-02 00:00:00', NULL, NULL, NULL, NULL);
INSERT INTO t_fibre VALUES ('FO180030007021', NULL, 'CB000180030007', 21, 2, 9, 'G652', 'OK', '9', '1', 'CST', NULL, '2015-06-02 00:00:00', NULL, NULL, NULL, NULL);
INSERT INTO t_fibre VALUES ('FO180030007022', NULL, 'CB000180030007', 22, 2, 10, 'G652', 'OK', '10', '1', 'CST', NULL, '2015-06-02 00:00:00', NULL, NULL, NULL, NULL);
INSERT INTO t_fibre VALUES ('FO180030007023', NULL, 'CB000180030007', 23, 2, 11, 'G652', 'OK', '11', '1', 'CST', NULL, '2015-06-02 00:00:00', NULL, NULL, NULL, NULL);
INSERT INTO t_fibre VALUES ('FO180030007024', NULL, 'CB000180030007', 24, 2, 12, 'G652', 'OK', '12', '1', 'CST', NULL, '2015-06-02 00:00:00', NULL, NULL, NULL, NULL);
INSERT INTO t_fibre VALUES ('FO180030007025', NULL, 'CB000180030007', 25, 3, 1, 'G652', 'OK', '1', '1', 'CST', NULL, '2015-06-02 00:00:00', NULL, NULL, NULL, NULL);
INSERT INTO t_fibre VALUES ('FO180030007026', NULL, 'CB000180030007', 26, 3, 2, 'G652', 'OK', '2', '1', 'CST', NULL, '2015-06-02 00:00:00', NULL, NULL, NULL, NULL);
INSERT INTO t_fibre VALUES ('FO180030007027', NULL, 'CB000180030007', 27, 3, 3, 'G652', 'OK', '3', '1', 'CST', NULL, '2015-06-02 00:00:00', NULL, NULL, NULL, NULL);
INSERT INTO t_fibre VALUES ('FO180030007028', NULL, 'CB000180030007', 28, 3, 4, 'G652', 'OK', '4', '1', 'CST', NULL, '2015-06-02 00:00:00', NULL, NULL, NULL, NULL);
INSERT INTO t_fibre VALUES ('FO180030007029', NULL, 'CB000180030007', 29, 3, 5, 'G652', 'OK', '5', '1', 'CST', NULL, '2015-06-02 00:00:00', NULL, NULL, NULL, NULL);
INSERT INTO t_fibre VALUES ('FO180030007030', NULL, 'CB000180030007', 30, 3, 6, 'G652', 'OK', '6', '1', 'CST', NULL, '2015-06-02 00:00:00', NULL, NULL, NULL, NULL);
INSERT INTO t_fibre VALUES ('FO180030007031', NULL, 'CB000180030007', 31, 3, 7, 'G652', 'OK', '7', '1', 'CST', NULL, '2015-06-02 00:00:00', NULL, NULL, NULL, NULL);
INSERT INTO t_fibre VALUES ('FO180030007032', NULL, 'CB000180030007', 32, 3, 8, 'G652', 'OK', '8', '1', 'CST', NULL, '2015-06-02 00:00:00', NULL, NULL, NULL, NULL);
INSERT INTO t_fibre VALUES ('FO180030007033', NULL, 'CB000180030007', 33, 3, 9, 'G652', 'OK', '9', '1', 'CST', NULL, '2015-06-02 00:00:00', NULL, NULL, NULL, NULL);
INSERT INTO t_fibre VALUES ('FO180030007034', NULL, 'CB000180030007', 34, 3, 10, 'G652', 'OK', '10', '1', 'CST', NULL, '2015-06-02 00:00:00', NULL, NULL, NULL, NULL);
INSERT INTO t_fibre VALUES ('FO180030007035', NULL, 'CB000180030007', 35, 3, 11, 'G652', 'OK', '11', '1', 'CST', NULL, '2015-06-02 00:00:00', NULL, NULL, NULL, NULL);
INSERT INTO t_fibre VALUES ('FO180030007036', NULL, 'CB000180030007', 36, 3, 12, 'G652', 'OK', '12', '1', 'CST', NULL, '2015-06-02 00:00:00', NULL, NULL, NULL, NULL);
INSERT INTO t_fibre VALUES ('FO180030007037', NULL, 'CB000180030007', 37, 4, 1, 'G652', 'OK', '1', '1', 'CST', NULL, '2015-06-02 00:00:00', NULL, NULL, NULL, NULL);
INSERT INTO t_fibre VALUES ('FO180030007038', NULL, 'CB000180030007', 38, 4, 2, 'G652', 'OK', '2', '1', 'CST', NULL, '2015-06-02 00:00:00', NULL, NULL, NULL, NULL);
INSERT INTO t_fibre VALUES ('FO180030007039', NULL, 'CB000180030007', 39, 4, 3, 'G652', 'OK', '3', '1', 'CST', NULL, '2015-06-02 00:00:00', NULL, NULL, NULL, NULL);
INSERT INTO t_fibre VALUES ('FO180030007040', NULL, 'CB000180030007', 40, 4, 4, 'G652', 'OK', '4', '1', 'CST', NULL, '2015-06-02 00:00:00', NULL, NULL, NULL, NULL);
INSERT INTO t_fibre VALUES ('FO180030007041', NULL, 'CB000180030007', 41, 4, 5, 'G652', 'OK', '5', '1', 'CST', NULL, '2015-06-02 00:00:00', NULL, NULL, NULL, NULL);
INSERT INTO t_fibre VALUES ('FO180030007042', NULL, 'CB000180030007', 42, 4, 6, 'G652', 'OK', '6', '1', 'CST', NULL, '2015-06-02 00:00:00', NULL, NULL, NULL, NULL);
INSERT INTO t_fibre VALUES ('FO180030007043', NULL, 'CB000180030007', 43, 4, 7, 'G652', 'OK', '7', '1', 'CST', NULL, '2015-06-02 00:00:00', NULL, NULL, NULL, NULL);
INSERT INTO t_fibre VALUES ('FO180030007044', NULL, 'CB000180030007', 44, 4, 8, 'G652', 'OK', '8', '1', 'CST', NULL, '2015-06-02 00:00:00', NULL, NULL, NULL, NULL);
INSERT INTO t_fibre VALUES ('FO180030007045', NULL, 'CB000180030007', 45, 4, 9, 'G652', 'OK', '9', '1', 'CST', NULL, '2015-06-02 00:00:00', NULL, NULL, NULL, NULL);
INSERT INTO t_fibre VALUES ('FO180030007046', NULL, 'CB000180030007', 46, 4, 10, 'G652', 'OK', '10', '1', 'CST', NULL, '2015-06-02 00:00:00', NULL, NULL, NULL, NULL);
INSERT INTO t_fibre VALUES ('FO180030007047', NULL, 'CB000180030007', 47, 4, 11, 'G652', 'OK', '11', '1', 'CST', NULL, '2015-06-02 00:00:00', NULL, NULL, NULL, NULL);
INSERT INTO t_fibre VALUES ('FO180030007048', NULL, 'CB000180030007', 48, 4, 12, 'G652', 'OK', '12', '1', 'CST', NULL, '2015-06-02 00:00:00', NULL, NULL, NULL, NULL);
INSERT INTO t_fibre VALUES ('FO180030007049', NULL, 'CB000180030007', 49, 5, 1, 'G652', 'OK', '1', '1', 'CST', NULL, '2015-06-02 00:00:00', NULL, NULL, NULL, NULL);
INSERT INTO t_fibre VALUES ('FO180030007050', NULL, 'CB000180030007', 50, 5, 2, 'G652', 'OK', '2', '1', 'CST', NULL, '2015-06-02 00:00:00', NULL, NULL, NULL, NULL);
INSERT INTO t_fibre VALUES ('FO180030007051', NULL, 'CB000180030007', 51, 5, 3, 'G652', 'OK', '3', '1', 'CST', NULL, '2015-06-02 00:00:00', NULL, NULL, NULL, NULL);
INSERT INTO t_fibre VALUES ('FO180030007052', NULL, 'CB000180030007', 52, 5, 4, 'G652', 'OK', '4', '1', 'CST', NULL, '2015-06-02 00:00:00', NULL, NULL, NULL, NULL);
INSERT INTO t_fibre VALUES ('FO180030007053', NULL, 'CB000180030007', 53, 5, 5, 'G652', 'OK', '5', '1', 'CST', NULL, '2015-06-02 00:00:00', NULL, NULL, NULL, NULL);
INSERT INTO t_fibre VALUES ('FO180030007054', NULL, 'CB000180030007', 54, 5, 6, 'G652', 'OK', '6', '1', 'CST', NULL, '2015-06-02 00:00:00', NULL, NULL, NULL, NULL);
INSERT INTO t_fibre VALUES ('FO180030007055', NULL, 'CB000180030007', 55, 5, 7, 'G652', 'OK', '7', '1', 'CST', NULL, '2015-06-02 00:00:00', NULL, NULL, NULL, NULL);
INSERT INTO t_fibre VALUES ('FO180030007056', NULL, 'CB000180030007', 56, 5, 8, 'G652', 'OK', '8', '1', 'CST', NULL, '2015-06-02 00:00:00', NULL, NULL, NULL, NULL);
INSERT INTO t_fibre VALUES ('FO180030007057', NULL, 'CB000180030007', 57, 5, 9, 'G652', 'OK', '9', '1', 'CST', NULL, '2015-06-02 00:00:00', NULL, NULL, NULL, NULL);
INSERT INTO t_fibre VALUES ('FO180030007058', NULL, 'CB000180030007', 58, 5, 10, 'G652', 'OK', '10', '1', 'CST', NULL, '2015-06-02 00:00:00', NULL, NULL, NULL, NULL);
INSERT INTO t_fibre VALUES ('FO180030007059', NULL, 'CB000180030007', 59, 5, 11, 'G652', 'OK', '11', '1', 'CST', NULL, '2015-06-02 00:00:00', NULL, NULL, NULL, NULL);
INSERT INTO t_fibre VALUES ('FO180030007060', NULL, 'CB000180030007', 60, 5, 12, 'G652', 'OK', '12', '1', 'CST', NULL, '2015-06-02 00:00:00', NULL, NULL, NULL, NULL);
INSERT INTO t_fibre VALUES ('FO180030007061', NULL, 'CB000180030007', 61, 6, 1, 'G652', 'OK', '1', '1', 'CST', NULL, '2015-06-02 00:00:00', NULL, NULL, NULL, NULL);
INSERT INTO t_fibre VALUES ('FO180030007062', NULL, 'CB000180030007', 62, 6, 2, 'G652', 'OK', '2', '1', 'CST', NULL, '2015-06-02 00:00:00', NULL, NULL, NULL, NULL);
INSERT INTO t_fibre VALUES ('FO180030007063', NULL, 'CB000180030007', 63, 6, 3, 'G652', 'OK', '3', '1', 'CST', NULL, '2015-06-02 00:00:00', NULL, NULL, NULL, NULL);
INSERT INTO t_fibre VALUES ('FO180030007064', NULL, 'CB000180030007', 64, 6, 4, 'G652', 'OK', '4', '1', 'CST', NULL, '2015-06-02 00:00:00', NULL, NULL, NULL, NULL);
INSERT INTO t_fibre VALUES ('FO180030007065', NULL, 'CB000180030007', 65, 6, 5, 'G652', 'OK', '5', '1', 'CST', NULL, '2015-06-02 00:00:00', NULL, NULL, NULL, NULL);
INSERT INTO t_fibre VALUES ('FO180030007066', NULL, 'CB000180030007', 66, 6, 6, 'G652', 'OK', '6', '1', 'CST', NULL, '2015-06-02 00:00:00', NULL, NULL, NULL, NULL);
INSERT INTO t_fibre VALUES ('FO180030007067', NULL, 'CB000180030007', 67, 6, 7, 'G652', 'OK', '7', '1', 'CST', NULL, '2015-06-02 00:00:00', NULL, NULL, NULL, NULL);
INSERT INTO t_fibre VALUES ('FO180030007068', NULL, 'CB000180030007', 68, 6, 8, 'G652', 'OK', '8', '1', 'CST', NULL, '2015-06-02 00:00:00', NULL, NULL, NULL, NULL);
INSERT INTO t_fibre VALUES ('FO180030007069', NULL, 'CB000180030007', 69, 6, 9, 'G652', 'OK', '9', '1', 'CST', NULL, '2015-06-02 00:00:00', NULL, NULL, NULL, NULL);
INSERT INTO t_fibre VALUES ('FO180030007070', NULL, 'CB000180030007', 70, 6, 10, 'G652', 'OK', '10', '1', 'CST', NULL, '2015-06-02 00:00:00', NULL, NULL, NULL, NULL);
INSERT INTO t_fibre VALUES ('FO180030007071', NULL, 'CB000180030007', 71, 6, 11, 'G652', 'OK', '11', '1', 'CST', NULL, '2015-06-02 00:00:00', NULL, NULL, NULL, NULL);
INSERT INTO t_fibre VALUES ('FO180030007072', NULL, 'CB000180030007', 72, 6, 12, 'G652', 'OK', '12', '1', 'CST', NULL, '2015-06-02 00:00:00', NULL, NULL, NULL, NULL);
INSERT INTO t_fibre VALUES ('FO180030007073', NULL, 'CB000180030007', 73, 7, 1, 'G652', 'OK', '1', '1', 'CST', NULL, '2015-06-02 00:00:00', NULL, NULL, NULL, NULL);
INSERT INTO t_fibre VALUES ('FO180030007074', NULL, 'CB000180030007', 74, 7, 2, 'G652', 'OK', '2', '1', 'CST', NULL, '2015-06-02 00:00:00', NULL, NULL, NULL, NULL);
INSERT INTO t_fibre VALUES ('FO180030007075', NULL, 'CB000180030007', 75, 7, 3, 'G652', 'OK', '3', '1', 'CST', NULL, '2015-06-02 00:00:00', NULL, NULL, NULL, NULL);
INSERT INTO t_fibre VALUES ('FO180030007076', NULL, 'CB000180030007', 76, 7, 4, 'G652', 'OK', '4', '1', 'CST', NULL, '2015-06-02 00:00:00', NULL, NULL, NULL, NULL);
INSERT INTO t_fibre VALUES ('FO180030007077', NULL, 'CB000180030007', 77, 7, 5, 'G652', 'OK', '5', '1', 'CST', NULL, '2015-06-02 00:00:00', NULL, NULL, NULL, NULL);
INSERT INTO t_fibre VALUES ('FO180030007078', NULL, 'CB000180030007', 78, 7, 6, 'G652', 'OK', '6', '1', 'CST', NULL, '2015-06-02 00:00:00', NULL, NULL, NULL, NULL);
INSERT INTO t_fibre VALUES ('FO180030007079', NULL, 'CB000180030007', 79, 7, 7, 'G652', 'OK', '7', '1', 'CST', NULL, '2015-06-02 00:00:00', NULL, NULL, NULL, NULL);
INSERT INTO t_fibre VALUES ('FO180030007080', NULL, 'CB000180030007', 80, 7, 8, 'G652', 'OK', '8', '1', 'CST', NULL, '2015-06-02 00:00:00', NULL, NULL, NULL, NULL);
INSERT INTO t_fibre VALUES ('FO180030007081', NULL, 'CB000180030007', 81, 7, 9, 'G652', 'OK', '9', '1', 'CST', NULL, '2015-06-02 00:00:00', NULL, NULL, NULL, NULL);
INSERT INTO t_fibre VALUES ('FO180030007082', NULL, 'CB000180030007', 82, 7, 10, 'G652', 'OK', '10', '1', 'CST', NULL, '2015-06-02 00:00:00', NULL, NULL, NULL, NULL);
INSERT INTO t_fibre VALUES ('FO180030007083', NULL, 'CB000180030007', 83, 7, 11, 'G652', 'OK', '11', '1', 'CST', NULL, '2015-06-02 00:00:00', NULL, NULL, NULL, NULL);
INSERT INTO t_fibre VALUES ('FO180030007084', NULL, 'CB000180030007', 84, 7, 12, 'G652', 'OK', '12', '1', 'CST', NULL, '2015-06-02 00:00:00', NULL, NULL, NULL, NULL);
INSERT INTO t_fibre VALUES ('FO180030007085', NULL, 'CB000180030007', 85, 8, 1, 'G652', 'OK', '1', '1', 'CST', NULL, '2015-06-02 00:00:00', NULL, NULL, NULL, NULL);
INSERT INTO t_fibre VALUES ('FO180030007086', NULL, 'CB000180030007', 86, 8, 2, 'G652', 'OK', '2', '1', 'CST', NULL, '2015-06-02 00:00:00', NULL, NULL, NULL, NULL);
INSERT INTO t_fibre VALUES ('FO180030007087', NULL, 'CB000180030007', 87, 8, 3, 'G652', 'OK', '3', '1', 'CST', NULL, '2015-06-02 00:00:00', NULL, NULL, NULL, NULL);
INSERT INTO t_fibre VALUES ('FO180030007088', NULL, 'CB000180030007', 88, 8, 4, 'G652', 'OK', '4', '1', 'CST', NULL, '2015-06-02 00:00:00', NULL, NULL, NULL, NULL);
INSERT INTO t_fibre VALUES ('FO180030007089', NULL, 'CB000180030007', 89, 8, 5, 'G652', 'OK', '5', '1', 'CST', NULL, '2015-06-02 00:00:00', NULL, NULL, NULL, NULL);
INSERT INTO t_fibre VALUES ('FO180030007090', NULL, 'CB000180030007', 90, 8, 6, 'G652', 'OK', '6', '1', 'CST', NULL, '2015-06-02 00:00:00', NULL, NULL, NULL, NULL);
INSERT INTO t_fibre VALUES ('FO180030007091', NULL, 'CB000180030007', 91, 8, 7, 'G652', 'OK', '7', '1', 'CST', NULL, '2015-06-02 00:00:00', NULL, NULL, NULL, NULL);
INSERT INTO t_fibre VALUES ('FO180030007092', NULL, 'CB000180030007', 92, 8, 8, 'G652', 'OK', '8', '1', 'CST', NULL, '2015-06-02 00:00:00', NULL, NULL, NULL, NULL);
INSERT INTO t_fibre VALUES ('FO180030007093', NULL, 'CB000180030007', 93, 8, 9, 'G652', 'OK', '9', '1', 'CST', NULL, '2015-06-02 00:00:00', NULL, NULL, NULL, NULL);
INSERT INTO t_fibre VALUES ('FO180030007094', NULL, 'CB000180030007', 94, 8, 10, 'G652', 'OK', '10', '1', 'CST', NULL, '2015-06-02 00:00:00', NULL, NULL, NULL, NULL);
INSERT INTO t_fibre VALUES ('FO180030007095', NULL, 'CB000180030007', 95, 8, 11, 'G652', 'OK', '11', '1', 'CST', NULL, '2015-06-02 00:00:00', NULL, NULL, NULL, NULL);
INSERT INTO t_fibre VALUES ('FO180030007096', NULL, 'CB000180030007', 96, 8, 12, 'G652', 'OK', '12', '1', 'CST', NULL, '2015-06-02 00:00:00', NULL, NULL, NULL, NULL);
INSERT INTO t_fibre VALUES ('FO180030007101', NULL, 'CB001800300071', 1, NULL, NULL, 'G652', 'OK', NULL, NULL, 'CST', NULL, '2015-06-03 00:00:00', NULL, NULL, NULL, NULL);
INSERT INTO t_fibre VALUES ('FO180030007102', NULL, 'CB001800300071', 2, NULL, NULL, 'G652', 'OK', NULL, NULL, 'CST', NULL, '2015-06-03 00:00:00', NULL, NULL, NULL, NULL);
INSERT INTO t_fibre VALUES ('FO180030008101', NULL, 'CB001800300081', 1, NULL, NULL, 'G652', 'OK', NULL, NULL, 'CST', NULL, '2015-06-03 00:00:00', NULL, NULL, NULL, NULL);
INSERT INTO t_fibre VALUES ('FO180030017101', NULL, 'CB001800300171', 1, NULL, NULL, 'G652', 'OK', NULL, NULL, 'CST', NULL, '2015-06-08 00:00:00', NULL, NULL, NULL, NULL);
INSERT INTO t_fibre VALUES ('FO180030027101', NULL, 'CB001800300271', 1, NULL, NULL, 'G652', 'OK', NULL, NULL, 'CST', NULL, '2015-06-08 00:00:00', NULL, NULL, NULL, NULL);
INSERT INTO t_fibre VALUES ('FO180030037101', NULL, 'CB001800300371', 1, NULL, NULL, 'G652', 'OK', NULL, NULL, 'CST', NULL, '2015-06-08 00:00:00', NULL, NULL, NULL, NULL);
INSERT INTO t_fibre VALUES ('FO180030047101', NULL, 'CB001800300471', 1, NULL, NULL, 'G652', 'OK', NULL, NULL, 'CST', NULL, '2015-06-08 00:00:00', NULL, NULL, NULL, NULL);
INSERT INTO t_fibre VALUES ('FO180030057101', NULL, 'CB001800300571', 1, NULL, NULL, 'G652', 'OK', NULL, NULL, 'CST', NULL, '2015-06-08 00:00:00', NULL, NULL, NULL, NULL);
INSERT INTO t_fibre VALUES ('FO180030067101', NULL, 'CB001800300671', 1, NULL, NULL, 'G652', 'OK', NULL, NULL, 'CST', NULL, '2015-06-08 00:00:00', NULL, NULL, NULL, NULL);
INSERT INTO t_fibre VALUES ('FO180030077101', NULL, 'CB001800300771', 1, NULL, NULL, 'G652', 'OK', NULL, NULL, 'CST', NULL, '2015-06-08 00:00:00', NULL, NULL, NULL, NULL);
INSERT INTO t_fibre VALUES ('FO180030087101', NULL, 'CB001800300871', 1, NULL, NULL, 'G652', 'OK', NULL, NULL, 'CST', NULL, '2015-06-08 00:00:00', NULL, NULL, NULL, NULL);
INSERT INTO t_fibre VALUES ('FO180030097101', NULL, 'CB001800300971', 1, NULL, NULL, 'G652', 'OK', NULL, NULL, 'CST', NULL, '2015-06-08 00:00:00', NULL, NULL, NULL, NULL);
INSERT INTO t_fibre VALUES ('FO180030107101', NULL, 'CB001800301071', 1, NULL, NULL, 'G652', 'OK', NULL, NULL, 'CST', NULL, '2015-06-08 00:00:00', NULL, NULL, NULL, NULL);
INSERT INTO t_fibre VALUES ('FO180030117101', NULL, 'CB001800301171', 1, NULL, NULL, 'G652', 'OK', NULL, NULL, 'CST', NULL, '2015-06-08 00:00:00', NULL, NULL, NULL, NULL);
INSERT INTO t_fibre VALUES ('FO180030127101', NULL, 'CB001800301271', 1, NULL, NULL, 'G652', 'OK', NULL, NULL, 'CST', NULL, '2015-06-08 00:00:00', NULL, NULL, NULL, NULL);
INSERT INTO t_fibre VALUES ('FO180030137101', NULL, 'CB001800301371', 1, NULL, NULL, 'G652', 'OK', NULL, NULL, 'CST', NULL, '2015-06-08 00:00:00', NULL, NULL, NULL, NULL);
INSERT INTO t_fibre VALUES ('FO180030157101', NULL, 'CB001800301571', 1, NULL, NULL, 'G652', 'OK', NULL, NULL, 'CST', NULL, '2015-06-08 00:00:00', NULL, NULL, NULL, NULL);
INSERT INTO t_fibre VALUES ('FO180030167101', NULL, 'CB001800301671', 1, NULL, NULL, 'G652', 'OK', NULL, NULL, 'CST', NULL, '2015-06-08 00:00:00', NULL, NULL, NULL, NULL);
INSERT INTO t_fibre VALUES ('FO180030177101', NULL, 'CB001800301771', 1, NULL, NULL, 'G652', 'OK', NULL, NULL, 'CST', NULL, '2015-06-08 00:00:00', NULL, NULL, NULL, NULL);
INSERT INTO t_fibre VALUES ('FO180030187101', NULL, 'CB001800301871', 1, NULL, NULL, 'G652', 'OK', NULL, NULL, 'CST', NULL, '2015-06-08 00:00:00', NULL, NULL, NULL, NULL);
INSERT INTO t_fibre VALUES ('FO180030197101', NULL, 'CB001800301971', 1, NULL, NULL, 'G652', 'OK', NULL, NULL, 'CST', NULL, '2015-06-08 00:00:00', NULL, NULL, NULL, NULL);
INSERT INTO t_fibre VALUES ('FO180030207101', NULL, 'CB001800302071', 1, NULL, NULL, 'G652', 'OK', NULL, NULL, 'CST', NULL, '2015-06-08 00:00:00', NULL, NULL, NULL, NULL);
INSERT INTO t_fibre VALUES ('FO180030217101', NULL, 'CB001800302171', 1, NULL, NULL, 'G652', 'OK', NULL, NULL, 'CST', NULL, '2015-06-08 00:00:00', NULL, NULL, NULL, NULL);
INSERT INTO t_fibre VALUES ('FO180030227101', NULL, 'CB001800302271', 1, NULL, NULL, 'G652', 'OK', NULL, NULL, 'CST', NULL, '2015-06-08 00:00:00', NULL, NULL, NULL, NULL);
INSERT INTO t_fibre VALUES ('FO180030237101', NULL, 'CB001800302371', 1, NULL, NULL, 'G652', 'OK', NULL, NULL, 'CST', NULL, '2015-06-08 00:00:00', NULL, NULL, NULL, NULL);
INSERT INTO t_fibre VALUES ('FO180030247101', NULL, 'CB001800302471', 1, NULL, NULL, 'G652', 'OK', NULL, NULL, 'CST', NULL, '2015-06-08 00:00:00', NULL, NULL, NULL, NULL);
INSERT INTO t_fibre VALUES ('FO180030257101', NULL, 'CB001800302571', 1, NULL, NULL, 'G652', 'OK', NULL, NULL, 'CST', NULL, '2015-06-08 00:00:00', NULL, NULL, NULL, NULL);
INSERT INTO t_fibre VALUES ('FO180030257102', NULL, 'CB001800302571', 2, NULL, NULL, 'G652', 'OK', NULL, NULL, 'CST', NULL, '2015-06-08 00:00:00', NULL, NULL, NULL, NULL);
INSERT INTO t_fibre VALUES ('FO180030329001', NULL, 'CB000180030329', 1, 1, 1, 'G657', 'OK', '1', '1', 'CST', NULL, '2015-06-02 00:00:00', NULL, NULL, NULL, NULL);
INSERT INTO t_fibre VALUES ('FO180030329002', NULL, 'CB000180030329', 2, 1, 2, 'G657', 'OK', '2', '1', 'CST', NULL, '2015-06-02 00:00:00', NULL, NULL, NULL, NULL);
INSERT INTO t_fibre VALUES ('FO180030329003', NULL, 'CB000180030329', 3, 1, 3, 'G657', 'OK', '3', '1', 'CST', NULL, '2015-06-02 00:00:00', NULL, NULL, NULL, NULL);
INSERT INTO t_fibre VALUES ('FO180030329004', NULL, 'CB000180030329', 4, 1, 4, 'G657', 'OK', '4', '1', 'CST', NULL, '2015-06-02 00:00:00', NULL, NULL, NULL, NULL);
INSERT INTO t_fibre VALUES ('FO180030329005', NULL, 'CB000180030329', 5, 1, 5, 'G657', 'OK', '5', '1', 'CST', NULL, '2015-06-02 00:00:00', NULL, NULL, NULL, NULL);
INSERT INTO t_fibre VALUES ('FO180030329006', NULL, 'CB000180030329', 6, 1, 6, 'G657', 'OK', '6', '1', 'CST', NULL, '2015-06-02 00:00:00', NULL, NULL, NULL, NULL);
INSERT INTO t_fibre VALUES ('FO180030329007', NULL, 'CB000180030329', 7, 2, 1, 'G657', 'OK', '1', '1', 'CST', NULL, '2015-06-02 00:00:00', NULL, NULL, NULL, NULL);
INSERT INTO t_fibre VALUES ('FO180030329008', NULL, 'CB000180030329', 8, 2, 2, 'G657', 'OK', '2', '1', 'CST', NULL, '2015-06-02 00:00:00', NULL, NULL, NULL, NULL);
INSERT INTO t_fibre VALUES ('FO180030329009', NULL, 'CB000180030329', 9, 2, 3, 'G657', 'OK', '3', '1', 'CST', NULL, '2015-06-02 00:00:00', NULL, NULL, NULL, NULL);
INSERT INTO t_fibre VALUES ('FO180030329010', NULL, 'CB000180030329', 10, 2, 4, 'G657', 'OK', '4', '1', 'CST', NULL, '2015-06-02 00:00:00', NULL, NULL, NULL, NULL);
INSERT INTO t_fibre VALUES ('FO180030329011', NULL, 'CB000180030329', 11, 2, 5, 'G657', 'OK', '5', '1', 'CST', NULL, '2015-06-02 00:00:00', NULL, NULL, NULL, NULL);
INSERT INTO t_fibre VALUES ('FO180030329012', NULL, 'CB000180030329', 12, 2, 6, 'G657', 'OK', '6', '1', 'CST', NULL, '2015-06-02 00:00:00', NULL, NULL, NULL, NULL);
INSERT INTO t_fibre VALUES ('FO180030341001', NULL, 'CB000180030341', 1, 1, 1, 'G657', 'OK', '1', '1', 'CST', NULL, '2015-06-02 00:00:00', NULL, NULL, NULL, NULL);
INSERT INTO t_fibre VALUES ('FO180030341002', NULL, 'CB000180030341', 2, 1, 2, 'G657', 'OK', '2', '1', 'CST', NULL, '2015-06-02 00:00:00', NULL, NULL, NULL, NULL);
INSERT INTO t_fibre VALUES ('FO180030341003', NULL, 'CB000180030341', 3, 1, 3, 'G657', 'OK', '3', '1', 'CST', NULL, '2015-06-02 00:00:00', NULL, NULL, NULL, NULL);
INSERT INTO t_fibre VALUES ('FO180030341004', NULL, 'CB000180030341', 4, 1, 4, 'G657', 'OK', '4', '1', 'CST', NULL, '2015-06-02 00:00:00', NULL, NULL, NULL, NULL);
INSERT INTO t_fibre VALUES ('FO180030341005', NULL, 'CB000180030341', 5, 1, 5, 'G657', 'OK', '5', '1', 'CST', NULL, '2015-06-02 00:00:00', NULL, NULL, NULL, NULL);
INSERT INTO t_fibre VALUES ('FO180030341006', NULL, 'CB000180030341', 6, 1, 6, 'G657', 'OK', '6', '1', 'CST', NULL, '2015-06-02 00:00:00', NULL, NULL, NULL, NULL);
INSERT INTO t_fibre VALUES ('FO180030341007', NULL, 'CB000180030341', 7, 2, 1, 'G657', 'OK', '1', '1', 'CST', NULL, '2015-06-02 00:00:00', NULL, NULL, NULL, NULL);
INSERT INTO t_fibre VALUES ('FO180030341008', NULL, 'CB000180030341', 8, 2, 2, 'G657', 'OK', '2', '1', 'CST', NULL, '2015-06-02 00:00:00', NULL, NULL, NULL, NULL);
INSERT INTO t_fibre VALUES ('FO180030341009', NULL, 'CB000180030341', 9, 2, 3, 'G657', 'OK', '3', '1', 'CST', NULL, '2015-06-02 00:00:00', NULL, NULL, NULL, NULL);
INSERT INTO t_fibre VALUES ('FO180030341010', NULL, 'CB000180030341', 10, 2, 4, 'G657', 'OK', '4', '1', 'CST', NULL, '2015-06-02 00:00:00', NULL, NULL, NULL, NULL);
INSERT INTO t_fibre VALUES ('FO180030341011', NULL, 'CB000180030341', 11, 2, 5, 'G657', 'OK', '5', '1', 'CST', NULL, '2015-06-02 00:00:00', NULL, NULL, NULL, NULL);
INSERT INTO t_fibre VALUES ('FO180030341012', NULL, 'CB000180030341', 12, 2, 6, 'G657', 'OK', '6', '1', 'CST', NULL, '2015-06-02 00:00:00', NULL, NULL, NULL, NULL);
INSERT INTO t_fibre VALUES ('FO180030341013', NULL, 'CB000180030341', 13, 3, 1, 'G657', 'OK', '1', '1', 'CST', NULL, '2015-06-02 00:00:00', NULL, NULL, NULL, NULL);
INSERT INTO t_fibre VALUES ('FO180030341014', NULL, 'CB000180030341', 14, 3, 2, 'G657', 'OK', '2', '1', 'CST', NULL, '2015-06-02 00:00:00', NULL, NULL, NULL, NULL);
INSERT INTO t_fibre VALUES ('FO180030341015', NULL, 'CB000180030341', 15, 3, 3, 'G657', 'OK', '3', '1', 'CST', NULL, '2015-06-02 00:00:00', NULL, NULL, NULL, NULL);
INSERT INTO t_fibre VALUES ('FO180030341016', NULL, 'CB000180030341', 16, 3, 4, 'G657', 'OK', '4', '1', 'CST', NULL, '2015-06-02 00:00:00', NULL, NULL, NULL, NULL);
INSERT INTO t_fibre VALUES ('FO180030341017', NULL, 'CB000180030341', 17, 3, 5, 'G657', 'OK', '5', '1', 'CST', NULL, '2015-06-02 00:00:00', NULL, NULL, NULL, NULL);
INSERT INTO t_fibre VALUES ('FO180030341018', NULL, 'CB000180030341', 18, 3, 6, 'G657', 'OK', '6', '1', 'CST', NULL, '2015-06-02 00:00:00', NULL, NULL, NULL, NULL);
INSERT INTO t_fibre VALUES ('FO180030341019', NULL, 'CB000180030341', 19, 4, 1, 'G657', 'OK', '1', '1', 'CST', NULL, '2015-06-02 00:00:00', NULL, NULL, NULL, NULL);
INSERT INTO t_fibre VALUES ('FO180030341020', NULL, 'CB000180030341', 20, 4, 2, 'G657', 'OK', '2', '1', 'CST', NULL, '2015-06-02 00:00:00', NULL, NULL, NULL, NULL);
INSERT INTO t_fibre VALUES ('FO180030341021', NULL, 'CB000180030341', 21, 4, 3, 'G657', 'OK', '3', '1', 'CST', NULL, '2015-06-02 00:00:00', NULL, NULL, NULL, NULL);
INSERT INTO t_fibre VALUES ('FO180030341022', NULL, 'CB000180030341', 22, 4, 4, 'G657', 'OK', '4', '1', 'CST', NULL, '2015-06-02 00:00:00', NULL, NULL, NULL, NULL);
INSERT INTO t_fibre VALUES ('FO180030341023', NULL, 'CB000180030341', 23, 4, 5, 'G657', 'OK', '5', '1', 'CST', NULL, '2015-06-02 00:00:00', NULL, NULL, NULL, NULL);
INSERT INTO t_fibre VALUES ('FO180030341024', NULL, 'CB000180030341', 24, 4, 6, 'G657', 'OK', '6', '1', 'CST', NULL, '2015-06-02 00:00:00', NULL, NULL, NULL, NULL);
INSERT INTO t_fibre VALUES ('FO180030147101', NULL, 'CB001800301471', 1, NULL, NULL, 'G652', 'OK', NULL, NULL, 'CST', NULL, '2015-06-08 00:00:00', NULL, NULL, NULL, NULL);
INSERT INTO t_fibre VALUES ('FO180030739001', NULL, 'CB000180030739', 1, 1, 1, 'G657', 'OK', '1', '1', 'CST', NULL, '2015-06-02 00:00:00', NULL, NULL, NULL, NULL);
INSERT INTO t_fibre VALUES ('FO180030739002', NULL, 'CB000180030739', 2, 1, 2, 'G657', 'OK', '2', '1', 'CST', NULL, '2015-06-02 00:00:00', NULL, NULL, NULL, NULL);
INSERT INTO t_fibre VALUES ('FO180030739003', NULL, 'CB000180030739', 3, 1, 3, 'G657', 'OK', '3', '1', 'CST', NULL, '2015-06-02 00:00:00', NULL, NULL, NULL, NULL);
INSERT INTO t_fibre VALUES ('FO180030739004', NULL, 'CB000180030739', 4, 1, 4, 'G657', 'OK', '4', '1', 'CST', NULL, '2015-06-02 00:00:00', NULL, NULL, NULL, NULL);
INSERT INTO t_fibre VALUES ('FO180030739005', NULL, 'CB000180030739', 5, 1, 5, 'G657', 'OK', '5', '1', 'CST', NULL, '2015-06-02 00:00:00', NULL, NULL, NULL, NULL);
INSERT INTO t_fibre VALUES ('FO180030739006', NULL, 'CB000180030739', 6, 1, 6, 'G657', 'OK', '6', '1', 'CST', NULL, '2015-06-02 00:00:00', NULL, NULL, NULL, NULL);
INSERT INTO t_fibre VALUES ('FO180030739007', NULL, 'CB000180030739', 7, 2, 1, 'G657', 'OK', '1', '1', 'CST', NULL, '2015-06-02 00:00:00', NULL, NULL, NULL, NULL);
INSERT INTO t_fibre VALUES ('FO180030739008', NULL, 'CB000180030739', 8, 2, 2, 'G657', 'OK', '2', '1', 'CST', NULL, '2015-06-02 00:00:00', NULL, NULL, NULL, NULL);
INSERT INTO t_fibre VALUES ('FO180030739009', NULL, 'CB000180030739', 9, 2, 3, 'G657', 'OK', '3', '1', 'CST', NULL, '2015-06-02 00:00:00', NULL, NULL, NULL, NULL);
INSERT INTO t_fibre VALUES ('FO180030739010', NULL, 'CB000180030739', 10, 2, 4, 'G657', 'OK', '4', '1', 'CST', NULL, '2015-06-02 00:00:00', NULL, NULL, NULL, NULL);
INSERT INTO t_fibre VALUES ('FO180030739011', NULL, 'CB000180030739', 11, 2, 5, 'G657', 'OK', '5', '1', 'CST', NULL, '2015-06-02 00:00:00', NULL, NULL, NULL, NULL);
INSERT INTO t_fibre VALUES ('FO180030739012', NULL, 'CB000180030739', 12, 2, 6, 'G657', 'OK', '6', '1', 'CST', NULL, '2015-06-02 00:00:00', NULL, NULL, NULL, NULL);
INSERT INTO t_fibre VALUES ('FO180030739013', NULL, 'CB000180030739', 13, 3, 1, 'G657', 'OK', '1', '1', 'CST', NULL, '2015-06-02 00:00:00', NULL, NULL, NULL, NULL);
INSERT INTO t_fibre VALUES ('FO180030739014', NULL, 'CB000180030739', 14, 3, 2, 'G657', 'OK', '2', '1', 'CST', NULL, '2015-06-02 00:00:00', NULL, NULL, NULL, NULL);
INSERT INTO t_fibre VALUES ('FO180030739015', NULL, 'CB000180030739', 15, 3, 3, 'G657', 'OK', '3', '1', 'CST', NULL, '2015-06-02 00:00:00', NULL, NULL, NULL, NULL);
INSERT INTO t_fibre VALUES ('FO180030739016', NULL, 'CB000180030739', 16, 3, 4, 'G657', 'OK', '4', '1', 'CST', NULL, '2015-06-02 00:00:00', NULL, NULL, NULL, NULL);
INSERT INTO t_fibre VALUES ('FO180030739017', NULL, 'CB000180030739', 17, 3, 5, 'G657', 'OK', '5', '1', 'CST', NULL, '2015-06-02 00:00:00', NULL, NULL, NULL, NULL);
INSERT INTO t_fibre VALUES ('FO180030739018', NULL, 'CB000180030739', 18, 3, 6, 'G657', 'OK', '6', '1', 'CST', NULL, '2015-06-02 00:00:00', NULL, NULL, NULL, NULL);
INSERT INTO t_fibre VALUES ('FO180030739019', NULL, 'CB000180030739', 19, 4, 1, 'G657', 'OK', '1', '1', 'CST', NULL, '2015-06-02 00:00:00', NULL, NULL, NULL, NULL);
INSERT INTO t_fibre VALUES ('FO180030739020', NULL, 'CB000180030739', 20, 4, 2, 'G657', 'OK', '2', '1', 'CST', NULL, '2015-06-02 00:00:00', NULL, NULL, NULL, NULL);
INSERT INTO t_fibre VALUES ('FO180030739021', NULL, 'CB000180030739', 21, 4, 3, 'G657', 'OK', '3', '1', 'CST', NULL, '2015-06-02 00:00:00', NULL, NULL, NULL, NULL);
INSERT INTO t_fibre VALUES ('FO180030739022', NULL, 'CB000180030739', 22, 4, 4, 'G657', 'OK', '4', '1', 'CST', NULL, '2015-06-02 00:00:00', NULL, NULL, NULL, NULL);
INSERT INTO t_fibre VALUES ('FO180030739023', NULL, 'CB000180030739', 23, 4, 5, 'G657', 'OK', '5', '1', 'CST', NULL, '2015-06-02 00:00:00', NULL, NULL, NULL, NULL);
INSERT INTO t_fibre VALUES ('FO180030739024', NULL, 'CB000180030739', 24, 4, 6, 'G657', 'OK', '6', '1', 'CST', NULL, '2015-06-02 00:00:00', NULL, NULL, NULL, NULL);
INSERT INTO t_fibre VALUES ('FO180030739025', NULL, 'CB000180030739', 25, 5, 1, 'G657', 'OK', '1', '1', 'CST', NULL, '2015-06-02 00:00:00', NULL, NULL, NULL, NULL);
INSERT INTO t_fibre VALUES ('FO180030739026', NULL, 'CB000180030739', 26, 5, 2, 'G657', 'OK', '2', '1', 'CST', NULL, '2015-06-02 00:00:00', NULL, NULL, NULL, NULL);
INSERT INTO t_fibre VALUES ('FO180030739027', NULL, 'CB000180030739', 27, 5, 3, 'G657', 'OK', '3', '1', 'CST', NULL, '2015-06-02 00:00:00', NULL, NULL, NULL, NULL);
INSERT INTO t_fibre VALUES ('FO180030739028', NULL, 'CB000180030739', 28, 5, 4, 'G657', 'OK', '4', '1', 'CST', NULL, '2015-06-02 00:00:00', NULL, NULL, NULL, NULL);
INSERT INTO t_fibre VALUES ('FO180030739029', NULL, 'CB000180030739', 29, 5, 5, 'G657', 'OK', '5', '1', 'CST', NULL, '2015-06-02 00:00:00', NULL, NULL, NULL, NULL);
INSERT INTO t_fibre VALUES ('FO180030739030', NULL, 'CB000180030739', 30, 5, 6, 'G657', 'OK', '6', '1', 'CST', NULL, '2015-06-02 00:00:00', NULL, NULL, NULL, NULL);
INSERT INTO t_fibre VALUES ('FO180030739031', NULL, 'CB000180030739', 31, 6, 1, 'G657', 'OK', '1', '1', 'CST', NULL, '2015-06-02 00:00:00', NULL, NULL, NULL, NULL);
INSERT INTO t_fibre VALUES ('FO180030739032', NULL, 'CB000180030739', 32, 6, 2, 'G657', 'OK', '2', '1', 'CST', NULL, '2015-06-02 00:00:00', NULL, NULL, NULL, NULL);
INSERT INTO t_fibre VALUES ('FO180030739033', NULL, 'CB000180030739', 33, 6, 3, 'G657', 'OK', '3', '1', 'CST', NULL, '2015-06-02 00:00:00', NULL, NULL, NULL, NULL);
INSERT INTO t_fibre VALUES ('FO180030739034', NULL, 'CB000180030739', 34, 6, 4, 'G657', 'OK', '4', '1', 'CST', NULL, '2015-06-02 00:00:00', NULL, NULL, NULL, NULL);
INSERT INTO t_fibre VALUES ('FO180030739035', NULL, 'CB000180030739', 35, 6, 5, 'G657', 'OK', '5', '1', 'CST', NULL, '2015-06-02 00:00:00', NULL, NULL, NULL, NULL);
INSERT INTO t_fibre VALUES ('FO180030739036', NULL, 'CB000180030739', 36, 6, 6, 'G657', 'OK', '6', '1', 'CST', NULL, '2015-06-02 00:00:00', NULL, NULL, NULL, NULL);
INSERT INTO t_fibre VALUES ('FO180030916001', NULL, 'CB000180030916', 1, 1, 1, 'G652', 'OK', '1', '1', 'CST', NULL, '2015-06-02 00:00:00', NULL, NULL, NULL, NULL);
INSERT INTO t_fibre VALUES ('FO180030916002', NULL, 'CB000180030916', 2, 1, 2, 'G652', 'OK', '2', '1', 'CST', NULL, '2015-06-02 00:00:00', NULL, NULL, NULL, NULL);
INSERT INTO t_fibre VALUES ('FO180030916003', NULL, 'CB000180030916', 3, 1, 3, 'G652', 'OK', '3', '1', 'CST', NULL, '2015-06-02 00:00:00', NULL, NULL, NULL, NULL);
INSERT INTO t_fibre VALUES ('FO180030916004', NULL, 'CB000180030916', 4, 1, 4, 'G652', 'OK', '4', '1', 'CST', NULL, '2015-06-02 00:00:00', NULL, NULL, NULL, NULL);
INSERT INTO t_fibre VALUES ('FO180030916005', NULL, 'CB000180030916', 5, 1, 5, 'G652', 'OK', '5', '1', 'CST', NULL, '2015-06-02 00:00:00', NULL, NULL, NULL, NULL);
INSERT INTO t_fibre VALUES ('FO180030916006', NULL, 'CB000180030916', 6, 1, 6, 'G652', 'OK', '6', '1', 'CST', NULL, '2015-06-02 00:00:00', NULL, NULL, NULL, NULL);
INSERT INTO t_fibre VALUES ('FO180030916007', NULL, 'CB000180030916', 7, 1, 7, 'G652', 'OK', '7', '1', 'CST', NULL, '2015-06-02 00:00:00', NULL, NULL, NULL, NULL);
INSERT INTO t_fibre VALUES ('FO180030916008', NULL, 'CB000180030916', 8, 1, 8, 'G652', 'OK', '8', '1', 'CST', NULL, '2015-06-02 00:00:00', NULL, NULL, NULL, NULL);
INSERT INTO t_fibre VALUES ('FO180030916009', NULL, 'CB000180030916', 9, 1, 9, 'G652', 'OK', '9', '1', 'CST', NULL, '2015-06-02 00:00:00', NULL, NULL, NULL, NULL);
INSERT INTO t_fibre VALUES ('FO180030916010', NULL, 'CB000180030916', 10, 1, 10, 'G652', 'OK', '10', '1', 'CST', NULL, '2015-06-02 00:00:00', NULL, NULL, NULL, NULL);
INSERT INTO t_fibre VALUES ('FO180030916011', NULL, 'CB000180030916', 11, 1, 11, 'G652', 'OK', '11', '1', 'CST', NULL, '2015-06-02 00:00:00', NULL, NULL, NULL, NULL);
INSERT INTO t_fibre VALUES ('FO180030916012', NULL, 'CB000180030916', 12, 1, 12, 'G652', 'OK', '12', '1', 'CST', NULL, '2015-06-02 00:00:00', NULL, NULL, NULL, NULL);
INSERT INTO t_fibre VALUES ('FO180030916013', NULL, 'CB000180030916', 13, 2, 1, 'G652', 'OK', '1', '1', 'CST', NULL, '2015-06-02 00:00:00', NULL, NULL, NULL, NULL);
INSERT INTO t_fibre VALUES ('FO180030916014', NULL, 'CB000180030916', 14, 2, 2, 'G652', 'OK', '2', '1', 'CST', NULL, '2015-06-02 00:00:00', NULL, NULL, NULL, NULL);
INSERT INTO t_fibre VALUES ('FO180030916015', NULL, 'CB000180030916', 15, 2, 3, 'G652', 'OK', '3', '1', 'CST', NULL, '2015-06-02 00:00:00', NULL, NULL, NULL, NULL);
INSERT INTO t_fibre VALUES ('FO180030916016', NULL, 'CB000180030916', 16, 2, 4, 'G652', 'OK', '4', '1', 'CST', NULL, '2015-06-02 00:00:00', NULL, NULL, NULL, NULL);
INSERT INTO t_fibre VALUES ('FO180030916017', NULL, 'CB000180030916', 17, 2, 5, 'G652', 'OK', '5', '1', 'CST', NULL, '2015-06-02 00:00:00', NULL, NULL, NULL, NULL);
INSERT INTO t_fibre VALUES ('FO180030916018', NULL, 'CB000180030916', 18, 2, 6, 'G652', 'OK', '6', '1', 'CST', NULL, '2015-06-02 00:00:00', NULL, NULL, NULL, NULL);
INSERT INTO t_fibre VALUES ('FO180030916019', NULL, 'CB000180030916', 19, 2, 7, 'G652', 'OK', '7', '1', 'CST', NULL, '2015-06-02 00:00:00', NULL, NULL, NULL, NULL);
INSERT INTO t_fibre VALUES ('FO180030916020', NULL, 'CB000180030916', 20, 2, 8, 'G652', 'OK', '8', '1', 'CST', NULL, '2015-06-02 00:00:00', NULL, NULL, NULL, NULL);
INSERT INTO t_fibre VALUES ('FO180030916021', NULL, 'CB000180030916', 21, 2, 9, 'G652', 'OK', '9', '1', 'CST', NULL, '2015-06-02 00:00:00', NULL, NULL, NULL, NULL);
INSERT INTO t_fibre VALUES ('FO180030916022', NULL, 'CB000180030916', 22, 2, 10, 'G652', 'OK', '10', '1', 'CST', NULL, '2015-06-02 00:00:00', NULL, NULL, NULL, NULL);
INSERT INTO t_fibre VALUES ('FO180030916023', NULL, 'CB000180030916', 23, 2, 11, 'G652', 'OK', '11', '1', 'CST', NULL, '2015-06-02 00:00:00', NULL, NULL, NULL, NULL);
INSERT INTO t_fibre VALUES ('FO180030916024', NULL, 'CB000180030916', 24, 2, 12, 'G652', 'OK', '12', '1', 'CST', NULL, '2015-06-02 00:00:00', NULL, NULL, NULL, NULL);
INSERT INTO t_fibre VALUES ('FO180030916025', NULL, 'CB000180030916', 25, 3, 1, 'G652', 'OK', '1', '1', 'CST', NULL, '2015-06-02 00:00:00', NULL, NULL, NULL, NULL);
INSERT INTO t_fibre VALUES ('FO180030916026', NULL, 'CB000180030916', 26, 3, 2, 'G652', 'OK', '2', '1', 'CST', NULL, '2015-06-02 00:00:00', NULL, NULL, NULL, NULL);
INSERT INTO t_fibre VALUES ('FO180030916027', NULL, 'CB000180030916', 27, 3, 3, 'G652', 'OK', '3', '1', 'CST', NULL, '2015-06-02 00:00:00', NULL, NULL, NULL, NULL);
INSERT INTO t_fibre VALUES ('FO180030916028', NULL, 'CB000180030916', 28, 3, 4, 'G652', 'OK', '4', '1', 'CST', NULL, '2015-06-02 00:00:00', NULL, NULL, NULL, NULL);
INSERT INTO t_fibre VALUES ('FO180030916029', NULL, 'CB000180030916', 29, 3, 5, 'G652', 'OK', '5', '1', 'CST', NULL, '2015-06-02 00:00:00', NULL, NULL, NULL, NULL);
INSERT INTO t_fibre VALUES ('FO180030916030', NULL, 'CB000180030916', 30, 3, 6, 'G652', 'OK', '6', '1', 'CST', NULL, '2015-06-02 00:00:00', NULL, NULL, NULL, NULL);
INSERT INTO t_fibre VALUES ('FO180030916031', NULL, 'CB000180030916', 31, 3, 7, 'G652', 'OK', '7', '1', 'CST', NULL, '2015-06-02 00:00:00', NULL, NULL, NULL, NULL);
INSERT INTO t_fibre VALUES ('FO180030916032', NULL, 'CB000180030916', 32, 3, 8, 'G652', 'OK', '8', '1', 'CST', NULL, '2015-06-02 00:00:00', NULL, NULL, NULL, NULL);
INSERT INTO t_fibre VALUES ('FO180030916033', NULL, 'CB000180030916', 33, 3, 9, 'G652', 'OK', '9', '1', 'CST', NULL, '2015-06-02 00:00:00', NULL, NULL, NULL, NULL);
INSERT INTO t_fibre VALUES ('FO180030916034', NULL, 'CB000180030916', 34, 3, 10, 'G652', 'OK', '10', '1', 'CST', NULL, '2015-06-02 00:00:00', NULL, NULL, NULL, NULL);
INSERT INTO t_fibre VALUES ('FO180030916035', NULL, 'CB000180030916', 35, 3, 11, 'G652', 'OK', '11', '1', 'CST', NULL, '2015-06-02 00:00:00', NULL, NULL, NULL, NULL);
INSERT INTO t_fibre VALUES ('FO180030916036', NULL, 'CB000180030916', 36, 3, 12, 'G652', 'OK', '12', '1', 'CST', NULL, '2015-06-02 00:00:00', NULL, NULL, NULL, NULL);
INSERT INTO t_fibre VALUES ('FO180030916037', NULL, 'CB000180030916', 37, 4, 1, 'G652', 'OK', '1', '1', 'CST', NULL, '2015-06-02 00:00:00', NULL, NULL, NULL, NULL);
INSERT INTO t_fibre VALUES ('FO180030916038', NULL, 'CB000180030916', 38, 4, 2, 'G652', 'OK', '2', '1', 'CST', NULL, '2015-06-02 00:00:00', NULL, NULL, NULL, NULL);
INSERT INTO t_fibre VALUES ('FO180030916039', NULL, 'CB000180030916', 39, 4, 3, 'G652', 'OK', '3', '1', 'CST', NULL, '2015-06-02 00:00:00', NULL, NULL, NULL, NULL);
INSERT INTO t_fibre VALUES ('FO180030916040', NULL, 'CB000180030916', 40, 4, 4, 'G652', 'OK', '4', '1', 'CST', NULL, '2015-06-02 00:00:00', NULL, NULL, NULL, NULL);
INSERT INTO t_fibre VALUES ('FO180030916041', NULL, 'CB000180030916', 41, 4, 5, 'G652', 'OK', '5', '1', 'CST', NULL, '2015-06-02 00:00:00', NULL, NULL, NULL, NULL);
INSERT INTO t_fibre VALUES ('FO180030916042', NULL, 'CB000180030916', 42, 4, 6, 'G652', 'OK', '6', '1', 'CST', NULL, '2015-06-02 00:00:00', NULL, NULL, NULL, NULL);
INSERT INTO t_fibre VALUES ('FO180030916043', NULL, 'CB000180030916', 43, 4, 7, 'G652', 'OK', '7', '1', 'CST', NULL, '2015-06-02 00:00:00', NULL, NULL, NULL, NULL);
INSERT INTO t_fibre VALUES ('FO180030916044', NULL, 'CB000180030916', 44, 4, 8, 'G652', 'OK', '8', '1', 'CST', NULL, '2015-06-02 00:00:00', NULL, NULL, NULL, NULL);
INSERT INTO t_fibre VALUES ('FO180030916045', NULL, 'CB000180030916', 45, 4, 9, 'G652', 'OK', '9', '1', 'CST', NULL, '2015-06-02 00:00:00', NULL, NULL, NULL, NULL);
INSERT INTO t_fibre VALUES ('FO180030916046', NULL, 'CB000180030916', 46, 4, 10, 'G652', 'OK', '10', '1', 'CST', NULL, '2015-06-02 00:00:00', NULL, NULL, NULL, NULL);
INSERT INTO t_fibre VALUES ('FO180030916047', NULL, 'CB000180030916', 47, 4, 11, 'G652', 'OK', '11', '1', 'CST', NULL, '2015-06-02 00:00:00', NULL, NULL, NULL, NULL);
INSERT INTO t_fibre VALUES ('FO180030916048', NULL, 'CB000180030916', 48, 4, 12, 'G652', 'OK', '12', '1', 'CST', NULL, '2015-06-02 00:00:00', NULL, NULL, NULL, NULL);
INSERT INTO t_fibre VALUES ('FO180030916049', NULL, 'CB000180030916', 49, 5, 1, 'G652', 'OK', '1', '1', 'CST', NULL, '2015-06-02 00:00:00', NULL, NULL, NULL, NULL);
INSERT INTO t_fibre VALUES ('FO180030916050', NULL, 'CB000180030916', 50, 5, 2, 'G652', 'OK', '2', '1', 'CST', NULL, '2015-06-02 00:00:00', NULL, NULL, NULL, NULL);
INSERT INTO t_fibre VALUES ('FO180030916051', NULL, 'CB000180030916', 51, 5, 3, 'G652', 'OK', '3', '1', 'CST', NULL, '2015-06-02 00:00:00', NULL, NULL, NULL, NULL);
INSERT INTO t_fibre VALUES ('FO180030916052', NULL, 'CB000180030916', 52, 5, 4, 'G652', 'OK', '4', '1', 'CST', NULL, '2015-06-02 00:00:00', NULL, NULL, NULL, NULL);
INSERT INTO t_fibre VALUES ('FO180030916053', NULL, 'CB000180030916', 53, 5, 5, 'G652', 'OK', '5', '1', 'CST', NULL, '2015-06-02 00:00:00', NULL, NULL, NULL, NULL);
INSERT INTO t_fibre VALUES ('FO180030916054', NULL, 'CB000180030916', 54, 5, 6, 'G652', 'OK', '6', '1', 'CST', NULL, '2015-06-02 00:00:00', NULL, NULL, NULL, NULL);
INSERT INTO t_fibre VALUES ('FO180030916055', NULL, 'CB000180030916', 55, 5, 7, 'G652', 'OK', '7', '1', 'CST', NULL, '2015-06-02 00:00:00', NULL, NULL, NULL, NULL);
INSERT INTO t_fibre VALUES ('FO180030916056', NULL, 'CB000180030916', 56, 5, 8, 'G652', 'OK', '8', '1', 'CST', NULL, '2015-06-02 00:00:00', NULL, NULL, NULL, NULL);
INSERT INTO t_fibre VALUES ('FO180030916057', NULL, 'CB000180030916', 57, 5, 9, 'G652', 'OK', '9', '1', 'CST', NULL, '2015-06-02 00:00:00', NULL, NULL, NULL, NULL);
INSERT INTO t_fibre VALUES ('FO180030916058', NULL, 'CB000180030916', 58, 5, 10, 'G652', 'OK', '10', '1', 'CST', NULL, '2015-06-02 00:00:00', NULL, NULL, NULL, NULL);
INSERT INTO t_fibre VALUES ('FO180030916059', NULL, 'CB000180030916', 59, 5, 11, 'G652', 'OK', '11', '1', 'CST', NULL, '2015-06-02 00:00:00', NULL, NULL, NULL, NULL);
INSERT INTO t_fibre VALUES ('FO180030916060', NULL, 'CB000180030916', 60, 5, 12, 'G652', 'OK', '12', '1', 'CST', NULL, '2015-06-02 00:00:00', NULL, NULL, NULL, NULL);
INSERT INTO t_fibre VALUES ('FO180030916061', NULL, 'CB000180030916', 61, 6, 1, 'G652', 'OK', '1', '1', 'CST', NULL, '2015-06-02 00:00:00', NULL, NULL, NULL, NULL);
INSERT INTO t_fibre VALUES ('FO180030916062', NULL, 'CB000180030916', 62, 6, 2, 'G652', 'OK', '2', '1', 'CST', NULL, '2015-06-02 00:00:00', NULL, NULL, NULL, NULL);
INSERT INTO t_fibre VALUES ('FO180030916063', NULL, 'CB000180030916', 63, 6, 3, 'G652', 'OK', '3', '1', 'CST', NULL, '2015-06-02 00:00:00', NULL, NULL, NULL, NULL);
INSERT INTO t_fibre VALUES ('FO180030916064', NULL, 'CB000180030916', 64, 6, 4, 'G652', 'OK', '4', '1', 'CST', NULL, '2015-06-02 00:00:00', NULL, NULL, NULL, NULL);
INSERT INTO t_fibre VALUES ('FO180030916065', NULL, 'CB000180030916', 65, 6, 5, 'G652', 'OK', '5', '1', 'CST', NULL, '2015-06-02 00:00:00', NULL, NULL, NULL, NULL);
INSERT INTO t_fibre VALUES ('FO180030916066', NULL, 'CB000180030916', 66, 6, 6, 'G652', 'OK', '6', '1', 'CST', NULL, '2015-06-02 00:00:00', NULL, NULL, NULL, NULL);
INSERT INTO t_fibre VALUES ('FO180030916067', NULL, 'CB000180030916', 67, 6, 7, 'G652', 'OK', '7', '1', 'CST', NULL, '2015-06-02 00:00:00', NULL, NULL, NULL, NULL);
INSERT INTO t_fibre VALUES ('FO180030916068', NULL, 'CB000180030916', 68, 6, 8, 'G652', 'OK', '8', '1', 'CST', NULL, '2015-06-02 00:00:00', NULL, NULL, NULL, NULL);
INSERT INTO t_fibre VALUES ('FO180030916069', NULL, 'CB000180030916', 69, 6, 9, 'G652', 'OK', '9', '1', 'CST', NULL, '2015-06-02 00:00:00', NULL, NULL, NULL, NULL);
INSERT INTO t_fibre VALUES ('FO180030916070', NULL, 'CB000180030916', 70, 6, 10, 'G652', 'OK', '10', '1', 'CST', NULL, '2015-06-02 00:00:00', NULL, NULL, NULL, NULL);
INSERT INTO t_fibre VALUES ('FO180030916071', NULL, 'CB000180030916', 71, 6, 11, 'G652', 'OK', '11', '1', 'CST', NULL, '2015-06-02 00:00:00', NULL, NULL, NULL, NULL);
INSERT INTO t_fibre VALUES ('FO180030916072', NULL, 'CB000180030916', 72, 6, 12, 'G652', 'OK', '12', '1', 'CST', NULL, '2015-06-02 00:00:00', NULL, NULL, NULL, NULL);
INSERT INTO t_fibre VALUES ('FO180030916073', NULL, 'CB000180030916', 73, 7, 1, 'G652', 'OK', '1', '1', 'CST', NULL, '2015-06-02 00:00:00', NULL, NULL, NULL, NULL);
INSERT INTO t_fibre VALUES ('FO180030916074', NULL, 'CB000180030916', 74, 7, 2, 'G652', 'OK', '2', '1', 'CST', NULL, '2015-06-02 00:00:00', NULL, NULL, NULL, NULL);
INSERT INTO t_fibre VALUES ('FO180030916075', NULL, 'CB000180030916', 75, 7, 3, 'G652', 'OK', '3', '1', 'CST', NULL, '2015-06-02 00:00:00', NULL, NULL, NULL, NULL);
INSERT INTO t_fibre VALUES ('FO180030916076', NULL, 'CB000180030916', 76, 7, 4, 'G652', 'OK', '4', '1', 'CST', NULL, '2015-06-02 00:00:00', NULL, NULL, NULL, NULL);
INSERT INTO t_fibre VALUES ('FO180030916077', NULL, 'CB000180030916', 77, 7, 5, 'G652', 'OK', '5', '1', 'CST', NULL, '2015-06-02 00:00:00', NULL, NULL, NULL, NULL);
INSERT INTO t_fibre VALUES ('FO180030916078', NULL, 'CB000180030916', 78, 7, 6, 'G652', 'OK', '6', '1', 'CST', NULL, '2015-06-02 00:00:00', NULL, NULL, NULL, NULL);
INSERT INTO t_fibre VALUES ('FO180030916079', NULL, 'CB000180030916', 79, 7, 7, 'G652', 'OK', '7', '1', 'CST', NULL, '2015-06-02 00:00:00', NULL, NULL, NULL, NULL);
INSERT INTO t_fibre VALUES ('FO180030916080', NULL, 'CB000180030916', 80, 7, 8, 'G652', 'OK', '8', '1', 'CST', NULL, '2015-06-02 00:00:00', NULL, NULL, NULL, NULL);
INSERT INTO t_fibre VALUES ('FO180030916081', NULL, 'CB000180030916', 81, 7, 9, 'G652', 'OK', '9', '1', 'CST', NULL, '2015-06-02 00:00:00', NULL, NULL, NULL, NULL);
INSERT INTO t_fibre VALUES ('FO180030916082', NULL, 'CB000180030916', 82, 7, 10, 'G652', 'OK', '10', '1', 'CST', NULL, '2015-06-02 00:00:00', NULL, NULL, NULL, NULL);
INSERT INTO t_fibre VALUES ('FO180030916083', NULL, 'CB000180030916', 83, 7, 11, 'G652', 'OK', '11', '1', 'CST', NULL, '2015-06-02 00:00:00', NULL, NULL, NULL, NULL);
INSERT INTO t_fibre VALUES ('FO180030916084', NULL, 'CB000180030916', 84, 7, 12, 'G652', 'OK', '12', '1', 'CST', NULL, '2015-06-02 00:00:00', NULL, NULL, NULL, NULL);
INSERT INTO t_fibre VALUES ('FO180030916085', NULL, 'CB000180030916', 85, 8, 1, 'G652', 'OK', '1', '1', 'CST', NULL, '2015-06-02 00:00:00', NULL, NULL, NULL, NULL);
INSERT INTO t_fibre VALUES ('FO180030916086', NULL, 'CB000180030916', 86, 8, 2, 'G652', 'OK', '2', '1', 'CST', NULL, '2015-06-02 00:00:00', NULL, NULL, NULL, NULL);
INSERT INTO t_fibre VALUES ('FO180030916087', NULL, 'CB000180030916', 87, 8, 3, 'G652', 'OK', '3', '1', 'CST', NULL, '2015-06-02 00:00:00', NULL, NULL, NULL, NULL);
INSERT INTO t_fibre VALUES ('FO180030916088', NULL, 'CB000180030916', 88, 8, 4, 'G652', 'OK', '4', '1', 'CST', NULL, '2015-06-02 00:00:00', NULL, NULL, NULL, NULL);
INSERT INTO t_fibre VALUES ('FO180030916089', NULL, 'CB000180030916', 89, 8, 5, 'G652', 'OK', '5', '1', 'CST', NULL, '2015-06-02 00:00:00', NULL, NULL, NULL, NULL);
INSERT INTO t_fibre VALUES ('FO180030916090', NULL, 'CB000180030916', 90, 8, 6, 'G652', 'OK', '6', '1', 'CST', NULL, '2015-06-02 00:00:00', NULL, NULL, NULL, NULL);
INSERT INTO t_fibre VALUES ('FO180030916091', NULL, 'CB000180030916', 91, 8, 7, 'G652', 'OK', '7', '1', 'CST', NULL, '2015-06-02 00:00:00', NULL, NULL, NULL, NULL);
INSERT INTO t_fibre VALUES ('FO180030916092', NULL, 'CB000180030916', 92, 8, 8, 'G652', 'OK', '8', '1', 'CST', NULL, '2015-06-02 00:00:00', NULL, NULL, NULL, NULL);
INSERT INTO t_fibre VALUES ('FO180030916093', NULL, 'CB000180030916', 93, 8, 9, 'G652', 'OK', '9', '1', 'CST', NULL, '2015-06-02 00:00:00', NULL, NULL, NULL, NULL);
INSERT INTO t_fibre VALUES ('FO180030916094', NULL, 'CB000180030916', 94, 8, 10, 'G652', 'OK', '10', '1', 'CST', NULL, '2015-06-02 00:00:00', NULL, NULL, NULL, NULL);
INSERT INTO t_fibre VALUES ('FO180030916095', NULL, 'CB000180030916', 95, 8, 11, 'G652', 'OK', '11', '1', 'CST', NULL, '2015-06-02 00:00:00', NULL, NULL, NULL, NULL);
INSERT INTO t_fibre VALUES ('FO180030916096', NULL, 'CB000180030916', 96, 8, 12, 'G652', 'OK', '12', '1', 'CST', NULL, '2015-06-02 00:00:00', NULL, NULL, NULL, NULL);
INSERT INTO t_fibre VALUES ('FO180030916097', NULL, 'CB000180030916', 97, 9, 1, 'G652', 'OK', '1', '1', 'CST', NULL, '2015-06-02 00:00:00', NULL, NULL, NULL, NULL);
INSERT INTO t_fibre VALUES ('FO180030916098', NULL, 'CB000180030916', 98, 9, 2, 'G652', 'OK', '2', '1', 'CST', NULL, '2015-06-02 00:00:00', NULL, NULL, NULL, NULL);
INSERT INTO t_fibre VALUES ('FO180030916099', NULL, 'CB000180030916', 99, 9, 3, 'G652', 'OK', '3', '1', 'CST', NULL, '2015-06-02 00:00:00', NULL, NULL, NULL, NULL);
INSERT INTO t_fibre VALUES ('FO180030916100', NULL, 'CB000180030916', 100, 9, 4, 'G652', 'OK', '4', '1', 'CST', NULL, '2015-06-02 00:00:00', NULL, NULL, NULL, NULL);
INSERT INTO t_fibre VALUES ('FO180030916101', NULL, 'CB000180030916', 101, 9, 5, 'G652', 'OK', '5', '1', 'CST', NULL, '2015-06-02 00:00:00', NULL, NULL, NULL, NULL);
INSERT INTO t_fibre VALUES ('FO180030916102', NULL, 'CB000180030916', 102, 9, 6, 'G652', 'OK', '6', '1', 'CST', NULL, '2015-06-02 00:00:00', NULL, NULL, NULL, NULL);
INSERT INTO t_fibre VALUES ('FO180030916103', NULL, 'CB000180030916', 103, 9, 7, 'G652', 'OK', '7', '1', 'CST', NULL, '2015-06-02 00:00:00', NULL, NULL, NULL, NULL);
INSERT INTO t_fibre VALUES ('FO180030916104', NULL, 'CB000180030916', 104, 9, 8, 'G652', 'OK', '8', '1', 'CST', NULL, '2015-06-02 00:00:00', NULL, NULL, NULL, NULL);
INSERT INTO t_fibre VALUES ('FO180030916105', NULL, 'CB000180030916', 105, 9, 9, 'G652', 'OK', '9', '1', 'CST', NULL, '2015-06-02 00:00:00', NULL, NULL, NULL, NULL);
INSERT INTO t_fibre VALUES ('FO180030916106', NULL, 'CB000180030916', 106, 9, 10, 'G652', 'OK', '10', '1', 'CST', NULL, '2015-06-02 00:00:00', NULL, NULL, NULL, NULL);
INSERT INTO t_fibre VALUES ('FO180030916107', NULL, 'CB000180030916', 107, 9, 11, 'G652', 'OK', '11', '1', 'CST', NULL, '2015-06-02 00:00:00', NULL, NULL, NULL, NULL);
INSERT INTO t_fibre VALUES ('FO180030916108', NULL, 'CB000180030916', 108, 9, 12, 'G652', 'OK', '12', '1', 'CST', NULL, '2015-06-02 00:00:00', NULL, NULL, NULL, NULL);
INSERT INTO t_fibre VALUES ('FO180030916109', NULL, 'CB000180030916', 109, 10, 1, 'G652', 'OK', '1', '1', 'CST', NULL, '2015-06-02 00:00:00', NULL, NULL, NULL, NULL);
INSERT INTO t_fibre VALUES ('FO180030916110', NULL, 'CB000180030916', 110, 10, 2, 'G652', 'OK', '2', '1', 'CST', NULL, '2015-06-02 00:00:00', NULL, NULL, NULL, NULL);
INSERT INTO t_fibre VALUES ('FO180030916111', NULL, 'CB000180030916', 111, 10, 3, 'G652', 'OK', '3', '1', 'CST', NULL, '2015-06-02 00:00:00', NULL, NULL, NULL, NULL);
INSERT INTO t_fibre VALUES ('FO180030916112', NULL, 'CB000180030916', 112, 10, 4, 'G652', 'OK', '4', '1', 'CST', NULL, '2015-06-02 00:00:00', NULL, NULL, NULL, NULL);
INSERT INTO t_fibre VALUES ('FO180030916113', NULL, 'CB000180030916', 113, 10, 5, 'G652', 'OK', '5', '1', 'CST', NULL, '2015-06-02 00:00:00', NULL, NULL, NULL, NULL);
INSERT INTO t_fibre VALUES ('FO180030916114', NULL, 'CB000180030916', 114, 10, 6, 'G652', 'OK', '6', '1', 'CST', NULL, '2015-06-02 00:00:00', NULL, NULL, NULL, NULL);
INSERT INTO t_fibre VALUES ('FO180030916115', NULL, 'CB000180030916', 115, 10, 7, 'G652', 'OK', '7', '1', 'CST', NULL, '2015-06-02 00:00:00', NULL, NULL, NULL, NULL);
INSERT INTO t_fibre VALUES ('FO180030916116', NULL, 'CB000180030916', 116, 10, 8, 'G652', 'OK', '8', '1', 'CST', NULL, '2015-06-02 00:00:00', NULL, NULL, NULL, NULL);
INSERT INTO t_fibre VALUES ('FO180030916117', NULL, 'CB000180030916', 117, 10, 9, 'G652', 'OK', '9', '1', 'CST', NULL, '2015-06-02 00:00:00', NULL, NULL, NULL, NULL);
INSERT INTO t_fibre VALUES ('FO180030916118', NULL, 'CB000180030916', 118, 10, 10, 'G652', 'OK', '10', '1', 'CST', NULL, '2015-06-02 00:00:00', NULL, NULL, NULL, NULL);
INSERT INTO t_fibre VALUES ('FO180030916119', NULL, 'CB000180030916', 119, 10, 11, 'G652', 'OK', '11', '1', 'CST', NULL, '2015-06-02 00:00:00', NULL, NULL, NULL, NULL);
INSERT INTO t_fibre VALUES ('FO180030916120', NULL, 'CB000180030916', 120, 10, 12, 'G652', 'OK', '12', '1', 'CST', NULL, '2015-06-02 00:00:00', NULL, NULL, NULL, NULL);
INSERT INTO t_fibre VALUES ('FO180030916121', NULL, 'CB000180030916', 121, 11, 1, 'G652', 'OK', '1', '1', 'CST', NULL, '2015-06-02 00:00:00', NULL, NULL, NULL, NULL);
INSERT INTO t_fibre VALUES ('FO180030916122', NULL, 'CB000180030916', 122, 11, 2, 'G652', 'OK', '2', '1', 'CST', NULL, '2015-06-02 00:00:00', NULL, NULL, NULL, NULL);
INSERT INTO t_fibre VALUES ('FO180030916123', NULL, 'CB000180030916', 123, 11, 3, 'G652', 'OK', '3', '1', 'CST', NULL, '2015-06-02 00:00:00', NULL, NULL, NULL, NULL);
INSERT INTO t_fibre VALUES ('FO180030916124', NULL, 'CB000180030916', 124, 11, 4, 'G652', 'OK', '4', '1', 'CST', NULL, '2015-06-02 00:00:00', NULL, NULL, NULL, NULL);
INSERT INTO t_fibre VALUES ('FO180030916125', NULL, 'CB000180030916', 125, 11, 5, 'G652', 'OK', '5', '1', 'CST', NULL, '2015-06-02 00:00:00', NULL, NULL, NULL, NULL);
INSERT INTO t_fibre VALUES ('FO180030916126', NULL, 'CB000180030916', 126, 11, 6, 'G652', 'OK', '6', '1', 'CST', NULL, '2015-06-02 00:00:00', NULL, NULL, NULL, NULL);
INSERT INTO t_fibre VALUES ('FO180030916127', NULL, 'CB000180030916', 127, 11, 7, 'G652', 'OK', '7', '1', 'CST', NULL, '2015-06-02 00:00:00', NULL, NULL, NULL, NULL);
INSERT INTO t_fibre VALUES ('FO180030916128', NULL, 'CB000180030916', 128, 11, 8, 'G652', 'OK', '8', '1', 'CST', NULL, '2015-06-02 00:00:00', NULL, NULL, NULL, NULL);
INSERT INTO t_fibre VALUES ('FO180030916129', NULL, 'CB000180030916', 129, 11, 9, 'G652', 'OK', '9', '1', 'CST', NULL, '2015-06-02 00:00:00', NULL, NULL, NULL, NULL);
INSERT INTO t_fibre VALUES ('FO180030916130', NULL, 'CB000180030916', 130, 11, 10, 'G652', 'OK', '10', '1', 'CST', NULL, '2015-06-02 00:00:00', NULL, NULL, NULL, NULL);
INSERT INTO t_fibre VALUES ('FO180030916131', NULL, 'CB000180030916', 131, 11, 11, 'G652', 'OK', '11', '1', 'CST', NULL, '2015-06-02 00:00:00', NULL, NULL, NULL, NULL);
INSERT INTO t_fibre VALUES ('FO180030916132', NULL, 'CB000180030916', 132, 11, 12, 'G652', 'OK', '12', '1', 'CST', NULL, '2015-06-02 00:00:00', NULL, NULL, NULL, NULL);
INSERT INTO t_fibre VALUES ('FO180030916133', NULL, 'CB000180030916', 133, 12, 1, 'G652', 'OK', '1', '1', 'CST', NULL, '2015-06-02 00:00:00', NULL, NULL, NULL, NULL);
INSERT INTO t_fibre VALUES ('FO180030916134', NULL, 'CB000180030916', 134, 12, 2, 'G652', 'OK', '2', '1', 'CST', NULL, '2015-06-02 00:00:00', NULL, NULL, NULL, NULL);
INSERT INTO t_fibre VALUES ('FO180030916135', NULL, 'CB000180030916', 135, 12, 3, 'G652', 'OK', '3', '1', 'CST', NULL, '2015-06-02 00:00:00', NULL, NULL, NULL, NULL);
INSERT INTO t_fibre VALUES ('FO180030916136', NULL, 'CB000180030916', 136, 12, 4, 'G652', 'OK', '4', '1', 'CST', NULL, '2015-06-02 00:00:00', NULL, NULL, NULL, NULL);
INSERT INTO t_fibre VALUES ('FO180030916137', NULL, 'CB000180030916', 137, 12, 5, 'G652', 'OK', '5', '1', 'CST', NULL, '2015-06-02 00:00:00', NULL, NULL, NULL, NULL);
INSERT INTO t_fibre VALUES ('FO180030916138', NULL, 'CB000180030916', 138, 12, 6, 'G652', 'OK', '6', '1', 'CST', NULL, '2015-06-02 00:00:00', NULL, NULL, NULL, NULL);
INSERT INTO t_fibre VALUES ('FO180030916139', NULL, 'CB000180030916', 139, 12, 7, 'G652', 'OK', '7', '1', 'CST', NULL, '2015-06-02 00:00:00', NULL, NULL, NULL, NULL);
INSERT INTO t_fibre VALUES ('FO180030916140', NULL, 'CB000180030916', 140, 12, 8, 'G652', 'OK', '8', '1', 'CST', NULL, '2015-06-02 00:00:00', NULL, NULL, NULL, NULL);
INSERT INTO t_fibre VALUES ('FO180030916141', NULL, 'CB000180030916', 141, 12, 9, 'G652', 'OK', '9', '1', 'CST', NULL, '2015-06-02 00:00:00', NULL, NULL, NULL, NULL);
INSERT INTO t_fibre VALUES ('FO180030916142', NULL, 'CB000180030916', 142, 12, 10, 'G652', 'OK', '10', '1', 'CST', NULL, '2015-06-02 00:00:00', NULL, NULL, NULL, NULL);
INSERT INTO t_fibre VALUES ('FO180030916143', NULL, 'CB000180030916', 143, 12, 11, 'G652', 'OK', '11', '1', 'CST', NULL, '2015-06-02 00:00:00', NULL, NULL, NULL, NULL);
INSERT INTO t_fibre VALUES ('FO180030916144', NULL, 'CB000180030916', 144, 12, 12, 'G652', 'OK', '12', '1', 'CST', NULL, '2015-06-02 00:00:00', NULL, NULL, NULL, NULL);
INSERT INTO t_fibre VALUES ('FO180030916145', NULL, 'CB000180030916', 145, 13, 1, 'G652', 'OK', '1', '2', 'CST', NULL, '2015-06-02 00:00:00', NULL, NULL, NULL, NULL);
INSERT INTO t_fibre VALUES ('FO180030916146', NULL, 'CB000180030916', 146, 13, 2, 'G652', 'OK', '2', '2', 'CST', NULL, '2015-06-02 00:00:00', NULL, NULL, NULL, NULL);
INSERT INTO t_fibre VALUES ('FO180030916147', NULL, 'CB000180030916', 147, 13, 3, 'G652', 'OK', '3', '2', 'CST', NULL, '2015-06-02 00:00:00', NULL, NULL, NULL, NULL);
INSERT INTO t_fibre VALUES ('FO180030916148', NULL, 'CB000180030916', 148, 13, 4, 'G652', 'OK', '4', '2', 'CST', NULL, '2015-06-02 00:00:00', NULL, NULL, NULL, NULL);
INSERT INTO t_fibre VALUES ('FO180030916149', NULL, 'CB000180030916', 149, 13, 5, 'G652', 'OK', '5', '2', 'CST', NULL, '2015-06-02 00:00:00', NULL, NULL, NULL, NULL);
INSERT INTO t_fibre VALUES ('FO180030916150', NULL, 'CB000180030916', 150, 13, 6, 'G652', 'OK', '6', '2', 'CST', NULL, '2015-06-02 00:00:00', NULL, NULL, NULL, NULL);
INSERT INTO t_fibre VALUES ('FO180030916151', NULL, 'CB000180030916', 151, 13, 7, 'G652', 'OK', '7', '2', 'CST', NULL, '2015-06-02 00:00:00', NULL, NULL, NULL, NULL);
INSERT INTO t_fibre VALUES ('FO180030916152', NULL, 'CB000180030916', 152, 13, 8, 'G652', 'OK', '8', '2', 'CST', NULL, '2015-06-02 00:00:00', NULL, NULL, NULL, NULL);
INSERT INTO t_fibre VALUES ('FO180030916153', NULL, 'CB000180030916', 153, 13, 9, 'G652', 'OK', '9', '2', 'CST', NULL, '2015-06-02 00:00:00', NULL, NULL, NULL, NULL);
INSERT INTO t_fibre VALUES ('FO180030916154', NULL, 'CB000180030916', 154, 13, 10, 'G652', 'OK', '10', '2', 'CST', NULL, '2015-06-02 00:00:00', NULL, NULL, NULL, NULL);
INSERT INTO t_fibre VALUES ('FO180030916155', NULL, 'CB000180030916', 155, 13, 11, 'G652', 'OK', '11', '2', 'CST', NULL, '2015-06-02 00:00:00', NULL, NULL, NULL, NULL);
INSERT INTO t_fibre VALUES ('FO180030916156', NULL, 'CB000180030916', 156, 13, 12, 'G652', 'OK', '12', '2', 'CST', NULL, '2015-06-02 00:00:00', NULL, NULL, NULL, NULL);
INSERT INTO t_fibre VALUES ('FO180030916157', NULL, 'CB000180030916', 157, 14, 1, 'G652', 'OK', '1', '2', 'CST', NULL, '2015-06-02 00:00:00', NULL, NULL, NULL, NULL);
INSERT INTO t_fibre VALUES ('FO180030916158', NULL, 'CB000180030916', 158, 14, 2, 'G652', 'OK', '2', '2', 'CST', NULL, '2015-06-02 00:00:00', NULL, NULL, NULL, NULL);
INSERT INTO t_fibre VALUES ('FO180030916159', NULL, 'CB000180030916', 159, 14, 3, 'G652', 'OK', '3', '2', 'CST', NULL, '2015-06-02 00:00:00', NULL, NULL, NULL, NULL);
INSERT INTO t_fibre VALUES ('FO180030916160', NULL, 'CB000180030916', 160, 14, 4, 'G652', 'OK', '4', '2', 'CST', NULL, '2015-06-02 00:00:00', NULL, NULL, NULL, NULL);
INSERT INTO t_fibre VALUES ('FO180030916161', NULL, 'CB000180030916', 161, 14, 5, 'G652', 'OK', '5', '2', 'CST', NULL, '2015-06-02 00:00:00', NULL, NULL, NULL, NULL);
INSERT INTO t_fibre VALUES ('FO180030916162', NULL, 'CB000180030916', 162, 14, 6, 'G652', 'OK', '6', '2', 'CST', NULL, '2015-06-02 00:00:00', NULL, NULL, NULL, NULL);
INSERT INTO t_fibre VALUES ('FO180030916163', NULL, 'CB000180030916', 163, 14, 7, 'G652', 'OK', '7', '2', 'CST', NULL, '2015-06-02 00:00:00', NULL, NULL, NULL, NULL);
INSERT INTO t_fibre VALUES ('FO180030916164', NULL, 'CB000180030916', 164, 14, 8, 'G652', 'OK', '8', '2', 'CST', NULL, '2015-06-02 00:00:00', NULL, NULL, NULL, NULL);
INSERT INTO t_fibre VALUES ('FO180030916165', NULL, 'CB000180030916', 165, 14, 9, 'G652', 'OK', '9', '2', 'CST', NULL, '2015-06-02 00:00:00', NULL, NULL, NULL, NULL);
INSERT INTO t_fibre VALUES ('FO180030916166', NULL, 'CB000180030916', 166, 14, 10, 'G652', 'OK', '10', '2', 'CST', NULL, '2015-06-02 00:00:00', NULL, NULL, NULL, NULL);
INSERT INTO t_fibre VALUES ('FO180030916167', NULL, 'CB000180030916', 167, 14, 11, 'G652', 'OK', '11', '2', 'CST', NULL, '2015-06-02 00:00:00', NULL, NULL, NULL, NULL);
INSERT INTO t_fibre VALUES ('FO180030916168', NULL, 'CB000180030916', 168, 14, 12, 'G652', 'OK', '12', '2', 'CST', NULL, '2015-06-02 00:00:00', NULL, NULL, NULL, NULL);
INSERT INTO t_fibre VALUES ('FO180030916169', NULL, 'CB000180030916', 169, 15, 1, 'G652', 'OK', '1', '2', 'CST', NULL, '2015-06-02 00:00:00', NULL, NULL, NULL, NULL);
INSERT INTO t_fibre VALUES ('FO180030916170', NULL, 'CB000180030916', 170, 15, 2, 'G652', 'OK', '2', '2', 'CST', NULL, '2015-06-02 00:00:00', NULL, NULL, NULL, NULL);
INSERT INTO t_fibre VALUES ('FO180030916171', NULL, 'CB000180030916', 171, 15, 3, 'G652', 'OK', '3', '2', 'CST', NULL, '2015-06-02 00:00:00', NULL, NULL, NULL, NULL);
INSERT INTO t_fibre VALUES ('FO180030916172', NULL, 'CB000180030916', 172, 15, 4, 'G652', 'OK', '4', '2', 'CST', NULL, '2015-06-02 00:00:00', NULL, NULL, NULL, NULL);
INSERT INTO t_fibre VALUES ('FO180030916173', NULL, 'CB000180030916', 173, 15, 5, 'G652', 'OK', '5', '2', 'CST', NULL, '2015-06-02 00:00:00', NULL, NULL, NULL, NULL);
INSERT INTO t_fibre VALUES ('FO180030916174', NULL, 'CB000180030916', 174, 15, 6, 'G652', 'OK', '6', '2', 'CST', NULL, '2015-06-02 00:00:00', NULL, NULL, NULL, NULL);
INSERT INTO t_fibre VALUES ('FO180030916175', NULL, 'CB000180030916', 175, 15, 7, 'G652', 'OK', '7', '2', 'CST', NULL, '2015-06-02 00:00:00', NULL, NULL, NULL, NULL);
INSERT INTO t_fibre VALUES ('FO180030916176', NULL, 'CB000180030916', 176, 15, 8, 'G652', 'OK', '8', '2', 'CST', NULL, '2015-06-02 00:00:00', NULL, NULL, NULL, NULL);
INSERT INTO t_fibre VALUES ('FO180030916177', NULL, 'CB000180030916', 177, 15, 9, 'G652', 'OK', '9', '2', 'CST', NULL, '2015-06-02 00:00:00', NULL, NULL, NULL, NULL);
INSERT INTO t_fibre VALUES ('FO180030916178', NULL, 'CB000180030916', 178, 15, 10, 'G652', 'OK', '10', '2', 'CST', NULL, '2015-06-02 00:00:00', NULL, NULL, NULL, NULL);
INSERT INTO t_fibre VALUES ('FO180030916179', NULL, 'CB000180030916', 179, 15, 11, 'G652', 'OK', '11', '2', 'CST', NULL, '2015-06-02 00:00:00', NULL, NULL, NULL, NULL);
INSERT INTO t_fibre VALUES ('FO180030916180', NULL, 'CB000180030916', 180, 15, 12, 'G652', 'OK', '12', '2', 'CST', NULL, '2015-06-02 00:00:00', NULL, NULL, NULL, NULL);
INSERT INTO t_fibre VALUES ('FO180030916181', NULL, 'CB000180030916', 181, 16, 1, 'G652', 'OK', '1', '2', 'CST', NULL, '2015-06-02 00:00:00', NULL, NULL, NULL, NULL);
INSERT INTO t_fibre VALUES ('FO180030916182', NULL, 'CB000180030916', 182, 16, 2, 'G652', 'OK', '2', '2', 'CST', NULL, '2015-06-02 00:00:00', NULL, NULL, NULL, NULL);
INSERT INTO t_fibre VALUES ('FO180030916183', NULL, 'CB000180030916', 183, 16, 3, 'G652', 'OK', '3', '2', 'CST', NULL, '2015-06-02 00:00:00', NULL, NULL, NULL, NULL);
INSERT INTO t_fibre VALUES ('FO180030916184', NULL, 'CB000180030916', 184, 16, 4, 'G652', 'OK', '4', '2', 'CST', NULL, '2015-06-02 00:00:00', NULL, NULL, NULL, NULL);
INSERT INTO t_fibre VALUES ('FO180030916185', NULL, 'CB000180030916', 185, 16, 5, 'G652', 'OK', '5', '2', 'CST', NULL, '2015-06-02 00:00:00', NULL, NULL, NULL, NULL);
INSERT INTO t_fibre VALUES ('FO180030916186', NULL, 'CB000180030916', 186, 16, 6, 'G652', 'OK', '6', '2', 'CST', NULL, '2015-06-02 00:00:00', NULL, NULL, NULL, NULL);
INSERT INTO t_fibre VALUES ('FO180030916187', NULL, 'CB000180030916', 187, 16, 7, 'G652', 'OK', '7', '2', 'CST', NULL, '2015-06-02 00:00:00', NULL, NULL, NULL, NULL);
INSERT INTO t_fibre VALUES ('FO180030916188', NULL, 'CB000180030916', 188, 16, 8, 'G652', 'OK', '8', '2', 'CST', NULL, '2015-06-02 00:00:00', NULL, NULL, NULL, NULL);
INSERT INTO t_fibre VALUES ('FO180030916189', NULL, 'CB000180030916', 189, 16, 9, 'G652', 'OK', '9', '2', 'CST', NULL, '2015-06-02 00:00:00', NULL, NULL, NULL, NULL);
INSERT INTO t_fibre VALUES ('FO180030916190', NULL, 'CB000180030916', 190, 16, 10, 'G652', 'OK', '10', '2', 'CST', NULL, '2015-06-02 00:00:00', NULL, NULL, NULL, NULL);
INSERT INTO t_fibre VALUES ('FO180030916191', NULL, 'CB000180030916', 191, 16, 11, 'G652', 'OK', '11', '2', 'CST', NULL, '2015-06-02 00:00:00', NULL, NULL, NULL, NULL);
INSERT INTO t_fibre VALUES ('FO180030916192', NULL, 'CB000180030916', 192, 16, 12, 'G652', 'OK', '12', '2', 'CST', NULL, '2015-06-02 00:00:00', NULL, NULL, NULL, NULL);
INSERT INTO t_fibre VALUES ('FO180030916193', NULL, 'CB000180030916', 193, 17, 1, 'G652', 'OK', '1', '2', 'CST', NULL, '2015-06-02 00:00:00', NULL, NULL, NULL, NULL);
INSERT INTO t_fibre VALUES ('FO180030916194', NULL, 'CB000180030916', 194, 17, 2, 'G652', 'OK', '2', '2', 'CST', NULL, '2015-06-02 00:00:00', NULL, NULL, NULL, NULL);
INSERT INTO t_fibre VALUES ('FO180030916195', NULL, 'CB000180030916', 195, 17, 3, 'G652', 'OK', '3', '2', 'CST', NULL, '2015-06-02 00:00:00', NULL, NULL, NULL, NULL);
INSERT INTO t_fibre VALUES ('FO180030916196', NULL, 'CB000180030916', 196, 17, 4, 'G652', 'OK', '4', '2', 'CST', NULL, '2015-06-02 00:00:00', NULL, NULL, NULL, NULL);
INSERT INTO t_fibre VALUES ('FO180030916197', NULL, 'CB000180030916', 197, 17, 5, 'G652', 'OK', '5', '2', 'CST', NULL, '2015-06-02 00:00:00', NULL, NULL, NULL, NULL);
INSERT INTO t_fibre VALUES ('FO180030916198', NULL, 'CB000180030916', 198, 17, 6, 'G652', 'OK', '6', '2', 'CST', NULL, '2015-06-02 00:00:00', NULL, NULL, NULL, NULL);
INSERT INTO t_fibre VALUES ('FO180030916199', NULL, 'CB000180030916', 199, 17, 7, 'G652', 'OK', '7', '2', 'CST', NULL, '2015-06-02 00:00:00', NULL, NULL, NULL, NULL);
INSERT INTO t_fibre VALUES ('FO180030916200', NULL, 'CB000180030916', 200, 17, 8, 'G652', 'OK', '8', '2', 'CST', NULL, '2015-06-02 00:00:00', NULL, NULL, NULL, NULL);
INSERT INTO t_fibre VALUES ('FO180030916201', NULL, 'CB000180030916', 201, 17, 9, 'G652', 'OK', '9', '2', 'CST', NULL, '2015-06-02 00:00:00', NULL, NULL, NULL, NULL);
INSERT INTO t_fibre VALUES ('FO180030916202', NULL, 'CB000180030916', 202, 17, 10, 'G652', 'OK', '10', '2', 'CST', NULL, '2015-06-02 00:00:00', NULL, NULL, NULL, NULL);
INSERT INTO t_fibre VALUES ('FO180030916203', NULL, 'CB000180030916', 203, 17, 11, 'G652', 'OK', '11', '2', 'CST', NULL, '2015-06-02 00:00:00', NULL, NULL, NULL, NULL);
INSERT INTO t_fibre VALUES ('FO180030916204', NULL, 'CB000180030916', 204, 17, 12, 'G652', 'OK', '12', '2', 'CST', NULL, '2015-06-02 00:00:00', NULL, NULL, NULL, NULL);
INSERT INTO t_fibre VALUES ('FO180030916205', NULL, 'CB000180030916', 205, 18, 1, 'G652', 'OK', '1', '2', 'CST', NULL, '2015-06-02 00:00:00', NULL, NULL, NULL, NULL);
INSERT INTO t_fibre VALUES ('FO180030916206', NULL, 'CB000180030916', 206, 18, 2, 'G652', 'OK', '2', '2', 'CST', NULL, '2015-06-02 00:00:00', NULL, NULL, NULL, NULL);
INSERT INTO t_fibre VALUES ('FO180030916207', NULL, 'CB000180030916', 207, 18, 3, 'G652', 'OK', '3', '2', 'CST', NULL, '2015-06-02 00:00:00', NULL, NULL, NULL, NULL);
INSERT INTO t_fibre VALUES ('FO180030916208', NULL, 'CB000180030916', 208, 18, 4, 'G652', 'OK', '4', '2', 'CST', NULL, '2015-06-02 00:00:00', NULL, NULL, NULL, NULL);
INSERT INTO t_fibre VALUES ('FO180030916209', NULL, 'CB000180030916', 209, 18, 5, 'G652', 'OK', '5', '2', 'CST', NULL, '2015-06-02 00:00:00', NULL, NULL, NULL, NULL);
INSERT INTO t_fibre VALUES ('FO180030916210', NULL, 'CB000180030916', 210, 18, 6, 'G652', 'OK', '6', '2', 'CST', NULL, '2015-06-02 00:00:00', NULL, NULL, NULL, NULL);
INSERT INTO t_fibre VALUES ('FO180030916211', NULL, 'CB000180030916', 211, 18, 7, 'G652', 'OK', '7', '2', 'CST', NULL, '2015-06-02 00:00:00', NULL, NULL, NULL, NULL);
INSERT INTO t_fibre VALUES ('FO180030916212', NULL, 'CB000180030916', 212, 18, 8, 'G652', 'OK', '8', '2', 'CST', NULL, '2015-06-02 00:00:00', NULL, NULL, NULL, NULL);
INSERT INTO t_fibre VALUES ('FO180030916213', NULL, 'CB000180030916', 213, 18, 9, 'G652', 'OK', '9', '2', 'CST', NULL, '2015-06-02 00:00:00', NULL, NULL, NULL, NULL);
INSERT INTO t_fibre VALUES ('FO180030916214', NULL, 'CB000180030916', 214, 18, 10, 'G652', 'OK', '10', '2', 'CST', NULL, '2015-06-02 00:00:00', NULL, NULL, NULL, NULL);
INSERT INTO t_fibre VALUES ('FO180030916215', NULL, 'CB000180030916', 215, 18, 11, 'G652', 'OK', '11', '2', 'CST', NULL, '2015-06-02 00:00:00', NULL, NULL, NULL, NULL);
INSERT INTO t_fibre VALUES ('FO180030916216', NULL, 'CB000180030916', 216, 18, 12, 'G652', 'OK', '12', '2', 'CST', NULL, '2015-06-02 00:00:00', NULL, NULL, NULL, NULL);
INSERT INTO t_fibre VALUES ('FO180030916217', NULL, 'CB000180030916', 217, 19, 1, 'G652', 'OK', '1', '2', 'CST', NULL, '2015-06-02 00:00:00', NULL, NULL, NULL, NULL);
INSERT INTO t_fibre VALUES ('FO180030916218', NULL, 'CB000180030916', 218, 19, 2, 'G652', 'OK', '2', '2', 'CST', NULL, '2015-06-02 00:00:00', NULL, NULL, NULL, NULL);
INSERT INTO t_fibre VALUES ('FO180030916219', NULL, 'CB000180030916', 219, 19, 3, 'G652', 'OK', '3', '2', 'CST', NULL, '2015-06-02 00:00:00', NULL, NULL, NULL, NULL);
INSERT INTO t_fibre VALUES ('FO180030916220', NULL, 'CB000180030916', 220, 19, 4, 'G652', 'OK', '4', '2', 'CST', NULL, '2015-06-02 00:00:00', NULL, NULL, NULL, NULL);
INSERT INTO t_fibre VALUES ('FO180030916221', NULL, 'CB000180030916', 221, 19, 5, 'G652', 'OK', '5', '2', 'CST', NULL, '2015-06-02 00:00:00', NULL, NULL, NULL, NULL);
INSERT INTO t_fibre VALUES ('FO180030916222', NULL, 'CB000180030916', 222, 19, 6, 'G652', 'OK', '6', '2', 'CST', NULL, '2015-06-02 00:00:00', NULL, NULL, NULL, NULL);
INSERT INTO t_fibre VALUES ('FO180030916223', NULL, 'CB000180030916', 223, 19, 7, 'G652', 'OK', '7', '2', 'CST', NULL, '2015-06-02 00:00:00', NULL, NULL, NULL, NULL);
INSERT INTO t_fibre VALUES ('FO180030916224', NULL, 'CB000180030916', 224, 19, 8, 'G652', 'OK', '8', '2', 'CST', NULL, '2015-06-02 00:00:00', NULL, NULL, NULL, NULL);
INSERT INTO t_fibre VALUES ('FO180030916225', NULL, 'CB000180030916', 225, 19, 9, 'G652', 'OK', '9', '2', 'CST', NULL, '2015-06-02 00:00:00', NULL, NULL, NULL, NULL);
INSERT INTO t_fibre VALUES ('FO180030916226', NULL, 'CB000180030916', 226, 19, 10, 'G652', 'OK', '10', '2', 'CST', NULL, '2015-06-02 00:00:00', NULL, NULL, NULL, NULL);
INSERT INTO t_fibre VALUES ('FO180030916227', NULL, 'CB000180030916', 227, 19, 11, 'G652', 'OK', '11', '2', 'CST', NULL, '2015-06-02 00:00:00', NULL, NULL, NULL, NULL);
INSERT INTO t_fibre VALUES ('FO180030916228', NULL, 'CB000180030916', 228, 19, 12, 'G652', 'OK', '12', '2', 'CST', NULL, '2015-06-02 00:00:00', NULL, NULL, NULL, NULL);
INSERT INTO t_fibre VALUES ('FO180030916229', NULL, 'CB000180030916', 229, 20, 1, 'G652', 'OK', '1', '2', 'CST', NULL, '2015-06-02 00:00:00', NULL, NULL, NULL, NULL);
INSERT INTO t_fibre VALUES ('FO180030916230', NULL, 'CB000180030916', 230, 20, 2, 'G652', 'OK', '2', '2', 'CST', NULL, '2015-06-02 00:00:00', NULL, NULL, NULL, NULL);
INSERT INTO t_fibre VALUES ('FO180030916231', NULL, 'CB000180030916', 231, 20, 3, 'G652', 'OK', '3', '2', 'CST', NULL, '2015-06-02 00:00:00', NULL, NULL, NULL, NULL);
INSERT INTO t_fibre VALUES ('FO180030916232', NULL, 'CB000180030916', 232, 20, 4, 'G652', 'OK', '4', '2', 'CST', NULL, '2015-06-02 00:00:00', NULL, NULL, NULL, NULL);
INSERT INTO t_fibre VALUES ('FO180030916233', NULL, 'CB000180030916', 233, 20, 5, 'G652', 'OK', '5', '2', 'CST', NULL, '2015-06-02 00:00:00', NULL, NULL, NULL, NULL);
INSERT INTO t_fibre VALUES ('FO180030916234', NULL, 'CB000180030916', 234, 20, 6, 'G652', 'OK', '6', '2', 'CST', NULL, '2015-06-02 00:00:00', NULL, NULL, NULL, NULL);
INSERT INTO t_fibre VALUES ('FO180030916235', NULL, 'CB000180030916', 235, 20, 7, 'G652', 'OK', '7', '2', 'CST', NULL, '2015-06-02 00:00:00', NULL, NULL, NULL, NULL);
INSERT INTO t_fibre VALUES ('FO180030916236', NULL, 'CB000180030916', 236, 20, 8, 'G652', 'OK', '8', '2', 'CST', NULL, '2015-06-02 00:00:00', NULL, NULL, NULL, NULL);
INSERT INTO t_fibre VALUES ('FO180030916237', NULL, 'CB000180030916', 237, 20, 9, 'G652', 'OK', '9', '2', 'CST', NULL, '2015-06-02 00:00:00', NULL, NULL, NULL, NULL);
INSERT INTO t_fibre VALUES ('FO180030916238', NULL, 'CB000180030916', 238, 20, 10, 'G652', 'OK', '10', '2', 'CST', NULL, '2015-06-02 00:00:00', NULL, NULL, NULL, NULL);
INSERT INTO t_fibre VALUES ('FO180030916239', NULL, 'CB000180030916', 239, 20, 11, 'G652', 'OK', '11', '2', 'CST', NULL, '2015-06-02 00:00:00', NULL, NULL, NULL, NULL);
INSERT INTO t_fibre VALUES ('FO180030916240', NULL, 'CB000180030916', 240, 20, 12, 'G652', 'OK', '12', '2', 'CST', NULL, '2015-06-02 00:00:00', NULL, NULL, NULL, NULL);
INSERT INTO t_fibre VALUES ('FO180030916241', NULL, 'CB000180030916', 241, 21, 1, 'G652', 'OK', '1', '2', 'CST', NULL, '2015-06-02 00:00:00', NULL, NULL, NULL, NULL);
INSERT INTO t_fibre VALUES ('FO180030916242', NULL, 'CB000180030916', 242, 21, 2, 'G652', 'OK', '2', '2', 'CST', NULL, '2015-06-02 00:00:00', NULL, NULL, NULL, NULL);
INSERT INTO t_fibre VALUES ('FO180030916243', NULL, 'CB000180030916', 243, 21, 3, 'G652', 'OK', '3', '2', 'CST', NULL, '2015-06-02 00:00:00', NULL, NULL, NULL, NULL);
INSERT INTO t_fibre VALUES ('FO180030916244', NULL, 'CB000180030916', 244, 21, 4, 'G652', 'OK', '4', '2', 'CST', NULL, '2015-06-02 00:00:00', NULL, NULL, NULL, NULL);
INSERT INTO t_fibre VALUES ('FO180030916245', NULL, 'CB000180030916', 245, 21, 5, 'G652', 'OK', '5', '2', 'CST', NULL, '2015-06-02 00:00:00', NULL, NULL, NULL, NULL);
INSERT INTO t_fibre VALUES ('FO180030916246', NULL, 'CB000180030916', 246, 21, 6, 'G652', 'OK', '6', '2', 'CST', NULL, '2015-06-02 00:00:00', NULL, NULL, NULL, NULL);
INSERT INTO t_fibre VALUES ('FO180030916247', NULL, 'CB000180030916', 247, 21, 7, 'G652', 'OK', '7', '2', 'CST', NULL, '2015-06-02 00:00:00', NULL, NULL, NULL, NULL);
INSERT INTO t_fibre VALUES ('FO180030916248', NULL, 'CB000180030916', 248, 21, 8, 'G652', 'OK', '8', '2', 'CST', NULL, '2015-06-02 00:00:00', NULL, NULL, NULL, NULL);
INSERT INTO t_fibre VALUES ('FO180030916249', NULL, 'CB000180030916', 249, 21, 9, 'G652', 'OK', '9', '2', 'CST', NULL, '2015-06-02 00:00:00', NULL, NULL, NULL, NULL);
INSERT INTO t_fibre VALUES ('FO180030916250', NULL, 'CB000180030916', 250, 21, 10, 'G652', 'OK', '10', '2', 'CST', NULL, '2015-06-02 00:00:00', NULL, NULL, NULL, NULL);
INSERT INTO t_fibre VALUES ('FO180030916251', NULL, 'CB000180030916', 251, 21, 11, 'G652', 'OK', '11', '2', 'CST', NULL, '2015-06-02 00:00:00', NULL, NULL, NULL, NULL);
INSERT INTO t_fibre VALUES ('FO180030916252', NULL, 'CB000180030916', 252, 21, 12, 'G652', 'OK', '12', '2', 'CST', NULL, '2015-06-02 00:00:00', NULL, NULL, NULL, NULL);
INSERT INTO t_fibre VALUES ('FO180030916253', NULL, 'CB000180030916', 253, 22, 1, 'G652', 'OK', '1', '2', 'CST', NULL, '2015-06-02 00:00:00', NULL, NULL, NULL, NULL);
INSERT INTO t_fibre VALUES ('FO180030916254', NULL, 'CB000180030916', 254, 22, 2, 'G652', 'OK', '2', '2', 'CST', NULL, '2015-06-02 00:00:00', NULL, NULL, NULL, NULL);
INSERT INTO t_fibre VALUES ('FO180030916255', NULL, 'CB000180030916', 255, 22, 3, 'G652', 'OK', '3', '2', 'CST', NULL, '2015-06-02 00:00:00', NULL, NULL, NULL, NULL);
INSERT INTO t_fibre VALUES ('FO180030916256', NULL, 'CB000180030916', 256, 22, 4, 'G652', 'OK', '4', '2', 'CST', NULL, '2015-06-02 00:00:00', NULL, NULL, NULL, NULL);
INSERT INTO t_fibre VALUES ('FO180030916257', NULL, 'CB000180030916', 257, 22, 5, 'G652', 'OK', '5', '2', 'CST', NULL, '2015-06-02 00:00:00', NULL, NULL, NULL, NULL);
INSERT INTO t_fibre VALUES ('FO180030916258', NULL, 'CB000180030916', 258, 22, 6, 'G652', 'OK', '6', '2', 'CST', NULL, '2015-06-02 00:00:00', NULL, NULL, NULL, NULL);
INSERT INTO t_fibre VALUES ('FO180030916259', NULL, 'CB000180030916', 259, 22, 7, 'G652', 'OK', '7', '2', 'CST', NULL, '2015-06-02 00:00:00', NULL, NULL, NULL, NULL);
INSERT INTO t_fibre VALUES ('FO180030916260', NULL, 'CB000180030916', 260, 22, 8, 'G652', 'OK', '8', '2', 'CST', NULL, '2015-06-02 00:00:00', NULL, NULL, NULL, NULL);
INSERT INTO t_fibre VALUES ('FO180030916261', NULL, 'CB000180030916', 261, 22, 9, 'G652', 'OK', '9', '2', 'CST', NULL, '2015-06-02 00:00:00', NULL, NULL, NULL, NULL);
INSERT INTO t_fibre VALUES ('FO180030916262', NULL, 'CB000180030916', 262, 22, 10, 'G652', 'OK', '10', '2', 'CST', NULL, '2015-06-02 00:00:00', NULL, NULL, NULL, NULL);
INSERT INTO t_fibre VALUES ('FO180030916263', NULL, 'CB000180030916', 263, 22, 11, 'G652', 'OK', '11', '2', 'CST', NULL, '2015-06-02 00:00:00', NULL, NULL, NULL, NULL);
INSERT INTO t_fibre VALUES ('FO180030916264', NULL, 'CB000180030916', 264, 22, 12, 'G652', 'OK', '12', '2', 'CST', NULL, '2015-06-02 00:00:00', NULL, NULL, NULL, NULL);
INSERT INTO t_fibre VALUES ('FO180030916265', NULL, 'CB000180030916', 265, 23, 1, 'G652', 'OK', '1', '2', 'CST', NULL, '2015-06-02 00:00:00', NULL, NULL, NULL, NULL);
INSERT INTO t_fibre VALUES ('FO180030916266', NULL, 'CB000180030916', 266, 23, 2, 'G652', 'OK', '2', '2', 'CST', NULL, '2015-06-02 00:00:00', NULL, NULL, NULL, NULL);
INSERT INTO t_fibre VALUES ('FO180030916267', NULL, 'CB000180030916', 267, 23, 3, 'G652', 'OK', '3', '2', 'CST', NULL, '2015-06-02 00:00:00', NULL, NULL, NULL, NULL);
INSERT INTO t_fibre VALUES ('FO180030916268', NULL, 'CB000180030916', 268, 23, 4, 'G652', 'OK', '4', '2', 'CST', NULL, '2015-06-02 00:00:00', NULL, NULL, NULL, NULL);
INSERT INTO t_fibre VALUES ('FO180030916269', NULL, 'CB000180030916', 269, 23, 5, 'G652', 'OK', '5', '2', 'CST', NULL, '2015-06-02 00:00:00', NULL, NULL, NULL, NULL);
INSERT INTO t_fibre VALUES ('FO180030916270', NULL, 'CB000180030916', 270, 23, 6, 'G652', 'OK', '6', '2', 'CST', NULL, '2015-06-02 00:00:00', NULL, NULL, NULL, NULL);
INSERT INTO t_fibre VALUES ('FO180030916271', NULL, 'CB000180030916', 271, 23, 7, 'G652', 'OK', '7', '2', 'CST', NULL, '2015-06-02 00:00:00', NULL, NULL, NULL, NULL);
INSERT INTO t_fibre VALUES ('FO180030916272', NULL, 'CB000180030916', 272, 23, 8, 'G652', 'OK', '8', '2', 'CST', NULL, '2015-06-02 00:00:00', NULL, NULL, NULL, NULL);
INSERT INTO t_fibre VALUES ('FO180030916273', NULL, 'CB000180030916', 273, 23, 9, 'G652', 'OK', '9', '2', 'CST', NULL, '2015-06-02 00:00:00', NULL, NULL, NULL, NULL);
INSERT INTO t_fibre VALUES ('FO180030916274', NULL, 'CB000180030916', 274, 23, 10, 'G652', 'OK', '10', '2', 'CST', NULL, '2015-06-02 00:00:00', NULL, NULL, NULL, NULL);
INSERT INTO t_fibre VALUES ('FO180030916275', NULL, 'CB000180030916', 275, 23, 11, 'G652', 'OK', '11', '2', 'CST', NULL, '2015-06-02 00:00:00', NULL, NULL, NULL, NULL);
INSERT INTO t_fibre VALUES ('FO180030916276', NULL, 'CB000180030916', 276, 23, 12, 'G652', 'OK', '12', '2', 'CST', NULL, '2015-06-02 00:00:00', NULL, NULL, NULL, NULL);
INSERT INTO t_fibre VALUES ('FO180030916277', NULL, 'CB000180030916', 277, 24, 1, 'G652', 'OK', '1', '2', 'CST', NULL, '2015-06-02 00:00:00', NULL, NULL, NULL, NULL);
INSERT INTO t_fibre VALUES ('FO180030916278', NULL, 'CB000180030916', 278, 24, 2, 'G652', 'OK', '2', '2', 'CST', NULL, '2015-06-02 00:00:00', NULL, NULL, NULL, NULL);
INSERT INTO t_fibre VALUES ('FO180030916279', NULL, 'CB000180030916', 279, 24, 3, 'G652', 'OK', '3', '2', 'CST', NULL, '2015-06-02 00:00:00', NULL, NULL, NULL, NULL);
INSERT INTO t_fibre VALUES ('FO180030916280', NULL, 'CB000180030916', 280, 24, 4, 'G652', 'OK', '4', '2', 'CST', NULL, '2015-06-02 00:00:00', NULL, NULL, NULL, NULL);
INSERT INTO t_fibre VALUES ('FO180030916281', NULL, 'CB000180030916', 281, 24, 5, 'G652', 'OK', '5', '2', 'CST', NULL, '2015-06-02 00:00:00', NULL, NULL, NULL, NULL);
INSERT INTO t_fibre VALUES ('FO180030916282', NULL, 'CB000180030916', 282, 24, 6, 'G652', 'OK', '6', '2', 'CST', NULL, '2015-06-02 00:00:00', NULL, NULL, NULL, NULL);
INSERT INTO t_fibre VALUES ('FO180030916283', NULL, 'CB000180030916', 283, 24, 7, 'G652', 'OK', '7', '2', 'CST', NULL, '2015-06-02 00:00:00', NULL, NULL, NULL, NULL);
INSERT INTO t_fibre VALUES ('FO180030916284', NULL, 'CB000180030916', 284, 24, 8, 'G652', 'OK', '8', '2', 'CST', NULL, '2015-06-02 00:00:00', NULL, NULL, NULL, NULL);
INSERT INTO t_fibre VALUES ('FO180030916285', NULL, 'CB000180030916', 285, 24, 9, 'G652', 'OK', '9', '2', 'CST', NULL, '2015-06-02 00:00:00', NULL, NULL, NULL, NULL);
INSERT INTO t_fibre VALUES ('FO180030916286', NULL, 'CB000180030916', 286, 24, 10, 'G652', 'OK', '10', '2', 'CST', NULL, '2015-06-02 00:00:00', NULL, NULL, NULL, NULL);
INSERT INTO t_fibre VALUES ('FO180030916287', NULL, 'CB000180030916', 287, 24, 11, 'G652', 'OK', '11', '2', 'CST', NULL, '2015-06-02 00:00:00', NULL, NULL, NULL, NULL);
INSERT INTO t_fibre VALUES ('FO180030916288', NULL, 'CB000180030916', 288, 24, 12, 'G652', 'OK', '12', '2', 'CST', NULL, '2015-06-02 00:00:00', NULL, NULL, NULL, NULL);
INSERT INTO t_fibre VALUES ('FO180030916289', NULL, 'CB000180030916', 289, 25, 1, 'G652', 'OK', '1', '3', 'CST', NULL, '2015-06-02 00:00:00', NULL, NULL, NULL, NULL);
INSERT INTO t_fibre VALUES ('FO180030916290', NULL, 'CB000180030916', 290, 25, 2, 'G652', 'OK', '2', '3', 'CST', NULL, '2015-06-02 00:00:00', NULL, NULL, NULL, NULL);
INSERT INTO t_fibre VALUES ('FO180030916291', NULL, 'CB000180030916', 291, 25, 3, 'G652', 'OK', '3', '3', 'CST', NULL, '2015-06-02 00:00:00', NULL, NULL, NULL, NULL);
INSERT INTO t_fibre VALUES ('FO180030916292', NULL, 'CB000180030916', 292, 25, 4, 'G652', 'OK', '4', '3', 'CST', NULL, '2015-06-02 00:00:00', NULL, NULL, NULL, NULL);
INSERT INTO t_fibre VALUES ('FO180030916293', NULL, 'CB000180030916', 293, 25, 5, 'G652', 'OK', '5', '3', 'CST', NULL, '2015-06-02 00:00:00', NULL, NULL, NULL, NULL);
INSERT INTO t_fibre VALUES ('FO180030916294', NULL, 'CB000180030916', 294, 25, 6, 'G652', 'OK', '6', '3', 'CST', NULL, '2015-06-02 00:00:00', NULL, NULL, NULL, NULL);
INSERT INTO t_fibre VALUES ('FO180030916295', NULL, 'CB000180030916', 295, 25, 7, 'G652', 'OK', '7', '3', 'CST', NULL, '2015-06-02 00:00:00', NULL, NULL, NULL, NULL);
INSERT INTO t_fibre VALUES ('FO180030916296', NULL, 'CB000180030916', 296, 25, 8, 'G652', 'OK', '8', '3', 'CST', NULL, '2015-06-02 00:00:00', NULL, NULL, NULL, NULL);
INSERT INTO t_fibre VALUES ('FO180030916297', NULL, 'CB000180030916', 297, 25, 9, 'G652', 'OK', '9', '3', 'CST', NULL, '2015-06-02 00:00:00', NULL, NULL, NULL, NULL);
INSERT INTO t_fibre VALUES ('FO180030916298', NULL, 'CB000180030916', 298, 25, 10, 'G652', 'OK', '10', '3', 'CST', NULL, '2015-06-02 00:00:00', NULL, NULL, NULL, NULL);
INSERT INTO t_fibre VALUES ('FO180030916299', NULL, 'CB000180030916', 299, 25, 11, 'G652', 'OK', '11', '3', 'CST', NULL, '2015-06-02 00:00:00', NULL, NULL, NULL, NULL);
INSERT INTO t_fibre VALUES ('FO180030916300', NULL, 'CB000180030916', 300, 25, 12, 'G652', 'OK', '12', '3', 'CST', NULL, '2015-06-02 00:00:00', NULL, NULL, NULL, NULL);
INSERT INTO t_fibre VALUES ('FO180030916301', NULL, 'CB000180030916', 301, 26, 1, 'G652', 'OK', '1', '3', 'CST', NULL, '2015-06-02 00:00:00', NULL, NULL, NULL, NULL);
INSERT INTO t_fibre VALUES ('FO180030916302', NULL, 'CB000180030916', 302, 26, 2, 'G652', 'OK', '2', '3', 'CST', NULL, '2015-06-02 00:00:00', NULL, NULL, NULL, NULL);
INSERT INTO t_fibre VALUES ('FO180030916303', NULL, 'CB000180030916', 303, 26, 3, 'G652', 'OK', '3', '3', 'CST', NULL, '2015-06-02 00:00:00', NULL, NULL, NULL, NULL);
INSERT INTO t_fibre VALUES ('FO180030916304', NULL, 'CB000180030916', 304, 26, 4, 'G652', 'OK', '4', '3', 'CST', NULL, '2015-06-02 00:00:00', NULL, NULL, NULL, NULL);
INSERT INTO t_fibre VALUES ('FO180030916305', NULL, 'CB000180030916', 305, 26, 5, 'G652', 'OK', '5', '3', 'CST', NULL, '2015-06-02 00:00:00', NULL, NULL, NULL, NULL);
INSERT INTO t_fibre VALUES ('FO180030916306', NULL, 'CB000180030916', 306, 26, 6, 'G652', 'OK', '6', '3', 'CST', NULL, '2015-06-02 00:00:00', NULL, NULL, NULL, NULL);
INSERT INTO t_fibre VALUES ('FO180030916307', NULL, 'CB000180030916', 307, 26, 7, 'G652', 'OK', '7', '3', 'CST', NULL, '2015-06-02 00:00:00', NULL, NULL, NULL, NULL);
INSERT INTO t_fibre VALUES ('FO180030916308', NULL, 'CB000180030916', 308, 26, 8, 'G652', 'OK', '8', '3', 'CST', NULL, '2015-06-02 00:00:00', NULL, NULL, NULL, NULL);
INSERT INTO t_fibre VALUES ('FO180030916309', NULL, 'CB000180030916', 309, 26, 9, 'G652', 'OK', '9', '3', 'CST', NULL, '2015-06-02 00:00:00', NULL, NULL, NULL, NULL);
INSERT INTO t_fibre VALUES ('FO180030916310', NULL, 'CB000180030916', 310, 26, 10, 'G652', 'OK', '10', '3', 'CST', NULL, '2015-06-02 00:00:00', NULL, NULL, NULL, NULL);
INSERT INTO t_fibre VALUES ('FO180030916311', NULL, 'CB000180030916', 311, 26, 11, 'G652', 'OK', '11', '3', 'CST', NULL, '2015-06-02 00:00:00', NULL, NULL, NULL, NULL);
INSERT INTO t_fibre VALUES ('FO180030916312', NULL, 'CB000180030916', 312, 26, 12, 'G652', 'OK', '12', '3', 'CST', NULL, '2015-06-02 00:00:00', NULL, NULL, NULL, NULL);
INSERT INTO t_fibre VALUES ('FO180030916313', NULL, 'CB000180030916', 313, 27, 1, 'G652', 'OK', '1', '3', 'CST', NULL, '2015-06-02 00:00:00', NULL, NULL, NULL, NULL);
INSERT INTO t_fibre VALUES ('FO180030916314', NULL, 'CB000180030916', 314, 27, 2, 'G652', 'OK', '2', '3', 'CST', NULL, '2015-06-02 00:00:00', NULL, NULL, NULL, NULL);
INSERT INTO t_fibre VALUES ('FO180030916315', NULL, 'CB000180030916', 315, 27, 3, 'G652', 'OK', '3', '3', 'CST', NULL, '2015-06-02 00:00:00', NULL, NULL, NULL, NULL);
INSERT INTO t_fibre VALUES ('FO180030916316', NULL, 'CB000180030916', 316, 27, 4, 'G652', 'OK', '4', '3', 'CST', NULL, '2015-06-02 00:00:00', NULL, NULL, NULL, NULL);
INSERT INTO t_fibre VALUES ('FO180030916317', NULL, 'CB000180030916', 317, 27, 5, 'G652', 'OK', '5', '3', 'CST', NULL, '2015-06-02 00:00:00', NULL, NULL, NULL, NULL);
INSERT INTO t_fibre VALUES ('FO180030916318', NULL, 'CB000180030916', 318, 27, 6, 'G652', 'OK', '6', '3', 'CST', NULL, '2015-06-02 00:00:00', NULL, NULL, NULL, NULL);
INSERT INTO t_fibre VALUES ('FO180030916319', NULL, 'CB000180030916', 319, 27, 7, 'G652', 'OK', '7', '3', 'CST', NULL, '2015-06-02 00:00:00', NULL, NULL, NULL, NULL);
INSERT INTO t_fibre VALUES ('FO180030916320', NULL, 'CB000180030916', 320, 27, 8, 'G652', 'OK', '8', '3', 'CST', NULL, '2015-06-02 00:00:00', NULL, NULL, NULL, NULL);
INSERT INTO t_fibre VALUES ('FO180030916321', NULL, 'CB000180030916', 321, 27, 9, 'G652', 'OK', '9', '3', 'CST', NULL, '2015-06-02 00:00:00', NULL, NULL, NULL, NULL);
INSERT INTO t_fibre VALUES ('FO180030916322', NULL, 'CB000180030916', 322, 27, 10, 'G652', 'OK', '10', '3', 'CST', NULL, '2015-06-02 00:00:00', NULL, NULL, NULL, NULL);
INSERT INTO t_fibre VALUES ('FO180030916323', NULL, 'CB000180030916', 323, 27, 11, 'G652', 'OK', '11', '3', 'CST', NULL, '2015-06-02 00:00:00', NULL, NULL, NULL, NULL);
INSERT INTO t_fibre VALUES ('FO180030916324', NULL, 'CB000180030916', 324, 27, 12, 'G652', 'OK', '12', '3', 'CST', NULL, '2015-06-02 00:00:00', NULL, NULL, NULL, NULL);
INSERT INTO t_fibre VALUES ('FO180030916325', NULL, 'CB000180030916', 325, 28, 1, 'G652', 'OK', '1', '3', 'CST', NULL, '2015-06-02 00:00:00', NULL, NULL, NULL, NULL);
INSERT INTO t_fibre VALUES ('FO180030916326', NULL, 'CB000180030916', 326, 28, 2, 'G652', 'OK', '2', '3', 'CST', NULL, '2015-06-02 00:00:00', NULL, NULL, NULL, NULL);
INSERT INTO t_fibre VALUES ('FO180030916327', NULL, 'CB000180030916', 327, 28, 3, 'G652', 'OK', '3', '3', 'CST', NULL, '2015-06-02 00:00:00', NULL, NULL, NULL, NULL);
INSERT INTO t_fibre VALUES ('FO180030916328', NULL, 'CB000180030916', 328, 28, 4, 'G652', 'OK', '4', '3', 'CST', NULL, '2015-06-02 00:00:00', NULL, NULL, NULL, NULL);
INSERT INTO t_fibre VALUES ('FO180030916329', NULL, 'CB000180030916', 329, 28, 5, 'G652', 'OK', '5', '3', 'CST', NULL, '2015-06-02 00:00:00', NULL, NULL, NULL, NULL);
INSERT INTO t_fibre VALUES ('FO180030916330', NULL, 'CB000180030916', 330, 28, 6, 'G652', 'OK', '6', '3', 'CST', NULL, '2015-06-02 00:00:00', NULL, NULL, NULL, NULL);
INSERT INTO t_fibre VALUES ('FO180030916331', NULL, 'CB000180030916', 331, 28, 7, 'G652', 'OK', '7', '3', 'CST', NULL, '2015-06-02 00:00:00', NULL, NULL, NULL, NULL);
INSERT INTO t_fibre VALUES ('FO180030916332', NULL, 'CB000180030916', 332, 28, 8, 'G652', 'OK', '8', '3', 'CST', NULL, '2015-06-02 00:00:00', NULL, NULL, NULL, NULL);
INSERT INTO t_fibre VALUES ('FO180030916333', NULL, 'CB000180030916', 333, 28, 9, 'G652', 'OK', '9', '3', 'CST', NULL, '2015-06-02 00:00:00', NULL, NULL, NULL, NULL);
INSERT INTO t_fibre VALUES ('FO180030916334', NULL, 'CB000180030916', 334, 28, 10, 'G652', 'OK', '10', '3', 'CST', NULL, '2015-06-02 00:00:00', NULL, NULL, NULL, NULL);
INSERT INTO t_fibre VALUES ('FO180030916335', NULL, 'CB000180030916', 335, 28, 11, 'G652', 'OK', '11', '3', 'CST', NULL, '2015-06-02 00:00:00', NULL, NULL, NULL, NULL);
INSERT INTO t_fibre VALUES ('FO180030916336', NULL, 'CB000180030916', 336, 28, 12, 'G652', 'OK', '12', '3', 'CST', NULL, '2015-06-02 00:00:00', NULL, NULL, NULL, NULL);
INSERT INTO t_fibre VALUES ('FO180030916337', NULL, 'CB000180030916', 337, 29, 1, 'G652', 'OK', '1', '3', 'CST', NULL, '2015-06-02 00:00:00', NULL, NULL, NULL, NULL);
INSERT INTO t_fibre VALUES ('FO180030916338', NULL, 'CB000180030916', 338, 29, 2, 'G652', 'OK', '2', '3', 'CST', NULL, '2015-06-02 00:00:00', NULL, NULL, NULL, NULL);
INSERT INTO t_fibre VALUES ('FO180030916339', NULL, 'CB000180030916', 339, 29, 3, 'G652', 'OK', '3', '3', 'CST', NULL, '2015-06-02 00:00:00', NULL, NULL, NULL, NULL);
INSERT INTO t_fibre VALUES ('FO180030916340', NULL, 'CB000180030916', 340, 29, 4, 'G652', 'OK', '4', '3', 'CST', NULL, '2015-06-02 00:00:00', NULL, NULL, NULL, NULL);
INSERT INTO t_fibre VALUES ('FO180030916341', NULL, 'CB000180030916', 341, 29, 5, 'G652', 'OK', '5', '3', 'CST', NULL, '2015-06-02 00:00:00', NULL, NULL, NULL, NULL);
INSERT INTO t_fibre VALUES ('FO180030916342', NULL, 'CB000180030916', 342, 29, 6, 'G652', 'OK', '6', '3', 'CST', NULL, '2015-06-02 00:00:00', NULL, NULL, NULL, NULL);
INSERT INTO t_fibre VALUES ('FO180030916343', NULL, 'CB000180030916', 343, 29, 7, 'G652', 'OK', '7', '3', 'CST', NULL, '2015-06-02 00:00:00', NULL, NULL, NULL, NULL);
INSERT INTO t_fibre VALUES ('FO180030916344', NULL, 'CB000180030916', 344, 29, 8, 'G652', 'OK', '8', '3', 'CST', NULL, '2015-06-02 00:00:00', NULL, NULL, NULL, NULL);
INSERT INTO t_fibre VALUES ('FO180030916345', NULL, 'CB000180030916', 345, 29, 9, 'G652', 'OK', '9', '3', 'CST', NULL, '2015-06-02 00:00:00', NULL, NULL, NULL, NULL);
INSERT INTO t_fibre VALUES ('FO180030916346', NULL, 'CB000180030916', 346, 29, 10, 'G652', 'OK', '10', '3', 'CST', NULL, '2015-06-02 00:00:00', NULL, NULL, NULL, NULL);
INSERT INTO t_fibre VALUES ('FO180030916347', NULL, 'CB000180030916', 347, 29, 11, 'G652', 'OK', '11', '3', 'CST', NULL, '2015-06-02 00:00:00', NULL, NULL, NULL, NULL);
INSERT INTO t_fibre VALUES ('FO180030916348', NULL, 'CB000180030916', 348, 29, 12, 'G652', 'OK', '12', '3', 'CST', NULL, '2015-06-02 00:00:00', NULL, NULL, NULL, NULL);
INSERT INTO t_fibre VALUES ('FO180030916349', NULL, 'CB000180030916', 349, 30, 1, 'G652', 'OK', '1', '3', 'CST', NULL, '2015-06-02 00:00:00', NULL, NULL, NULL, NULL);
INSERT INTO t_fibre VALUES ('FO180030916350', NULL, 'CB000180030916', 350, 30, 2, 'G652', 'OK', '2', '3', 'CST', NULL, '2015-06-02 00:00:00', NULL, NULL, NULL, NULL);
INSERT INTO t_fibre VALUES ('FO180030916351', NULL, 'CB000180030916', 351, 30, 3, 'G652', 'OK', '3', '3', 'CST', NULL, '2015-06-02 00:00:00', NULL, NULL, NULL, NULL);
INSERT INTO t_fibre VALUES ('FO180030916352', NULL, 'CB000180030916', 352, 30, 4, 'G652', 'OK', '4', '3', 'CST', NULL, '2015-06-02 00:00:00', NULL, NULL, NULL, NULL);
INSERT INTO t_fibre VALUES ('FO180030916353', NULL, 'CB000180030916', 353, 30, 5, 'G652', 'OK', '5', '3', 'CST', NULL, '2015-06-02 00:00:00', NULL, NULL, NULL, NULL);
INSERT INTO t_fibre VALUES ('FO180030916354', NULL, 'CB000180030916', 354, 30, 6, 'G652', 'OK', '6', '3', 'CST', NULL, '2015-06-02 00:00:00', NULL, NULL, NULL, NULL);
INSERT INTO t_fibre VALUES ('FO180030916355', NULL, 'CB000180030916', 355, 30, 7, 'G652', 'OK', '7', '3', 'CST', NULL, '2015-06-02 00:00:00', NULL, NULL, NULL, NULL);
INSERT INTO t_fibre VALUES ('FO180030916356', NULL, 'CB000180030916', 356, 30, 8, 'G652', 'OK', '8', '3', 'CST', NULL, '2015-06-02 00:00:00', NULL, NULL, NULL, NULL);
INSERT INTO t_fibre VALUES ('FO180030916357', NULL, 'CB000180030916', 357, 30, 9, 'G652', 'OK', '9', '3', 'CST', NULL, '2015-06-02 00:00:00', NULL, NULL, NULL, NULL);
INSERT INTO t_fibre VALUES ('FO180030916358', NULL, 'CB000180030916', 358, 30, 10, 'G652', 'OK', '10', '3', 'CST', NULL, '2015-06-02 00:00:00', NULL, NULL, NULL, NULL);
INSERT INTO t_fibre VALUES ('FO180030916359', NULL, 'CB000180030916', 359, 30, 11, 'G652', 'OK', '11', '3', 'CST', NULL, '2015-06-02 00:00:00', NULL, NULL, NULL, NULL);
INSERT INTO t_fibre VALUES ('FO180030916360', NULL, 'CB000180030916', 360, 30, 12, 'G652', 'OK', '12', '3', 'CST', NULL, '2015-06-02 00:00:00', NULL, NULL, NULL, NULL);
INSERT INTO t_fibre VALUES ('FO180030916361', NULL, 'CB000180030916', 361, 31, 1, 'G652', 'OK', '1', '3', 'CST', NULL, '2015-06-02 00:00:00', NULL, NULL, NULL, NULL);
INSERT INTO t_fibre VALUES ('FO180030916362', NULL, 'CB000180030916', 362, 31, 2, 'G652', 'OK', '2', '3', 'CST', NULL, '2015-06-02 00:00:00', NULL, NULL, NULL, NULL);
INSERT INTO t_fibre VALUES ('FO180030916363', NULL, 'CB000180030916', 363, 31, 3, 'G652', 'OK', '3', '3', 'CST', NULL, '2015-06-02 00:00:00', NULL, NULL, NULL, NULL);
INSERT INTO t_fibre VALUES ('FO180030916364', NULL, 'CB000180030916', 364, 31, 4, 'G652', 'OK', '4', '3', 'CST', NULL, '2015-06-02 00:00:00', NULL, NULL, NULL, NULL);
INSERT INTO t_fibre VALUES ('FO180030916365', NULL, 'CB000180030916', 365, 31, 5, 'G652', 'OK', '5', '3', 'CST', NULL, '2015-06-02 00:00:00', NULL, NULL, NULL, NULL);
INSERT INTO t_fibre VALUES ('FO180030916366', NULL, 'CB000180030916', 366, 31, 6, 'G652', 'OK', '6', '3', 'CST', NULL, '2015-06-02 00:00:00', NULL, NULL, NULL, NULL);
INSERT INTO t_fibre VALUES ('FO180030916367', NULL, 'CB000180030916', 367, 31, 7, 'G652', 'OK', '7', '3', 'CST', NULL, '2015-06-02 00:00:00', NULL, NULL, NULL, NULL);
INSERT INTO t_fibre VALUES ('FO180030916368', NULL, 'CB000180030916', 368, 31, 8, 'G652', 'OK', '8', '3', 'CST', NULL, '2015-06-02 00:00:00', NULL, NULL, NULL, NULL);
INSERT INTO t_fibre VALUES ('FO180030916369', NULL, 'CB000180030916', 369, 31, 9, 'G652', 'OK', '9', '3', 'CST', NULL, '2015-06-02 00:00:00', NULL, NULL, NULL, NULL);
INSERT INTO t_fibre VALUES ('FO180030916370', NULL, 'CB000180030916', 370, 31, 10, 'G652', 'OK', '10', '3', 'CST', NULL, '2015-06-02 00:00:00', NULL, NULL, NULL, NULL);
INSERT INTO t_fibre VALUES ('FO180030916371', NULL, 'CB000180030916', 371, 31, 11, 'G652', 'OK', '11', '3', 'CST', NULL, '2015-06-02 00:00:00', NULL, NULL, NULL, NULL);
INSERT INTO t_fibre VALUES ('FO180030916372', NULL, 'CB000180030916', 372, 31, 12, 'G652', 'OK', '12', '3', 'CST', NULL, '2015-06-02 00:00:00', NULL, NULL, NULL, NULL);
INSERT INTO t_fibre VALUES ('FO180030916373', NULL, 'CB000180030916', 373, 32, 1, 'G652', 'OK', '1', '3', 'CST', NULL, '2015-06-02 00:00:00', NULL, NULL, NULL, NULL);
INSERT INTO t_fibre VALUES ('FO180030916374', NULL, 'CB000180030916', 374, 32, 2, 'G652', 'OK', '2', '3', 'CST', NULL, '2015-06-02 00:00:00', NULL, NULL, NULL, NULL);
INSERT INTO t_fibre VALUES ('FO180030916375', NULL, 'CB000180030916', 375, 32, 3, 'G652', 'OK', '3', '3', 'CST', NULL, '2015-06-02 00:00:00', NULL, NULL, NULL, NULL);
INSERT INTO t_fibre VALUES ('FO180030916376', NULL, 'CB000180030916', 376, 32, 4, 'G652', 'OK', '4', '3', 'CST', NULL, '2015-06-02 00:00:00', NULL, NULL, NULL, NULL);
INSERT INTO t_fibre VALUES ('FO180030916377', NULL, 'CB000180030916', 377, 32, 5, 'G652', 'OK', '5', '3', 'CST', NULL, '2015-06-02 00:00:00', NULL, NULL, NULL, NULL);
INSERT INTO t_fibre VALUES ('FO180030916378', NULL, 'CB000180030916', 378, 32, 6, 'G652', 'OK', '6', '3', 'CST', NULL, '2015-06-02 00:00:00', NULL, NULL, NULL, NULL);
INSERT INTO t_fibre VALUES ('FO180030916379', NULL, 'CB000180030916', 379, 32, 7, 'G652', 'OK', '7', '3', 'CST', NULL, '2015-06-02 00:00:00', NULL, NULL, NULL, NULL);
INSERT INTO t_fibre VALUES ('FO180030916380', NULL, 'CB000180030916', 380, 32, 8, 'G652', 'OK', '8', '3', 'CST', NULL, '2015-06-02 00:00:00', NULL, NULL, NULL, NULL);
INSERT INTO t_fibre VALUES ('FO180030916381', NULL, 'CB000180030916', 381, 32, 9, 'G652', 'OK', '9', '3', 'CST', NULL, '2015-06-02 00:00:00', NULL, NULL, NULL, NULL);
INSERT INTO t_fibre VALUES ('FO180030916382', NULL, 'CB000180030916', 382, 32, 10, 'G652', 'OK', '10', '3', 'CST', NULL, '2015-06-02 00:00:00', NULL, NULL, NULL, NULL);
INSERT INTO t_fibre VALUES ('FO180030916383', NULL, 'CB000180030916', 383, 32, 11, 'G652', 'OK', '11', '3', 'CST', NULL, '2015-06-02 00:00:00', NULL, NULL, NULL, NULL);
INSERT INTO t_fibre VALUES ('FO180030916384', NULL, 'CB000180030916', 384, 32, 12, 'G652', 'OK', '12', '3', 'CST', NULL, '2015-06-02 00:00:00', NULL, NULL, NULL, NULL);
INSERT INTO t_fibre VALUES ('FO180030916385', NULL, 'CB000180030916', 385, 33, 1, 'G652', 'OK', '1', '3', 'CST', NULL, '2015-06-02 00:00:00', NULL, NULL, NULL, NULL);
INSERT INTO t_fibre VALUES ('FO180030916386', NULL, 'CB000180030916', 386, 33, 2, 'G652', 'OK', '2', '3', 'CST', NULL, '2015-06-02 00:00:00', NULL, NULL, NULL, NULL);
INSERT INTO t_fibre VALUES ('FO180030916387', NULL, 'CB000180030916', 387, 33, 3, 'G652', 'OK', '3', '3', 'CST', NULL, '2015-06-02 00:00:00', NULL, NULL, NULL, NULL);
INSERT INTO t_fibre VALUES ('FO180030916388', NULL, 'CB000180030916', 388, 33, 4, 'G652', 'OK', '4', '3', 'CST', NULL, '2015-06-02 00:00:00', NULL, NULL, NULL, NULL);
INSERT INTO t_fibre VALUES ('FO180030916389', NULL, 'CB000180030916', 389, 33, 5, 'G652', 'OK', '5', '3', 'CST', NULL, '2015-06-02 00:00:00', NULL, NULL, NULL, NULL);
INSERT INTO t_fibre VALUES ('FO180030916390', NULL, 'CB000180030916', 390, 33, 6, 'G652', 'OK', '6', '3', 'CST', NULL, '2015-06-02 00:00:00', NULL, NULL, NULL, NULL);
INSERT INTO t_fibre VALUES ('FO180030916391', NULL, 'CB000180030916', 391, 33, 7, 'G652', 'OK', '7', '3', 'CST', NULL, '2015-06-02 00:00:00', NULL, NULL, NULL, NULL);
INSERT INTO t_fibre VALUES ('FO180030916392', NULL, 'CB000180030916', 392, 33, 8, 'G652', 'OK', '8', '3', 'CST', NULL, '2015-06-02 00:00:00', NULL, NULL, NULL, NULL);
INSERT INTO t_fibre VALUES ('FO180030916393', NULL, 'CB000180030916', 393, 33, 9, 'G652', 'OK', '9', '3', 'CST', NULL, '2015-06-02 00:00:00', NULL, NULL, NULL, NULL);
INSERT INTO t_fibre VALUES ('FO180030916394', NULL, 'CB000180030916', 394, 33, 10, 'G652', 'OK', '10', '3', 'CST', NULL, '2015-06-02 00:00:00', NULL, NULL, NULL, NULL);
INSERT INTO t_fibre VALUES ('FO180030916395', NULL, 'CB000180030916', 395, 33, 11, 'G652', 'OK', '11', '3', 'CST', NULL, '2015-06-02 00:00:00', NULL, NULL, NULL, NULL);
INSERT INTO t_fibre VALUES ('FO180030916396', NULL, 'CB000180030916', 396, 33, 12, 'G652', 'OK', '12', '3', 'CST', NULL, '2015-06-02 00:00:00', NULL, NULL, NULL, NULL);
INSERT INTO t_fibre VALUES ('FO180030916397', NULL, 'CB000180030916', 397, 34, 1, 'G652', 'OK', '1', '3', 'CST', NULL, '2015-06-02 00:00:00', NULL, NULL, NULL, NULL);
INSERT INTO t_fibre VALUES ('FO180030916398', NULL, 'CB000180030916', 398, 34, 2, 'G652', 'OK', '2', '3', 'CST', NULL, '2015-06-02 00:00:00', NULL, NULL, NULL, NULL);
INSERT INTO t_fibre VALUES ('FO180030916399', NULL, 'CB000180030916', 399, 34, 3, 'G652', 'OK', '3', '3', 'CST', NULL, '2015-06-02 00:00:00', NULL, NULL, NULL, NULL);
INSERT INTO t_fibre VALUES ('FO180030916400', NULL, 'CB000180030916', 400, 34, 4, 'G652', 'OK', '4', '3', 'CST', NULL, '2015-06-02 00:00:00', NULL, NULL, NULL, NULL);
INSERT INTO t_fibre VALUES ('FO180030916401', NULL, 'CB000180030916', 401, 34, 5, 'G652', 'OK', '5', '3', 'CST', NULL, '2015-06-02 00:00:00', NULL, NULL, NULL, NULL);
INSERT INTO t_fibre VALUES ('FO180030916402', NULL, 'CB000180030916', 402, 34, 6, 'G652', 'OK', '6', '3', 'CST', NULL, '2015-06-02 00:00:00', NULL, NULL, NULL, NULL);
INSERT INTO t_fibre VALUES ('FO180030916403', NULL, 'CB000180030916', 403, 34, 7, 'G652', 'OK', '7', '3', 'CST', NULL, '2015-06-02 00:00:00', NULL, NULL, NULL, NULL);
INSERT INTO t_fibre VALUES ('FO180030916404', NULL, 'CB000180030916', 404, 34, 8, 'G652', 'OK', '8', '3', 'CST', NULL, '2015-06-02 00:00:00', NULL, NULL, NULL, NULL);
INSERT INTO t_fibre VALUES ('FO180030916405', NULL, 'CB000180030916', 405, 34, 9, 'G652', 'OK', '9', '3', 'CST', NULL, '2015-06-02 00:00:00', NULL, NULL, NULL, NULL);
INSERT INTO t_fibre VALUES ('FO180030916406', NULL, 'CB000180030916', 406, 34, 10, 'G652', 'OK', '10', '3', 'CST', NULL, '2015-06-02 00:00:00', NULL, NULL, NULL, NULL);
INSERT INTO t_fibre VALUES ('FO180030916407', NULL, 'CB000180030916', 407, 34, 11, 'G652', 'OK', '11', '3', 'CST', NULL, '2015-06-02 00:00:00', NULL, NULL, NULL, NULL);
INSERT INTO t_fibre VALUES ('FO180030916408', NULL, 'CB000180030916', 408, 34, 12, 'G652', 'OK', '12', '3', 'CST', NULL, '2015-06-02 00:00:00', NULL, NULL, NULL, NULL);
INSERT INTO t_fibre VALUES ('FO180030916409', NULL, 'CB000180030916', 409, 35, 1, 'G652', 'OK', '1', '3', 'CST', NULL, '2015-06-02 00:00:00', NULL, NULL, NULL, NULL);
INSERT INTO t_fibre VALUES ('FO180030916410', NULL, 'CB000180030916', 410, 35, 2, 'G652', 'OK', '2', '3', 'CST', NULL, '2015-06-02 00:00:00', NULL, NULL, NULL, NULL);
INSERT INTO t_fibre VALUES ('FO180030916411', NULL, 'CB000180030916', 411, 35, 3, 'G652', 'OK', '3', '3', 'CST', NULL, '2015-06-02 00:00:00', NULL, NULL, NULL, NULL);
INSERT INTO t_fibre VALUES ('FO180030916412', NULL, 'CB000180030916', 412, 35, 4, 'G652', 'OK', '4', '3', 'CST', NULL, '2015-06-02 00:00:00', NULL, NULL, NULL, NULL);
INSERT INTO t_fibre VALUES ('FO180030916413', NULL, 'CB000180030916', 413, 35, 5, 'G652', 'OK', '5', '3', 'CST', NULL, '2015-06-02 00:00:00', NULL, NULL, NULL, NULL);
INSERT INTO t_fibre VALUES ('FO180030916414', NULL, 'CB000180030916', 414, 35, 6, 'G652', 'OK', '6', '3', 'CST', NULL, '2015-06-02 00:00:00', NULL, NULL, NULL, NULL);
INSERT INTO t_fibre VALUES ('FO180030916415', NULL, 'CB000180030916', 415, 35, 7, 'G652', 'OK', '7', '3', 'CST', NULL, '2015-06-02 00:00:00', NULL, NULL, NULL, NULL);
INSERT INTO t_fibre VALUES ('FO180030916416', NULL, 'CB000180030916', 416, 35, 8, 'G652', 'OK', '8', '3', 'CST', NULL, '2015-06-02 00:00:00', NULL, NULL, NULL, NULL);
INSERT INTO t_fibre VALUES ('FO180030916417', NULL, 'CB000180030916', 417, 35, 9, 'G652', 'OK', '9', '3', 'CST', NULL, '2015-06-02 00:00:00', NULL, NULL, NULL, NULL);
INSERT INTO t_fibre VALUES ('FO180030916418', NULL, 'CB000180030916', 418, 35, 10, 'G652', 'OK', '10', '3', 'CST', NULL, '2015-06-02 00:00:00', NULL, NULL, NULL, NULL);
INSERT INTO t_fibre VALUES ('FO180030916419', NULL, 'CB000180030916', 419, 35, 11, 'G652', 'OK', '11', '3', 'CST', NULL, '2015-06-02 00:00:00', NULL, NULL, NULL, NULL);
INSERT INTO t_fibre VALUES ('FO180030916420', NULL, 'CB000180030916', 420, 35, 12, 'G652', 'OK', '12', '3', 'CST', NULL, '2015-06-02 00:00:00', NULL, NULL, NULL, NULL);
INSERT INTO t_fibre VALUES ('FO180030916421', NULL, 'CB000180030916', 421, 36, 1, 'G652', 'OK', '1', '3', 'CST', NULL, '2015-06-02 00:00:00', NULL, NULL, NULL, NULL);
INSERT INTO t_fibre VALUES ('FO180030916422', NULL, 'CB000180030916', 422, 36, 2, 'G652', 'OK', '2', '3', 'CST', NULL, '2015-06-02 00:00:00', NULL, NULL, NULL, NULL);
INSERT INTO t_fibre VALUES ('FO180030916423', NULL, 'CB000180030916', 423, 36, 3, 'G652', 'OK', '3', '3', 'CST', NULL, '2015-06-02 00:00:00', NULL, NULL, NULL, NULL);
INSERT INTO t_fibre VALUES ('FO180030916424', NULL, 'CB000180030916', 424, 36, 4, 'G652', 'OK', '4', '3', 'CST', NULL, '2015-06-02 00:00:00', NULL, NULL, NULL, NULL);
INSERT INTO t_fibre VALUES ('FO180030916425', NULL, 'CB000180030916', 425, 36, 5, 'G652', 'OK', '5', '3', 'CST', NULL, '2015-06-02 00:00:00', NULL, NULL, NULL, NULL);
INSERT INTO t_fibre VALUES ('FO180030916426', NULL, 'CB000180030916', 426, 36, 6, 'G652', 'OK', '6', '3', 'CST', NULL, '2015-06-02 00:00:00', NULL, NULL, NULL, NULL);
INSERT INTO t_fibre VALUES ('FO180030916427', NULL, 'CB000180030916', 427, 36, 7, 'G652', 'OK', '7', '3', 'CST', NULL, '2015-06-02 00:00:00', NULL, NULL, NULL, NULL);
INSERT INTO t_fibre VALUES ('FO180030916428', NULL, 'CB000180030916', 428, 36, 8, 'G652', 'OK', '8', '3', 'CST', NULL, '2015-06-02 00:00:00', NULL, NULL, NULL, NULL);
INSERT INTO t_fibre VALUES ('FO180030916429', NULL, 'CB000180030916', 429, 36, 9, 'G652', 'OK', '9', '3', 'CST', NULL, '2015-06-02 00:00:00', NULL, NULL, NULL, NULL);
INSERT INTO t_fibre VALUES ('FO180030916430', NULL, 'CB000180030916', 430, 36, 10, 'G652', 'OK', '10', '3', 'CST', NULL, '2015-06-02 00:00:00', NULL, NULL, NULL, NULL);
INSERT INTO t_fibre VALUES ('FO180030916431', NULL, 'CB000180030916', 431, 36, 11, 'G652', 'OK', '11', '3', 'CST', NULL, '2015-06-02 00:00:00', NULL, NULL, NULL, NULL);
INSERT INTO t_fibre VALUES ('FO180030916432', NULL, 'CB000180030916', 432, 36, 12, 'G652', 'OK', '12', '3', 'CST', NULL, '2015-06-02 00:00:00', NULL, NULL, NULL, NULL);
INSERT INTO t_fibre VALUES ('FO180030916433', NULL, 'CB000180030916', 433, 37, 1, 'G652', 'OK', '1', '4', 'CST', NULL, '2015-06-02 00:00:00', NULL, NULL, NULL, NULL);
INSERT INTO t_fibre VALUES ('FO180030916434', NULL, 'CB000180030916', 434, 37, 2, 'G652', 'OK', '2', '4', 'CST', NULL, '2015-06-02 00:00:00', NULL, NULL, NULL, NULL);
INSERT INTO t_fibre VALUES ('FO180030916435', NULL, 'CB000180030916', 435, 37, 3, 'G652', 'OK', '3', '4', 'CST', NULL, '2015-06-02 00:00:00', NULL, NULL, NULL, NULL);
INSERT INTO t_fibre VALUES ('FO180030916436', NULL, 'CB000180030916', 436, 37, 4, 'G652', 'OK', '4', '4', 'CST', NULL, '2015-06-02 00:00:00', NULL, NULL, NULL, NULL);
INSERT INTO t_fibre VALUES ('FO180030916437', NULL, 'CB000180030916', 437, 37, 5, 'G652', 'OK', '5', '4', 'CST', NULL, '2015-06-02 00:00:00', NULL, NULL, NULL, NULL);
INSERT INTO t_fibre VALUES ('FO180030916438', NULL, 'CB000180030916', 438, 37, 6, 'G652', 'OK', '6', '4', 'CST', NULL, '2015-06-02 00:00:00', NULL, NULL, NULL, NULL);
INSERT INTO t_fibre VALUES ('FO180030916439', NULL, 'CB000180030916', 439, 37, 7, 'G652', 'OK', '7', '4', 'CST', NULL, '2015-06-02 00:00:00', NULL, NULL, NULL, NULL);
INSERT INTO t_fibre VALUES ('FO180030916440', NULL, 'CB000180030916', 440, 37, 8, 'G652', 'OK', '8', '4', 'CST', NULL, '2015-06-02 00:00:00', NULL, NULL, NULL, NULL);
INSERT INTO t_fibre VALUES ('FO180030916441', NULL, 'CB000180030916', 441, 37, 9, 'G652', 'OK', '9', '4', 'CST', NULL, '2015-06-02 00:00:00', NULL, NULL, NULL, NULL);
INSERT INTO t_fibre VALUES ('FO180030916442', NULL, 'CB000180030916', 442, 37, 10, 'G652', 'OK', '10', '4', 'CST', NULL, '2015-06-02 00:00:00', NULL, NULL, NULL, NULL);
INSERT INTO t_fibre VALUES ('FO180030916443', NULL, 'CB000180030916', 443, 37, 11, 'G652', 'OK', '11', '4', 'CST', NULL, '2015-06-02 00:00:00', NULL, NULL, NULL, NULL);
INSERT INTO t_fibre VALUES ('FO180030916444', NULL, 'CB000180030916', 444, 37, 12, 'G652', 'OK', '12', '4', 'CST', NULL, '2015-06-02 00:00:00', NULL, NULL, NULL, NULL);
INSERT INTO t_fibre VALUES ('FO180030916445', NULL, 'CB000180030916', 445, 38, 1, 'G652', 'OK', '1', '4', 'CST', NULL, '2015-06-02 00:00:00', NULL, NULL, NULL, NULL);
INSERT INTO t_fibre VALUES ('FO180030916446', NULL, 'CB000180030916', 446, 38, 2, 'G652', 'OK', '2', '4', 'CST', NULL, '2015-06-02 00:00:00', NULL, NULL, NULL, NULL);
INSERT INTO t_fibre VALUES ('FO180030916447', NULL, 'CB000180030916', 447, 38, 3, 'G652', 'OK', '3', '4', 'CST', NULL, '2015-06-02 00:00:00', NULL, NULL, NULL, NULL);
INSERT INTO t_fibre VALUES ('FO180030916448', NULL, 'CB000180030916', 448, 38, 4, 'G652', 'OK', '4', '4', 'CST', NULL, '2015-06-02 00:00:00', NULL, NULL, NULL, NULL);
INSERT INTO t_fibre VALUES ('FO180030916449', NULL, 'CB000180030916', 449, 38, 5, 'G652', 'OK', '5', '4', 'CST', NULL, '2015-06-02 00:00:00', NULL, NULL, NULL, NULL);
INSERT INTO t_fibre VALUES ('FO180030916450', NULL, 'CB000180030916', 450, 38, 6, 'G652', 'OK', '6', '4', 'CST', NULL, '2015-06-02 00:00:00', NULL, NULL, NULL, NULL);
INSERT INTO t_fibre VALUES ('FO180030916451', NULL, 'CB000180030916', 451, 38, 7, 'G652', 'OK', '7', '4', 'CST', NULL, '2015-06-02 00:00:00', NULL, NULL, NULL, NULL);
INSERT INTO t_fibre VALUES ('FO180030916452', NULL, 'CB000180030916', 452, 38, 8, 'G652', 'OK', '8', '4', 'CST', NULL, '2015-06-02 00:00:00', NULL, NULL, NULL, NULL);
INSERT INTO t_fibre VALUES ('FO180030916453', NULL, 'CB000180030916', 453, 38, 9, 'G652', 'OK', '9', '4', 'CST', NULL, '2015-06-02 00:00:00', NULL, NULL, NULL, NULL);
INSERT INTO t_fibre VALUES ('FO180030916454', NULL, 'CB000180030916', 454, 38, 10, 'G652', 'OK', '10', '4', 'CST', NULL, '2015-06-02 00:00:00', NULL, NULL, NULL, NULL);
INSERT INTO t_fibre VALUES ('FO180030916455', NULL, 'CB000180030916', 455, 38, 11, 'G652', 'OK', '11', '4', 'CST', NULL, '2015-06-02 00:00:00', NULL, NULL, NULL, NULL);
INSERT INTO t_fibre VALUES ('FO180030916456', NULL, 'CB000180030916', 456, 38, 12, 'G652', 'OK', '12', '4', 'CST', NULL, '2015-06-02 00:00:00', NULL, NULL, NULL, NULL);
INSERT INTO t_fibre VALUES ('FO180030916457', NULL, 'CB000180030916', 457, 39, 1, 'G652', 'OK', '1', '4', 'CST', NULL, '2015-06-02 00:00:00', NULL, NULL, NULL, NULL);
INSERT INTO t_fibre VALUES ('FO180030916458', NULL, 'CB000180030916', 458, 39, 2, 'G652', 'OK', '2', '4', 'CST', NULL, '2015-06-02 00:00:00', NULL, NULL, NULL, NULL);
INSERT INTO t_fibre VALUES ('FO180030916459', NULL, 'CB000180030916', 459, 39, 3, 'G652', 'OK', '3', '4', 'CST', NULL, '2015-06-02 00:00:00', NULL, NULL, NULL, NULL);
INSERT INTO t_fibre VALUES ('FO180030916460', NULL, 'CB000180030916', 460, 39, 4, 'G652', 'OK', '4', '4', 'CST', NULL, '2015-06-02 00:00:00', NULL, NULL, NULL, NULL);
INSERT INTO t_fibre VALUES ('FO180030916461', NULL, 'CB000180030916', 461, 39, 5, 'G652', 'OK', '5', '4', 'CST', NULL, '2015-06-02 00:00:00', NULL, NULL, NULL, NULL);
INSERT INTO t_fibre VALUES ('FO180030916462', NULL, 'CB000180030916', 462, 39, 6, 'G652', 'OK', '6', '4', 'CST', NULL, '2015-06-02 00:00:00', NULL, NULL, NULL, NULL);
INSERT INTO t_fibre VALUES ('FO180030916463', NULL, 'CB000180030916', 463, 39, 7, 'G652', 'OK', '7', '4', 'CST', NULL, '2015-06-02 00:00:00', NULL, NULL, NULL, NULL);
INSERT INTO t_fibre VALUES ('FO180030916464', NULL, 'CB000180030916', 464, 39, 8, 'G652', 'OK', '8', '4', 'CST', NULL, '2015-06-02 00:00:00', NULL, NULL, NULL, NULL);
INSERT INTO t_fibre VALUES ('FO180030916465', NULL, 'CB000180030916', 465, 39, 9, 'G652', 'OK', '9', '4', 'CST', NULL, '2015-06-02 00:00:00', NULL, NULL, NULL, NULL);
INSERT INTO t_fibre VALUES ('FO180030916466', NULL, 'CB000180030916', 466, 39, 10, 'G652', 'OK', '10', '4', 'CST', NULL, '2015-06-02 00:00:00', NULL, NULL, NULL, NULL);
INSERT INTO t_fibre VALUES ('FO180030916467', NULL, 'CB000180030916', 467, 39, 11, 'G652', 'OK', '11', '4', 'CST', NULL, '2015-06-02 00:00:00', NULL, NULL, NULL, NULL);
INSERT INTO t_fibre VALUES ('FO180030916468', NULL, 'CB000180030916', 468, 39, 12, 'G652', 'OK', '12', '4', 'CST', NULL, '2015-06-02 00:00:00', NULL, NULL, NULL, NULL);
INSERT INTO t_fibre VALUES ('FO180030916469', NULL, 'CB000180030916', 469, 40, 1, 'G652', 'OK', '1', '4', 'CST', NULL, '2015-06-02 00:00:00', NULL, NULL, NULL, NULL);
INSERT INTO t_fibre VALUES ('FO180030916470', NULL, 'CB000180030916', 470, 40, 2, 'G652', 'OK', '2', '4', 'CST', NULL, '2015-06-02 00:00:00', NULL, NULL, NULL, NULL);
INSERT INTO t_fibre VALUES ('FO180030916471', NULL, 'CB000180030916', 471, 40, 3, 'G652', 'OK', '3', '4', 'CST', NULL, '2015-06-02 00:00:00', NULL, NULL, NULL, NULL);
INSERT INTO t_fibre VALUES ('FO180030916472', NULL, 'CB000180030916', 472, 40, 4, 'G652', 'OK', '4', '4', 'CST', NULL, '2015-06-02 00:00:00', NULL, NULL, NULL, NULL);
INSERT INTO t_fibre VALUES ('FO180030916473', NULL, 'CB000180030916', 473, 40, 5, 'G652', 'OK', '5', '4', 'CST', NULL, '2015-06-02 00:00:00', NULL, NULL, NULL, NULL);
INSERT INTO t_fibre VALUES ('FO180030916474', NULL, 'CB000180030916', 474, 40, 6, 'G652', 'OK', '6', '4', 'CST', NULL, '2015-06-02 00:00:00', NULL, NULL, NULL, NULL);
INSERT INTO t_fibre VALUES ('FO180030916475', NULL, 'CB000180030916', 475, 40, 7, 'G652', 'OK', '7', '4', 'CST', NULL, '2015-06-02 00:00:00', NULL, NULL, NULL, NULL);
INSERT INTO t_fibre VALUES ('FO180030916476', NULL, 'CB000180030916', 476, 40, 8, 'G652', 'OK', '8', '4', 'CST', NULL, '2015-06-02 00:00:00', NULL, NULL, NULL, NULL);
INSERT INTO t_fibre VALUES ('FO180030916477', NULL, 'CB000180030916', 477, 40, 9, 'G652', 'OK', '9', '4', 'CST', NULL, '2015-06-02 00:00:00', NULL, NULL, NULL, NULL);
INSERT INTO t_fibre VALUES ('FO180030916478', NULL, 'CB000180030916', 478, 40, 10, 'G652', 'OK', '10', '4', 'CST', NULL, '2015-06-02 00:00:00', NULL, NULL, NULL, NULL);
INSERT INTO t_fibre VALUES ('FO180030916479', NULL, 'CB000180030916', 479, 40, 11, 'G652', 'OK', '11', '4', 'CST', NULL, '2015-06-02 00:00:00', NULL, NULL, NULL, NULL);
INSERT INTO t_fibre VALUES ('FO180030916480', NULL, 'CB000180030916', 480, 40, 12, 'G652', 'OK', '12', '4', 'CST', NULL, '2015-06-02 00:00:00', NULL, NULL, NULL, NULL);
INSERT INTO t_fibre VALUES ('FO180030916481', NULL, 'CB000180030916', 481, 41, 1, 'G652', 'OK', '1', '4', 'CST', NULL, '2015-06-02 00:00:00', NULL, NULL, NULL, NULL);
INSERT INTO t_fibre VALUES ('FO180030916482', NULL, 'CB000180030916', 482, 41, 2, 'G652', 'OK', '2', '4', 'CST', NULL, '2015-06-02 00:00:00', NULL, NULL, NULL, NULL);
INSERT INTO t_fibre VALUES ('FO180030916483', NULL, 'CB000180030916', 483, 41, 3, 'G652', 'OK', '3', '4', 'CST', NULL, '2015-06-02 00:00:00', NULL, NULL, NULL, NULL);
INSERT INTO t_fibre VALUES ('FO180030916484', NULL, 'CB000180030916', 484, 41, 4, 'G652', 'OK', '4', '4', 'CST', NULL, '2015-06-02 00:00:00', NULL, NULL, NULL, NULL);
INSERT INTO t_fibre VALUES ('FO180030916485', NULL, 'CB000180030916', 485, 41, 5, 'G652', 'OK', '5', '4', 'CST', NULL, '2015-06-02 00:00:00', NULL, NULL, NULL, NULL);
INSERT INTO t_fibre VALUES ('FO180030916486', NULL, 'CB000180030916', 486, 41, 6, 'G652', 'OK', '6', '4', 'CST', NULL, '2015-06-02 00:00:00', NULL, NULL, NULL, NULL);
INSERT INTO t_fibre VALUES ('FO180030916487', NULL, 'CB000180030916', 487, 41, 7, 'G652', 'OK', '7', '4', 'CST', NULL, '2015-06-02 00:00:00', NULL, NULL, NULL, NULL);
INSERT INTO t_fibre VALUES ('FO180030916488', NULL, 'CB000180030916', 488, 41, 8, 'G652', 'OK', '8', '4', 'CST', NULL, '2015-06-02 00:00:00', NULL, NULL, NULL, NULL);
INSERT INTO t_fibre VALUES ('FO180030916489', NULL, 'CB000180030916', 489, 41, 9, 'G652', 'OK', '9', '4', 'CST', NULL, '2015-06-02 00:00:00', NULL, NULL, NULL, NULL);
INSERT INTO t_fibre VALUES ('FO180030916490', NULL, 'CB000180030916', 490, 41, 10, 'G652', 'OK', '10', '4', 'CST', NULL, '2015-06-02 00:00:00', NULL, NULL, NULL, NULL);
INSERT INTO t_fibre VALUES ('FO180030916491', NULL, 'CB000180030916', 491, 41, 11, 'G652', 'OK', '11', '4', 'CST', NULL, '2015-06-02 00:00:00', NULL, NULL, NULL, NULL);
INSERT INTO t_fibre VALUES ('FO180030916492', NULL, 'CB000180030916', 492, 41, 12, 'G652', 'OK', '12', '4', 'CST', NULL, '2015-06-02 00:00:00', NULL, NULL, NULL, NULL);
INSERT INTO t_fibre VALUES ('FO180030916493', NULL, 'CB000180030916', 493, 42, 1, 'G652', 'OK', '1', '4', 'CST', NULL, '2015-06-02 00:00:00', NULL, NULL, NULL, NULL);
INSERT INTO t_fibre VALUES ('FO180030916494', NULL, 'CB000180030916', 494, 42, 2, 'G652', 'OK', '2', '4', 'CST', NULL, '2015-06-02 00:00:00', NULL, NULL, NULL, NULL);
INSERT INTO t_fibre VALUES ('FO180030916495', NULL, 'CB000180030916', 495, 42, 3, 'G652', 'OK', '3', '4', 'CST', NULL, '2015-06-02 00:00:00', NULL, NULL, NULL, NULL);
INSERT INTO t_fibre VALUES ('FO180030916496', NULL, 'CB000180030916', 496, 42, 4, 'G652', 'OK', '4', '4', 'CST', NULL, '2015-06-02 00:00:00', NULL, NULL, NULL, NULL);
INSERT INTO t_fibre VALUES ('FO180030916497', NULL, 'CB000180030916', 497, 42, 5, 'G652', 'OK', '5', '4', 'CST', NULL, '2015-06-02 00:00:00', NULL, NULL, NULL, NULL);
INSERT INTO t_fibre VALUES ('FO180030916498', NULL, 'CB000180030916', 498, 42, 6, 'G652', 'OK', '6', '4', 'CST', NULL, '2015-06-02 00:00:00', NULL, NULL, NULL, NULL);
INSERT INTO t_fibre VALUES ('FO180030916499', NULL, 'CB000180030916', 499, 42, 7, 'G652', 'OK', '7', '4', 'CST', NULL, '2015-06-02 00:00:00', NULL, NULL, NULL, NULL);
INSERT INTO t_fibre VALUES ('FO180030916500', NULL, 'CB000180030916', 500, 42, 8, 'G652', 'OK', '8', '4', 'CST', NULL, '2015-06-02 00:00:00', NULL, NULL, NULL, NULL);
INSERT INTO t_fibre VALUES ('FO180030916501', NULL, 'CB000180030916', 501, 42, 9, 'G652', 'OK', '9', '4', 'CST', NULL, '2015-06-02 00:00:00', NULL, NULL, NULL, NULL);
INSERT INTO t_fibre VALUES ('FO180030916502', NULL, 'CB000180030916', 502, 42, 10, 'G652', 'OK', '10', '4', 'CST', NULL, '2015-06-02 00:00:00', NULL, NULL, NULL, NULL);
INSERT INTO t_fibre VALUES ('FO180030916503', NULL, 'CB000180030916', 503, 42, 11, 'G652', 'OK', '11', '4', 'CST', NULL, '2015-06-02 00:00:00', NULL, NULL, NULL, NULL);
INSERT INTO t_fibre VALUES ('FO180030916504', NULL, 'CB000180030916', 504, 42, 12, 'G652', 'OK', '12', '4', 'CST', NULL, '2015-06-02 00:00:00', NULL, NULL, NULL, NULL);
INSERT INTO t_fibre VALUES ('FO180030916505', NULL, 'CB000180030916', 505, 43, 1, 'G652', 'OK', '1', '4', 'CST', NULL, '2015-06-02 00:00:00', NULL, NULL, NULL, NULL);
INSERT INTO t_fibre VALUES ('FO180030916506', NULL, 'CB000180030916', 506, 43, 2, 'G652', 'OK', '2', '4', 'CST', NULL, '2015-06-02 00:00:00', NULL, NULL, NULL, NULL);
INSERT INTO t_fibre VALUES ('FO180030916507', NULL, 'CB000180030916', 507, 43, 3, 'G652', 'OK', '3', '4', 'CST', NULL, '2015-06-02 00:00:00', NULL, NULL, NULL, NULL);
INSERT INTO t_fibre VALUES ('FO180030916508', NULL, 'CB000180030916', 508, 43, 4, 'G652', 'OK', '4', '4', 'CST', NULL, '2015-06-02 00:00:00', NULL, NULL, NULL, NULL);
INSERT INTO t_fibre VALUES ('FO180030916509', NULL, 'CB000180030916', 509, 43, 5, 'G652', 'OK', '5', '4', 'CST', NULL, '2015-06-02 00:00:00', NULL, NULL, NULL, NULL);
INSERT INTO t_fibre VALUES ('FO180030916510', NULL, 'CB000180030916', 510, 43, 6, 'G652', 'OK', '6', '4', 'CST', NULL, '2015-06-02 00:00:00', NULL, NULL, NULL, NULL);
INSERT INTO t_fibre VALUES ('FO180030916511', NULL, 'CB000180030916', 511, 43, 7, 'G652', 'OK', '7', '4', 'CST', NULL, '2015-06-02 00:00:00', NULL, NULL, NULL, NULL);
INSERT INTO t_fibre VALUES ('FO180030916512', NULL, 'CB000180030916', 512, 43, 8, 'G652', 'OK', '8', '4', 'CST', NULL, '2015-06-02 00:00:00', NULL, NULL, NULL, NULL);
INSERT INTO t_fibre VALUES ('FO180030916513', NULL, 'CB000180030916', 513, 43, 9, 'G652', 'OK', '9', '4', 'CST', NULL, '2015-06-02 00:00:00', NULL, NULL, NULL, NULL);
INSERT INTO t_fibre VALUES ('FO180030916514', NULL, 'CB000180030916', 514, 43, 10, 'G652', 'OK', '10', '4', 'CST', NULL, '2015-06-02 00:00:00', NULL, NULL, NULL, NULL);
INSERT INTO t_fibre VALUES ('FO180030916515', NULL, 'CB000180030916', 515, 43, 11, 'G652', 'OK', '11', '4', 'CST', NULL, '2015-06-02 00:00:00', NULL, NULL, NULL, NULL);
INSERT INTO t_fibre VALUES ('FO180030916516', NULL, 'CB000180030916', 516, 43, 12, 'G652', 'OK', '12', '4', 'CST', NULL, '2015-06-02 00:00:00', NULL, NULL, NULL, NULL);
INSERT INTO t_fibre VALUES ('FO180030916517', NULL, 'CB000180030916', 517, 44, 1, 'G652', 'OK', '1', '4', 'CST', NULL, '2015-06-02 00:00:00', NULL, NULL, NULL, NULL);
INSERT INTO t_fibre VALUES ('FO180030916518', NULL, 'CB000180030916', 518, 44, 2, 'G652', 'OK', '2', '4', 'CST', NULL, '2015-06-02 00:00:00', NULL, NULL, NULL, NULL);
INSERT INTO t_fibre VALUES ('FO180030916519', NULL, 'CB000180030916', 519, 44, 3, 'G652', 'OK', '3', '4', 'CST', NULL, '2015-06-02 00:00:00', NULL, NULL, NULL, NULL);
INSERT INTO t_fibre VALUES ('FO180030916520', NULL, 'CB000180030916', 520, 44, 4, 'G652', 'OK', '4', '4', 'CST', NULL, '2015-06-02 00:00:00', NULL, NULL, NULL, NULL);
INSERT INTO t_fibre VALUES ('FO180030916521', NULL, 'CB000180030916', 521, 44, 5, 'G652', 'OK', '5', '4', 'CST', NULL, '2015-06-02 00:00:00', NULL, NULL, NULL, NULL);
INSERT INTO t_fibre VALUES ('FO180030916522', NULL, 'CB000180030916', 522, 44, 6, 'G652', 'OK', '6', '4', 'CST', NULL, '2015-06-02 00:00:00', NULL, NULL, NULL, NULL);
INSERT INTO t_fibre VALUES ('FO180030916523', NULL, 'CB000180030916', 523, 44, 7, 'G652', 'OK', '7', '4', 'CST', NULL, '2015-06-02 00:00:00', NULL, NULL, NULL, NULL);
INSERT INTO t_fibre VALUES ('FO180030916524', NULL, 'CB000180030916', 524, 44, 8, 'G652', 'OK', '8', '4', 'CST', NULL, '2015-06-02 00:00:00', NULL, NULL, NULL, NULL);
INSERT INTO t_fibre VALUES ('FO180030916525', NULL, 'CB000180030916', 525, 44, 9, 'G652', 'OK', '9', '4', 'CST', NULL, '2015-06-02 00:00:00', NULL, NULL, NULL, NULL);
INSERT INTO t_fibre VALUES ('FO180030916526', NULL, 'CB000180030916', 526, 44, 10, 'G652', 'OK', '10', '4', 'CST', NULL, '2015-06-02 00:00:00', NULL, NULL, NULL, NULL);
INSERT INTO t_fibre VALUES ('FO180030916527', NULL, 'CB000180030916', 527, 44, 11, 'G652', 'OK', '11', '4', 'CST', NULL, '2015-06-02 00:00:00', NULL, NULL, NULL, NULL);
INSERT INTO t_fibre VALUES ('FO180030916528', NULL, 'CB000180030916', 528, 44, 12, 'G652', 'OK', '12', '4', 'CST', NULL, '2015-06-02 00:00:00', NULL, NULL, NULL, NULL);
INSERT INTO t_fibre VALUES ('FO180030916529', NULL, 'CB000180030916', 529, 45, 1, 'G652', 'OK', '1', '4', 'CST', NULL, '2015-06-02 00:00:00', NULL, NULL, NULL, NULL);
INSERT INTO t_fibre VALUES ('FO180030916530', NULL, 'CB000180030916', 530, 45, 2, 'G652', 'OK', '2', '4', 'CST', NULL, '2015-06-02 00:00:00', NULL, NULL, NULL, NULL);
INSERT INTO t_fibre VALUES ('FO180030916531', NULL, 'CB000180030916', 531, 45, 3, 'G652', 'OK', '3', '4', 'CST', NULL, '2015-06-02 00:00:00', NULL, NULL, NULL, NULL);
INSERT INTO t_fibre VALUES ('FO180030916532', NULL, 'CB000180030916', 532, 45, 4, 'G652', 'OK', '4', '4', 'CST', NULL, '2015-06-02 00:00:00', NULL, NULL, NULL, NULL);
INSERT INTO t_fibre VALUES ('FO180030916533', NULL, 'CB000180030916', 533, 45, 5, 'G652', 'OK', '5', '4', 'CST', NULL, '2015-06-02 00:00:00', NULL, NULL, NULL, NULL);
INSERT INTO t_fibre VALUES ('FO180030916534', NULL, 'CB000180030916', 534, 45, 6, 'G652', 'OK', '6', '4', 'CST', NULL, '2015-06-02 00:00:00', NULL, NULL, NULL, NULL);
INSERT INTO t_fibre VALUES ('FO180030916535', NULL, 'CB000180030916', 535, 45, 7, 'G652', 'OK', '7', '4', 'CST', NULL, '2015-06-02 00:00:00', NULL, NULL, NULL, NULL);
INSERT INTO t_fibre VALUES ('FO180030916536', NULL, 'CB000180030916', 536, 45, 8, 'G652', 'OK', '8', '4', 'CST', NULL, '2015-06-02 00:00:00', NULL, NULL, NULL, NULL);
INSERT INTO t_fibre VALUES ('FO180030916537', NULL, 'CB000180030916', 537, 45, 9, 'G652', 'OK', '9', '4', 'CST', NULL, '2015-06-02 00:00:00', NULL, NULL, NULL, NULL);
INSERT INTO t_fibre VALUES ('FO180030916538', NULL, 'CB000180030916', 538, 45, 10, 'G652', 'OK', '10', '4', 'CST', NULL, '2015-06-02 00:00:00', NULL, NULL, NULL, NULL);
INSERT INTO t_fibre VALUES ('FO180030916539', NULL, 'CB000180030916', 539, 45, 11, 'G652', 'OK', '11', '4', 'CST', NULL, '2015-06-02 00:00:00', NULL, NULL, NULL, NULL);
INSERT INTO t_fibre VALUES ('FO180030916540', NULL, 'CB000180030916', 540, 45, 12, 'G652', 'OK', '12', '4', 'CST', NULL, '2015-06-02 00:00:00', NULL, NULL, NULL, NULL);
INSERT INTO t_fibre VALUES ('FO180030916541', NULL, 'CB000180030916', 541, 46, 1, 'G652', 'OK', '1', '4', 'CST', NULL, '2015-06-02 00:00:00', NULL, NULL, NULL, NULL);
INSERT INTO t_fibre VALUES ('FO180030916542', NULL, 'CB000180030916', 542, 46, 2, 'G652', 'OK', '2', '4', 'CST', NULL, '2015-06-02 00:00:00', NULL, NULL, NULL, NULL);
INSERT INTO t_fibre VALUES ('FO180030916543', NULL, 'CB000180030916', 543, 46, 3, 'G652', 'OK', '3', '4', 'CST', NULL, '2015-06-02 00:00:00', NULL, NULL, NULL, NULL);
INSERT INTO t_fibre VALUES ('FO180030916544', NULL, 'CB000180030916', 544, 46, 4, 'G652', 'OK', '4', '4', 'CST', NULL, '2015-06-02 00:00:00', NULL, NULL, NULL, NULL);
INSERT INTO t_fibre VALUES ('FO180030916545', NULL, 'CB000180030916', 545, 46, 5, 'G652', 'OK', '5', '4', 'CST', NULL, '2015-06-02 00:00:00', NULL, NULL, NULL, NULL);
INSERT INTO t_fibre VALUES ('FO180030916546', NULL, 'CB000180030916', 546, 46, 6, 'G652', 'OK', '6', '4', 'CST', NULL, '2015-06-02 00:00:00', NULL, NULL, NULL, NULL);
INSERT INTO t_fibre VALUES ('FO180030916547', NULL, 'CB000180030916', 547, 46, 7, 'G652', 'OK', '7', '4', 'CST', NULL, '2015-06-02 00:00:00', NULL, NULL, NULL, NULL);
INSERT INTO t_fibre VALUES ('FO180030916548', NULL, 'CB000180030916', 548, 46, 8, 'G652', 'OK', '8', '4', 'CST', NULL, '2015-06-02 00:00:00', NULL, NULL, NULL, NULL);
INSERT INTO t_fibre VALUES ('FO180030916549', NULL, 'CB000180030916', 549, 46, 9, 'G652', 'OK', '9', '4', 'CST', NULL, '2015-06-02 00:00:00', NULL, NULL, NULL, NULL);
INSERT INTO t_fibre VALUES ('FO180030916550', NULL, 'CB000180030916', 550, 46, 10, 'G652', 'OK', '10', '4', 'CST', NULL, '2015-06-02 00:00:00', NULL, NULL, NULL, NULL);
INSERT INTO t_fibre VALUES ('FO180030916551', NULL, 'CB000180030916', 551, 46, 11, 'G652', 'OK', '11', '4', 'CST', NULL, '2015-06-02 00:00:00', NULL, NULL, NULL, NULL);
INSERT INTO t_fibre VALUES ('FO180030916552', NULL, 'CB000180030916', 552, 46, 12, 'G652', 'OK', '12', '4', 'CST', NULL, '2015-06-02 00:00:00', NULL, NULL, NULL, NULL);
INSERT INTO t_fibre VALUES ('FO180030916553', NULL, 'CB000180030916', 553, 47, 1, 'G652', 'OK', '1', '4', 'CST', NULL, '2015-06-02 00:00:00', NULL, NULL, NULL, NULL);
INSERT INTO t_fibre VALUES ('FO180030916554', NULL, 'CB000180030916', 554, 47, 2, 'G652', 'OK', '2', '4', 'CST', NULL, '2015-06-02 00:00:00', NULL, NULL, NULL, NULL);
INSERT INTO t_fibre VALUES ('FO180030916555', NULL, 'CB000180030916', 555, 47, 3, 'G652', 'OK', '3', '4', 'CST', NULL, '2015-06-02 00:00:00', NULL, NULL, NULL, NULL);
INSERT INTO t_fibre VALUES ('FO180030916556', NULL, 'CB000180030916', 556, 47, 4, 'G652', 'OK', '4', '4', 'CST', NULL, '2015-06-02 00:00:00', NULL, NULL, NULL, NULL);
INSERT INTO t_fibre VALUES ('FO180030916557', NULL, 'CB000180030916', 557, 47, 5, 'G652', 'OK', '5', '4', 'CST', NULL, '2015-06-02 00:00:00', NULL, NULL, NULL, NULL);
INSERT INTO t_fibre VALUES ('FO180030916558', NULL, 'CB000180030916', 558, 47, 6, 'G652', 'OK', '6', '4', 'CST', NULL, '2015-06-02 00:00:00', NULL, NULL, NULL, NULL);
INSERT INTO t_fibre VALUES ('FO180030916559', NULL, 'CB000180030916', 559, 47, 7, 'G652', 'OK', '7', '4', 'CST', NULL, '2015-06-02 00:00:00', NULL, NULL, NULL, NULL);
INSERT INTO t_fibre VALUES ('FO180030916560', NULL, 'CB000180030916', 560, 47, 8, 'G652', 'OK', '8', '4', 'CST', NULL, '2015-06-02 00:00:00', NULL, NULL, NULL, NULL);
INSERT INTO t_fibre VALUES ('FO180030916561', NULL, 'CB000180030916', 561, 47, 9, 'G652', 'OK', '9', '4', 'CST', NULL, '2015-06-02 00:00:00', NULL, NULL, NULL, NULL);
INSERT INTO t_fibre VALUES ('FO180030916562', NULL, 'CB000180030916', 562, 47, 10, 'G652', 'OK', '10', '4', 'CST', NULL, '2015-06-02 00:00:00', NULL, NULL, NULL, NULL);
INSERT INTO t_fibre VALUES ('FO180030916563', NULL, 'CB000180030916', 563, 47, 11, 'G652', 'OK', '11', '4', 'CST', NULL, '2015-06-02 00:00:00', NULL, NULL, NULL, NULL);
INSERT INTO t_fibre VALUES ('FO180030916564', NULL, 'CB000180030916', 564, 47, 12, 'G652', 'OK', '12', '4', 'CST', NULL, '2015-06-02 00:00:00', NULL, NULL, NULL, NULL);
INSERT INTO t_fibre VALUES ('FO180030916565', NULL, 'CB000180030916', 565, 48, 1, 'G652', 'OK', '1', '4', 'CST', NULL, '2015-06-02 00:00:00', NULL, NULL, NULL, NULL);
INSERT INTO t_fibre VALUES ('FO180030916566', NULL, 'CB000180030916', 566, 48, 2, 'G652', 'OK', '2', '4', 'CST', NULL, '2015-06-02 00:00:00', NULL, NULL, NULL, NULL);
INSERT INTO t_fibre VALUES ('FO180030916567', NULL, 'CB000180030916', 567, 48, 3, 'G652', 'OK', '3', '4', 'CST', NULL, '2015-06-02 00:00:00', NULL, NULL, NULL, NULL);
INSERT INTO t_fibre VALUES ('FO180030916568', NULL, 'CB000180030916', 568, 48, 4, 'G652', 'OK', '4', '4', 'CST', NULL, '2015-06-02 00:00:00', NULL, NULL, NULL, NULL);
INSERT INTO t_fibre VALUES ('FO180030916569', NULL, 'CB000180030916', 569, 48, 5, 'G652', 'OK', '5', '4', 'CST', NULL, '2015-06-02 00:00:00', NULL, NULL, NULL, NULL);
INSERT INTO t_fibre VALUES ('FO180030916570', NULL, 'CB000180030916', 570, 48, 6, 'G652', 'OK', '6', '4', 'CST', NULL, '2015-06-02 00:00:00', NULL, NULL, NULL, NULL);
INSERT INTO t_fibre VALUES ('FO180030916571', NULL, 'CB000180030916', 571, 48, 7, 'G652', 'OK', '7', '4', 'CST', NULL, '2015-06-02 00:00:00', NULL, NULL, NULL, NULL);
INSERT INTO t_fibre VALUES ('FO180030916572', NULL, 'CB000180030916', 572, 48, 8, 'G652', 'OK', '8', '4', 'CST', NULL, '2015-06-02 00:00:00', NULL, NULL, NULL, NULL);
INSERT INTO t_fibre VALUES ('FO180030916573', NULL, 'CB000180030916', 573, 48, 9, 'G652', 'OK', '9', '4', 'CST', NULL, '2015-06-02 00:00:00', NULL, NULL, NULL, NULL);
INSERT INTO t_fibre VALUES ('FO180030916574', NULL, 'CB000180030916', 574, 48, 10, 'G652', 'OK', '10', '4', 'CST', NULL, '2015-06-02 00:00:00', NULL, NULL, NULL, NULL);
INSERT INTO t_fibre VALUES ('FO180030916575', NULL, 'CB000180030916', 575, 48, 11, 'G652', 'OK', '11', '4', 'CST', NULL, '2015-06-02 00:00:00', NULL, NULL, NULL, NULL);
INSERT INTO t_fibre VALUES ('FO180030916576', NULL, 'CB000180030916', 576, 48, 12, 'G652', 'OK', '12', '4', 'CST', NULL, '2015-06-02 00:00:00', NULL, NULL, NULL, NULL);
INSERT INTO t_fibre VALUES ('FO180030975001', NULL, 'CB000180030975', 1, 1, 1, 'G657', 'OK', '1', '1', 'CST', NULL, '2015-06-02 00:00:00', NULL, NULL, NULL, NULL);
INSERT INTO t_fibre VALUES ('FO180030975002', NULL, 'CB000180030975', 2, 1, 2, 'G657', 'OK', '2', '1', 'CST', NULL, '2015-06-02 00:00:00', NULL, NULL, NULL, NULL);
INSERT INTO t_fibre VALUES ('FO180030975003', NULL, 'CB000180030975', 3, 1, 3, 'G657', 'OK', '3', '1', 'CST', NULL, '2015-06-02 00:00:00', NULL, NULL, NULL, NULL);
INSERT INTO t_fibre VALUES ('FO180030975004', NULL, 'CB000180030975', 4, 1, 4, 'G657', 'OK', '4', '1', 'CST', NULL, '2015-06-02 00:00:00', NULL, NULL, NULL, NULL);
INSERT INTO t_fibre VALUES ('FO180030975005', NULL, 'CB000180030975', 5, 1, 5, 'G657', 'OK', '5', '1', 'CST', NULL, '2015-06-02 00:00:00', NULL, NULL, NULL, NULL);
INSERT INTO t_fibre VALUES ('FO180030975006', NULL, 'CB000180030975', 6, 1, 6, 'G657', 'OK', '6', '1', 'CST', NULL, '2015-06-02 00:00:00', NULL, NULL, NULL, NULL);
INSERT INTO t_fibre VALUES ('FO180030975007', NULL, 'CB000180030975', 7, 2, 1, 'G657', 'OK', '1', '1', 'CST', NULL, '2015-06-02 00:00:00', NULL, NULL, NULL, NULL);
INSERT INTO t_fibre VALUES ('FO180030975008', NULL, 'CB000180030975', 8, 2, 2, 'G657', 'OK', '2', '1', 'CST', NULL, '2015-06-02 00:00:00', NULL, NULL, NULL, NULL);
INSERT INTO t_fibre VALUES ('FO180030975009', NULL, 'CB000180030975', 9, 2, 3, 'G657', 'OK', '3', '1', 'CST', NULL, '2015-06-02 00:00:00', NULL, NULL, NULL, NULL);
INSERT INTO t_fibre VALUES ('FO180030975010', NULL, 'CB000180030975', 10, 2, 4, 'G657', 'OK', '4', '1', 'CST', NULL, '2015-06-02 00:00:00', NULL, NULL, NULL, NULL);
INSERT INTO t_fibre VALUES ('FO180030975011', NULL, 'CB000180030975', 11, 2, 5, 'G657', 'OK', '5', '1', 'CST', NULL, '2015-06-02 00:00:00', NULL, NULL, NULL, NULL);
INSERT INTO t_fibre VALUES ('FO180030975012', NULL, 'CB000180030975', 12, 2, 6, 'G657', 'OK', '6', '1', 'CST', NULL, '2015-06-02 00:00:00', NULL, NULL, NULL, NULL);
INSERT INTO t_fibre VALUES ('FO180030975013', NULL, 'CB000180030975', 13, 3, 1, 'G657', 'OK', '1', '1', 'CST', NULL, '2015-06-02 00:00:00', NULL, NULL, NULL, NULL);
INSERT INTO t_fibre VALUES ('FO180030975014', NULL, 'CB000180030975', 14, 3, 2, 'G657', 'OK', '2', '1', 'CST', NULL, '2015-06-02 00:00:00', NULL, NULL, NULL, NULL);
INSERT INTO t_fibre VALUES ('FO180030975015', NULL, 'CB000180030975', 15, 3, 3, 'G657', 'OK', '3', '1', 'CST', NULL, '2015-06-02 00:00:00', NULL, NULL, NULL, NULL);
INSERT INTO t_fibre VALUES ('FO180030975016', NULL, 'CB000180030975', 16, 3, 4, 'G657', 'OK', '4', '1', 'CST', NULL, '2015-06-02 00:00:00', NULL, NULL, NULL, NULL);
INSERT INTO t_fibre VALUES ('FO180030975017', NULL, 'CB000180030975', 17, 3, 5, 'G657', 'OK', '5', '1', 'CST', NULL, '2015-06-02 00:00:00', NULL, NULL, NULL, NULL);
INSERT INTO t_fibre VALUES ('FO180030975018', NULL, 'CB000180030975', 18, 3, 6, 'G657', 'OK', '6', '1', 'CST', NULL, '2015-06-02 00:00:00', NULL, NULL, NULL, NULL);
INSERT INTO t_fibre VALUES ('FO180030975019', NULL, 'CB000180030975', 19, 4, 1, 'G657', 'OK', '1', '1', 'CST', NULL, '2015-06-02 00:00:00', NULL, NULL, NULL, NULL);
INSERT INTO t_fibre VALUES ('FO180030975020', NULL, 'CB000180030975', 20, 4, 2, 'G657', 'OK', '2', '1', 'CST', NULL, '2015-06-02 00:00:00', NULL, NULL, NULL, NULL);
INSERT INTO t_fibre VALUES ('FO180030975021', NULL, 'CB000180030975', 21, 4, 3, 'G657', 'OK', '3', '1', 'CST', NULL, '2015-06-02 00:00:00', NULL, NULL, NULL, NULL);
INSERT INTO t_fibre VALUES ('FO180030975022', NULL, 'CB000180030975', 22, 4, 4, 'G657', 'OK', '4', '1', 'CST', NULL, '2015-06-02 00:00:00', NULL, NULL, NULL, NULL);
INSERT INTO t_fibre VALUES ('FO180030975023', NULL, 'CB000180030975', 23, 4, 5, 'G657', 'OK', '5', '1', 'CST', NULL, '2015-06-02 00:00:00', NULL, NULL, NULL, NULL);
INSERT INTO t_fibre VALUES ('FO180030975024', NULL, 'CB000180030975', 24, 4, 6, 'G657', 'OK', '6', '1', 'CST', NULL, '2015-06-02 00:00:00', NULL, NULL, NULL, NULL);
INSERT INTO t_fibre VALUES ('FO180030975025', NULL, 'CB000180030975', 25, 5, 1, 'G657', 'OK', '1', '1', 'CST', NULL, '2015-06-02 00:00:00', NULL, NULL, NULL, NULL);
INSERT INTO t_fibre VALUES ('FO180030975026', NULL, 'CB000180030975', 26, 5, 2, 'G657', 'OK', '2', '1', 'CST', NULL, '2015-06-02 00:00:00', NULL, NULL, NULL, NULL);
INSERT INTO t_fibre VALUES ('FO180030975027', NULL, 'CB000180030975', 27, 5, 3, 'G657', 'OK', '3', '1', 'CST', NULL, '2015-06-02 00:00:00', NULL, NULL, NULL, NULL);
INSERT INTO t_fibre VALUES ('FO180030975028', NULL, 'CB000180030975', 28, 5, 4, 'G657', 'OK', '4', '1', 'CST', NULL, '2015-06-02 00:00:00', NULL, NULL, NULL, NULL);
INSERT INTO t_fibre VALUES ('FO180030975029', NULL, 'CB000180030975', 29, 5, 5, 'G657', 'OK', '5', '1', 'CST', NULL, '2015-06-02 00:00:00', NULL, NULL, NULL, NULL);
INSERT INTO t_fibre VALUES ('FO180030975030', NULL, 'CB000180030975', 30, 5, 6, 'G657', 'OK', '6', '1', 'CST', NULL, '2015-06-02 00:00:00', NULL, NULL, NULL, NULL);
INSERT INTO t_fibre VALUES ('FO180030975031', NULL, 'CB000180030975', 31, 6, 1, 'G657', 'OK', '1', '1', 'CST', NULL, '2015-06-02 00:00:00', NULL, NULL, NULL, NULL);
INSERT INTO t_fibre VALUES ('FO180030975032', NULL, 'CB000180030975', 32, 6, 2, 'G657', 'OK', '2', '1', 'CST', NULL, '2015-06-02 00:00:00', NULL, NULL, NULL, NULL);
INSERT INTO t_fibre VALUES ('FO180030975033', NULL, 'CB000180030975', 33, 6, 3, 'G657', 'OK', '3', '1', 'CST', NULL, '2015-06-02 00:00:00', NULL, NULL, NULL, NULL);
INSERT INTO t_fibre VALUES ('FO180030975034', NULL, 'CB000180030975', 34, 6, 4, 'G657', 'OK', '4', '1', 'CST', NULL, '2015-06-02 00:00:00', NULL, NULL, NULL, NULL);
INSERT INTO t_fibre VALUES ('FO180030975035', NULL, 'CB000180030975', 35, 6, 5, 'G657', 'OK', '5', '1', 'CST', NULL, '2015-06-02 00:00:00', NULL, NULL, NULL, NULL);
INSERT INTO t_fibre VALUES ('FO180030975036', NULL, 'CB000180030975', 36, 6, 6, 'G657', 'OK', '6', '1', 'CST', NULL, '2015-06-02 00:00:00', NULL, NULL, NULL, NULL);
INSERT INTO t_fibre VALUES ('FO180030975037', NULL, 'CB000180030975', 37, 7, 1, 'G657', 'OK', '1', '1', 'CST', NULL, '2015-06-02 00:00:00', NULL, NULL, NULL, NULL);
INSERT INTO t_fibre VALUES ('FO180030975038', NULL, 'CB000180030975', 38, 7, 2, 'G657', 'OK', '2', '1', 'CST', NULL, '2015-06-02 00:00:00', NULL, NULL, NULL, NULL);
INSERT INTO t_fibre VALUES ('FO180030975039', NULL, 'CB000180030975', 39, 7, 3, 'G657', 'OK', '3', '1', 'CST', NULL, '2015-06-02 00:00:00', NULL, NULL, NULL, NULL);
INSERT INTO t_fibre VALUES ('FO180030975040', NULL, 'CB000180030975', 40, 7, 4, 'G657', 'OK', '4', '1', 'CST', NULL, '2015-06-02 00:00:00', NULL, NULL, NULL, NULL);
INSERT INTO t_fibre VALUES ('FO180030975041', NULL, 'CB000180030975', 41, 7, 5, 'G657', 'OK', '5', '1', 'CST', NULL, '2015-06-02 00:00:00', NULL, NULL, NULL, NULL);
INSERT INTO t_fibre VALUES ('FO180030975042', NULL, 'CB000180030975', 42, 7, 6, 'G657', 'OK', '6', '1', 'CST', NULL, '2015-06-02 00:00:00', NULL, NULL, NULL, NULL);
INSERT INTO t_fibre VALUES ('FO180030975043', NULL, 'CB000180030975', 43, 8, 1, 'G657', 'OK', '1', '1', 'CST', NULL, '2015-06-02 00:00:00', NULL, NULL, NULL, NULL);
INSERT INTO t_fibre VALUES ('FO180030975044', NULL, 'CB000180030975', 44, 8, 2, 'G657', 'OK', '2', '1', 'CST', NULL, '2015-06-02 00:00:00', NULL, NULL, NULL, NULL);
INSERT INTO t_fibre VALUES ('FO180030975045', NULL, 'CB000180030975', 45, 8, 3, 'G657', 'OK', '3', '1', 'CST', NULL, '2015-06-02 00:00:00', NULL, NULL, NULL, NULL);
INSERT INTO t_fibre VALUES ('FO180030975046', NULL, 'CB000180030975', 46, 8, 4, 'G657', 'OK', '4', '1', 'CST', NULL, '2015-06-02 00:00:00', NULL, NULL, NULL, NULL);
INSERT INTO t_fibre VALUES ('FO180030975047', NULL, 'CB000180030975', 47, 8, 5, 'G657', 'OK', '5', '1', 'CST', NULL, '2015-06-02 00:00:00', NULL, NULL, NULL, NULL);
INSERT INTO t_fibre VALUES ('FO180030975048', NULL, 'CB000180030975', 48, 8, 6, 'G657', 'OK', '6', '1', 'CST', NULL, '2015-06-02 00:00:00', NULL, NULL, NULL, NULL);
INSERT INTO t_fibre VALUES ('FO180034416001', NULL, 'CB000180034416', 1, 1, 1, 'G657', 'OK', '1', '1', 'CST', NULL, '2015-06-02 00:00:00', NULL, NULL, NULL, NULL);
INSERT INTO t_fibre VALUES ('FO180034416002', NULL, 'CB000180034416', 2, 2, 1, 'G657', 'OK', '1', '1', 'CST', NULL, '2015-06-02 00:00:00', NULL, NULL, NULL, NULL);
INSERT INTO t_fibre VALUES ('FO180034416003', NULL, 'CB000180034416', 3, 3, 1, 'G657', 'OK', '1', '1', 'CST', NULL, '2015-06-02 00:00:00', NULL, NULL, NULL, NULL);
INSERT INTO t_fibre VALUES ('FO180034416004', NULL, 'CB000180034416', 4, 4, 1, 'G657', 'OK', '1', '1', 'CST', NULL, '2015-06-02 00:00:00', NULL, NULL, NULL, NULL);
INSERT INTO t_fibre VALUES ('FO180034417001', NULL, 'CB000180034417', 1, 1, 1, 'G657', 'OK', '1', '1', 'CST', NULL, '2015-06-02 00:00:00', NULL, NULL, NULL, NULL);
INSERT INTO t_fibre VALUES ('FO180034417002', NULL, 'CB000180034417', 2, 2, 1, 'G657', 'OK', '1', '1', 'CST', NULL, '2015-06-02 00:00:00', NULL, NULL, NULL, NULL);
INSERT INTO t_fibre VALUES ('FO180034417003', NULL, 'CB000180034417', 3, 3, 1, 'G657', 'OK', '1', '1', 'CST', NULL, '2015-06-02 00:00:00', NULL, NULL, NULL, NULL);
INSERT INTO t_fibre VALUES ('FO180034417004', NULL, 'CB000180034417', 4, 4, 1, 'G657', 'OK', '1', '1', 'CST', NULL, '2015-06-02 00:00:00', NULL, NULL, NULL, NULL);
INSERT INTO t_fibre VALUES ('FO180034417005', NULL, 'CB000180034417', 5, 5, 1, 'G657', 'OK', '1', '1', 'CST', NULL, '2015-06-02 00:00:00', NULL, NULL, NULL, NULL);
INSERT INTO t_fibre VALUES ('FO180034417006', NULL, 'CB000180034417', 6, 6, 1, 'G657', 'OK', '1', '1', 'CST', NULL, '2015-06-02 00:00:00', NULL, NULL, NULL, NULL);
INSERT INTO t_fibre VALUES ('FO180034418001', NULL, 'CB000180034418', 1, 1, 1, 'G657', 'OK', '1', '1', 'CST', NULL, '2015-06-02 00:00:00', NULL, NULL, NULL, NULL);
INSERT INTO t_fibre VALUES ('FO180034418002', NULL, 'CB000180034418', 2, 2, 1, 'G657', 'OK', '1', '1', 'CST', NULL, '2015-06-02 00:00:00', NULL, NULL, NULL, NULL);
INSERT INTO t_fibre VALUES ('FO180034418003', NULL, 'CB000180034418', 3, 3, 1, 'G657', 'OK', '1', '1', 'CST', NULL, '2015-06-02 00:00:00', NULL, NULL, NULL, NULL);
INSERT INTO t_fibre VALUES ('FO180034418004', NULL, 'CB000180034418', 4, 4, 1, 'G657', 'OK', '1', '1', 'CST', NULL, '2015-06-02 00:00:00', NULL, NULL, NULL, NULL);
INSERT INTO t_fibre VALUES ('FO180034419001', NULL, 'CB000180034419', 1, 1, 1, 'G657', 'OK', '1', '1', 'CST', NULL, '2015-06-02 00:00:00', NULL, NULL, NULL, NULL);
INSERT INTO t_fibre VALUES ('FO180034419002', NULL, 'CB000180034419', 2, 2, 1, 'G657', 'OK', '1', '1', 'CST', NULL, '2015-06-02 00:00:00', NULL, NULL, NULL, NULL);
INSERT INTO t_fibre VALUES ('FO180034420001', NULL, 'CB000180034420', 1, 1, 1, 'G657', 'OK', '1', '1', 'CST', NULL, '2015-06-02 00:00:00', NULL, NULL, NULL, NULL);
INSERT INTO t_fibre VALUES ('FO180034420002', NULL, 'CB000180034420', 2, 2, 1, 'G657', 'OK', '1', '1', 'CST', NULL, '2015-06-02 00:00:00', NULL, NULL, NULL, NULL);
INSERT INTO t_fibre VALUES ('FO180034420003', NULL, 'CB000180034420', 3, 3, 1, 'G657', 'OK', '1', '1', 'CST', NULL, '2015-06-02 00:00:00', NULL, NULL, NULL, NULL);
INSERT INTO t_fibre VALUES ('FO180034420004', NULL, 'CB000180034420', 4, 4, 1, 'G657', 'OK', '1', '1', 'CST', NULL, '2015-06-02 00:00:00', NULL, NULL, NULL, NULL);
INSERT INTO t_fibre VALUES ('FO180034421001', NULL, 'CB000180034421', 1, 1, 1, 'G657', 'OK', '1', '1', 'CST', NULL, '2015-06-02 00:00:00', NULL, NULL, NULL, NULL);
INSERT INTO t_fibre VALUES ('FO180034421002', NULL, 'CB000180034421', 2, 2, 1, 'G657', 'OK', '1', '1', 'CST', NULL, '2015-06-02 00:00:00', NULL, NULL, NULL, NULL);
INSERT INTO t_fibre VALUES ('FO180034422001', NULL, 'CB000180034422', 1, 1, 1, 'G657', 'OK', '1', '1', 'CST', NULL, '2015-06-02 00:00:00', NULL, NULL, NULL, NULL);
INSERT INTO t_fibre VALUES ('FO180034422002', NULL, 'CB000180034422', 2, 2, 1, 'G657', 'OK', '1', '1', 'CST', NULL, '2015-06-02 00:00:00', NULL, NULL, NULL, NULL);
INSERT INTO t_fibre VALUES ('FO180034601001', NULL, 'CB000180034601', 1, 1, 1, 'G657', 'OK', '1', '1', 'CST', NULL, '2015-06-02 00:00:00', NULL, NULL, NULL, NULL);
INSERT INTO t_fibre VALUES ('FO180034601002', NULL, 'CB000180034601', 2, 2, 1, 'G657', 'OK', '1', '1', 'CST', NULL, '2015-06-02 00:00:00', NULL, NULL, NULL, NULL);
INSERT INTO t_fibre VALUES ('FO180034602001', NULL, 'CB000180034602', 1, 1, 1, 'G657', 'OK', '1', '1', 'CST', NULL, '2015-06-02 00:00:00', NULL, NULL, NULL, NULL);
INSERT INTO t_fibre VALUES ('FO180034602002', NULL, 'CB000180034602', 2, 2, 1, 'G657', 'OK', '1', '1', 'CST', NULL, '2015-06-02 00:00:00', NULL, NULL, NULL, NULL);
INSERT INTO t_fibre VALUES ('FO180034603001', NULL, 'CB000180034603', 1, 1, 1, 'G657', 'OK', '1', '1', 'CST', NULL, '2015-06-02 00:00:00', NULL, NULL, NULL, NULL);
INSERT INTO t_fibre VALUES ('FO180034603002', NULL, 'CB000180034603', 2, 2, 1, 'G657', 'OK', '1', '1', 'CST', NULL, '2015-06-02 00:00:00', NULL, NULL, NULL, NULL);
INSERT INTO t_fibre VALUES ('FO180034604001', NULL, 'CB000180034604', 1, 1, 1, 'G657', 'OK', '1', '1', 'CST', NULL, '2015-06-02 00:00:00', NULL, NULL, NULL, NULL);
INSERT INTO t_fibre VALUES ('FO180034604002', NULL, 'CB000180034604', 2, 2, 1, 'G657', 'OK', '1', '1', 'CST', NULL, '2015-06-02 00:00:00', NULL, NULL, NULL, NULL);
INSERT INTO t_fibre VALUES ('FO180034605001', NULL, 'CB000180034605', 1, 1, 1, 'G657', 'OK', '1', '1', 'CST', NULL, '2015-06-02 00:00:00', NULL, NULL, NULL, NULL);
INSERT INTO t_fibre VALUES ('FO180034605002', NULL, 'CB000180034605', 2, 2, 1, 'G657', 'OK', '1', '1', 'CST', NULL, '2015-06-02 00:00:00', NULL, NULL, NULL, NULL);
INSERT INTO t_fibre VALUES ('FO180034606001', NULL, 'CB000180034606', 1, 1, 1, 'G657', 'OK', '1', '1', 'CST', NULL, '2015-06-02 00:00:00', NULL, NULL, NULL, NULL);
INSERT INTO t_fibre VALUES ('FO180034606002', NULL, 'CB000180034606', 2, 2, 1, 'G657', 'OK', '1', '1', 'CST', NULL, '2015-06-02 00:00:00', NULL, NULL, NULL, NULL);
INSERT INTO t_fibre VALUES ('FO180034607001', NULL, 'CB000180034607', 1, 1, 1, 'G657', 'OK', '1', '1', 'CST', NULL, '2015-06-02 00:00:00', NULL, NULL, NULL, NULL);
INSERT INTO t_fibre VALUES ('FO180034607002', NULL, 'CB000180034607', 2, 2, 1, 'G657', 'OK', '1', '1', 'CST', NULL, '2015-06-02 00:00:00', NULL, NULL, NULL, NULL);


--
-- TOC entry 4037 (class 0 OID 157633)
-- Dependencies: 258
-- Data for Name: t_love; Type: TABLE DATA; Schema: gracethd; Owner: -
--

INSERT INTO t_love VALUES (180030007, 'CB000180030007', 'ND000180030503', 7, '2015-06-03 00:00:00', NULL, NULL, NULL, NULL);
INSERT INTO t_love VALUES (180030341, 'CB000180030341', 'ND000180032793', 10, '2015-06-02 00:00:00', NULL, NULL, NULL, NULL);


--
-- TOC entry 4022 (class 0 OID 156941)
-- Dependencies: 243
-- Data for Name: t_ltech; Type: TABLE DATA; Schema: gracethd; Owner: -
--

INSERT INTO t_ltech VALUES ('LT000180030001', NULL, 'NRO', 'ST200180030001', 'OR900000000002', 'OR900000000002', 'OR900000000002', 'CST', 'AVP', 'OK', NULL, NULL, NULL, NULL, NULL, NULL, NULL, NULL, '2015-05-28 00:00:00', NULL, NULL, NULL, NULL);
INSERT INTO t_ltech VALUES ('LT200180030502', NULL, 'PM7', 'ST200180030008', 'OR900000000002', 'OR900000000002', 'OR900000000002', 'CST', 'AVP', 'OK', NULL, NULL, NULL, NULL, NULL, NULL, NULL, NULL, '2015-05-28 00:00:00', NULL, NULL, NULL, NULL);


--
-- TOC entry 4033 (class 0 OID 157489)
-- Dependencies: 254
-- Data for Name: t_masque; Type: TABLE DATA; Schema: gracethd; Owner: -
--

INSERT INTO t_masque VALUES (1180030072, 'ND000180030072', 'D', 1, 1, 'CD001800326021', 'TH', NULL, '2015-05-27 00:00:00', '2015-06-04 00:00:00', NULL, NULL, NULL);
INSERT INTO t_masque VALUES (1180030091, 'ND000180030091', 'D', 1, 1, 'CD001800325981', 'TH', NULL, '2015-05-28 00:00:00', '2015-06-04 00:00:00', NULL, NULL, NULL);
INSERT INTO t_masque VALUES (1180030502, 'ND000180030502', 'D', 1, 1, 'CD001800331341', 'TH', NULL, '2015-05-27 00:00:00', '2015-06-04 00:00:00', NULL, NULL, NULL);
INSERT INTO t_masque VALUES (1180030503, 'ND000180030503', 'D', 1, 1, 'CD001800335691', 'TH', NULL, '2015-05-28 00:00:00', '2015-06-04 00:00:00', NULL, NULL, NULL);
INSERT INTO t_masque VALUES (1180031092, 'ND000180031092', 'B', 1, 1, 'CD001800329561', 'TH', NULL, '2015-05-27 00:00:00', '2015-06-04 00:00:00', NULL, NULL, NULL);
INSERT INTO t_masque VALUES (1800300641, 'ND000180030064', 'C', 1, 1, 'CD001800329561', 'TH', NULL, '2015-06-04 00:00:00', '2015-06-04 00:00:00', NULL, NULL, NULL);
INSERT INTO t_masque VALUES (2180030065, 'ND000180030065', 'B', 1, 1, 'CD001800326021', 'TH', NULL, '2015-05-27 00:00:00', '2015-06-04 00:00:00', NULL, NULL, NULL);
INSERT INTO t_masque VALUES (2180030072, 'ND000180030072', 'B', 1, 1, 'CD001800329561', 'TH', NULL, '2015-05-27 00:00:00', '2015-06-04 00:00:00', NULL, NULL, NULL);
INSERT INTO t_masque VALUES (2180030091, 'ND000180030091', 'B', 1, 1, 'CD001800335691', 'TH', NULL, '2015-05-28 00:00:00', '2015-06-04 00:00:00', NULL, NULL, NULL);
INSERT INTO t_masque VALUES (2180030502, 'ND000180030502', 'D', 1, 2, 'CD001800331342', 'TH', NULL, '2015-05-27 00:00:00', '2015-06-04 00:00:00', NULL, NULL, NULL);
INSERT INTO t_masque VALUES (2180030503, 'ND000180030503', 'D', 1, 2, 'CD001800335692', 'TH', NULL, '2015-05-28 00:00:00', '2015-06-04 00:00:00', NULL, NULL, NULL);
INSERT INTO t_masque VALUES (3180030065, 'ND000180030065', 'A', 1, 1, 'CD001800331341', 'TH', NULL, '2015-05-27 00:00:00', '2015-06-04 00:00:00', NULL, NULL, NULL);
INSERT INTO t_masque VALUES (3180030072, 'ND000180030072', 'B', 2, 1, 'CD001800329581', 'TH', NULL, '2015-05-27 00:00:00', '2015-06-04 00:00:00', NULL, NULL, NULL);
INSERT INTO t_masque VALUES (3180030091, 'ND000180030091', 'B', 1, 2, 'CD001800335692', 'TH', NULL, '2015-05-28 00:00:00', '2015-06-04 00:00:00', NULL, NULL, NULL);
INSERT INTO t_masque VALUES (3180030502, 'ND000180030502', 'D', 2, 1, 'CD001800331343', 'TH', NULL, '2015-05-27 00:00:00', '2015-06-04 00:00:00', NULL, NULL, NULL);
INSERT INTO t_masque VALUES (3180030503, 'ND000180030503', 'D', 2, 1, 'CD001800335693', 'TH', NULL, '2015-05-28 00:00:00', '2015-06-04 00:00:00', NULL, NULL, NULL);
INSERT INTO t_masque VALUES (4180030065, 'ND000180030065', 'A', 1, 2, 'CD001800331342', 'TH', NULL, '2015-05-27 00:00:00', '2015-06-04 00:00:00', NULL, NULL, NULL);
INSERT INTO t_masque VALUES (4180030091, 'ND000180030091', 'B', 2, 1, 'CD001800335693', 'TH', NULL, '2015-05-28 00:00:00', '2015-06-04 00:00:00', NULL, NULL, NULL);
INSERT INTO t_masque VALUES (4180030502, 'ND000180030502', 'D', 2, 2, 'CD001800331344', 'TH', NULL, '2015-05-27 00:00:00', '2015-06-04 00:00:00', NULL, NULL, NULL);
INSERT INTO t_masque VALUES (4180030503, 'ND000180030503', 'D', 2, 2, 'CD001800335694', 'TH', NULL, '2015-05-28 00:00:00', '2015-06-04 00:00:00', NULL, NULL, NULL);
INSERT INTO t_masque VALUES (5180030065, 'ND000180030065', 'A', 2, 1, 'CD001800331343', 'TH', NULL, '2015-05-27 00:00:00', '2015-06-04 00:00:00', NULL, NULL, NULL);
INSERT INTO t_masque VALUES (5180030091, 'ND000180030091', 'B', 2, 2, 'CD001800335694', 'TH', NULL, '2015-05-28 00:00:00', '2015-06-04 00:00:00', NULL, NULL, NULL);
INSERT INTO t_masque VALUES (5180030502, 'ND000180030502', 'C', 1, 1, 'CD201800331341', 'TH', NULL, '2015-05-28 00:00:00', '2015-06-04 00:00:00', NULL, NULL, NULL);
INSERT INTO t_masque VALUES (5180030503, 'ND000180030503', 'D', 3, 1, 'CD001800335695', 'TH', NULL, '2015-05-28 00:00:00', '2015-06-04 00:00:00', NULL, NULL, NULL);
INSERT INTO t_masque VALUES (6180030065, 'ND000180030065', 'A', 2, 2, 'CD001800331344', 'TH', NULL, '2015-05-27 00:00:00', '2015-06-04 00:00:00', NULL, NULL, NULL);
INSERT INTO t_masque VALUES (6180030091, 'ND000180030091', 'B', 3, 1, 'CD001800335695', 'TH', NULL, '2015-05-28 00:00:00', '2015-06-04 00:00:00', NULL, NULL, NULL);
INSERT INTO t_masque VALUES (6180030502, 'ND000180030502', 'C', 1, 2, 'CD201800331342', 'TH', NULL, '2015-05-28 00:00:00', '2015-06-04 00:00:00', NULL, NULL, NULL);
INSERT INTO t_masque VALUES (6180030503, 'ND000180030503', 'B', 1, 1, 'CD001800335701', 'TH', NULL, '2015-05-28 00:00:00', '2015-06-04 00:00:00', NULL, NULL, NULL);
INSERT INTO t_masque VALUES (7180030065, 'ND000180030065', 'B', 1, 2, 'CD001800325991', 'TH', NULL, '2015-05-27 00:00:00', '2015-06-04 00:00:00', NULL, NULL, NULL);
INSERT INTO t_masque VALUES (7180030502, 'ND000180030502', 'C', 2, 1, 'CD201800331343', 'TH', NULL, '2015-05-28 00:00:00', '2015-06-04 00:00:00', NULL, NULL, NULL);
INSERT INTO t_masque VALUES (7180030503, 'ND000180030503', 'B', 1, 2, 'CD001800335702', 'TH', NULL, '2015-05-28 00:00:00', '2015-06-04 00:00:00', NULL, NULL, NULL);
INSERT INTO t_masque VALUES (8180030502, 'ND000180030502', 'C', 2, 2, 'CD201800331344', 'TH', NULL, '2015-05-28 00:00:00', '2015-06-04 00:00:00', NULL, NULL, NULL);
INSERT INTO t_masque VALUES (8180030503, 'ND000180030503', 'B', 2, 1, 'CD001800335703', 'TH', NULL, '2015-05-28 00:00:00', '2015-06-04 00:00:00', NULL, NULL, NULL);
INSERT INTO t_masque VALUES (9180030065, 'ND000180030065', 'B', 1, 3, 'CD001800325981', 'TH', NULL, '2015-06-01 00:00:00', '2015-06-04 00:00:00', NULL, NULL, NULL);
INSERT INTO t_masque VALUES (9180030503, 'ND000180030503', 'B', 2, 2, 'CD001800335704', 'TH', NULL, '2015-05-28 00:00:00', '2015-06-04 00:00:00', NULL, NULL, NULL);
INSERT INTO t_masque VALUES (10180030503, 'ND000180030503', 'B', 3, 1, 'CD001800335705', 'TH', NULL, '2015-05-28 00:00:00', '2015-06-04 00:00:00', NULL, NULL, NULL);
INSERT INTO t_masque VALUES (11180030503, 'ND000180030503', 'B', 3, 2, 'CD001800335706', 'TH', NULL, '2015-05-28 00:00:00', '2015-06-04 00:00:00', NULL, NULL, NULL);
INSERT INTO t_masque VALUES (12180030503, 'ND000180030503', 'B', 4, 1, 'CD001800335707', 'TH', NULL, '2015-05-28 00:00:00', '2015-06-04 00:00:00', NULL, NULL, NULL);


--
-- TOC entry 4015 (class 0 OID 156705)
-- Dependencies: 236
-- Data for Name: t_noeud; Type: TABLE DATA; Schema: gracethd; Owner: -
--

INSERT INTO t_noeud VALUES ('ND000180030001', NULL, NULL, NULL, 'DSPE', 'A002', 'B001', NULL, NULL, 'ST', 'OPT', NULL, 'C', 25.00, 'ORTO', 'GPS GRAND PUBLIC', '2015-05-28 00:00:00', '2015-06-01 00:00:00', NULL, NULL, NULL, '01010000206A080000B808F9BC12602441E89ACE563B795941');
INSERT INTO t_noeud VALUES ('ND000180030064', NULL, NULL, NULL, 'DSPE', 'A001', 'B001', 'C002', NULL, 'PT', 'OPT', NULL, 'C', 25.00, 'ORTO', 'GPS GRAND PUBLIC', '2015-05-26 00:00:00', '2015-06-01 00:00:00', NULL, NULL, NULL, '01010000206A080000FEF7105D905E244132BF121D3E795941');
INSERT INTO t_noeud VALUES ('ND000180030065', NULL, NULL, NULL, 'DSPE', 'A001', 'B001', 'C002', NULL, 'PT', 'OPT', NULL, 'C', 25.00, 'ORTO', 'GPS GRAND PUBLIC', '2015-05-26 00:00:00', '2015-06-01 00:00:00', NULL, NULL, NULL, '01010000206A0800000CB1752E135F2441D3E433124D795941');
INSERT INTO t_noeud VALUES ('ND000180030072', NULL, NULL, NULL, 'DSPE', 'A001', 'B001', 'C002', NULL, 'PT', 'OPT', NULL, 'C', 25.00, 'ORTO', 'GPS GRAND PUBLIC', '2015-05-26 00:00:00', '2015-06-01 00:00:00', NULL, NULL, NULL, '01010000206A08000086A04FDED65E2441A5574B923B795941');
INSERT INTO t_noeud VALUES ('ND000180030091', NULL, NULL, NULL, 'DSPE', 'A001', 'B001', 'C002', NULL, 'PT', 'OPT', NULL, 'C', 25.00, 'ORTO', 'GPS GRAND PUBLIC', '2015-05-28 00:00:00', '2015-06-01 00:00:00', NULL, NULL, NULL, '01010000206A0800004F9E8243DD5F2441CC75318B3F795941');
INSERT INTO t_noeud VALUES ('ND000180030502', NULL, NULL, NULL, 'DSPE', 'A001', 'B001', 'C001', NULL, 'PT', 'OPT', NULL, 'C', 25.00, 'ORTO', 'GPS GRAND PUBLIC', '2015-05-26 00:00:00', '2015-06-01 00:00:00', NULL, NULL, NULL, '01010000206A0800003306507F165F2441B5148F9C4C795941');
INSERT INTO t_noeud VALUES ('ND000180030503', NULL, NULL, NULL, 'DSPE', 'A001', 'B001', 'C001', NULL, 'PT', 'OPT', NULL, 'C', 25.00, 'ORTO', 'GPS GRAND PUBLIC', '2015-05-28 00:00:00', '2015-06-01 00:00:00', NULL, NULL, NULL, '01010000206A08000033989603E75F244132C3D4FF3E795941');
INSERT INTO t_noeud VALUES ('ND000180031091', NULL, NULL, NULL, 'DSPE', 'A001', 'B001', 'C002', NULL, 'SF', 'OPT', NULL, 'C', 25.00, 'ORTO', 'GPS GRAND PUBLIC', '2015-05-26 00:00:00', '2015-06-01 00:00:00', NULL, NULL, NULL, '01010000206A0800009EFFFFFF815E2441B8F7FF7F42795941');
INSERT INTO t_noeud VALUES ('ND000180031092', NULL, NULL, NULL, 'DSPE', 'A001', 'B001', 'C002', NULL, 'SF', 'OPT', NULL, 'C', 25.00, 'ORTO', 'GPS GRAND PUBLIC', '2015-05-26 00:00:00', '2015-06-01 00:00:00', NULL, NULL, NULL, '01010000206A080000A2FFFFFF8D5E2441B7F7FFFF3D795941');
INSERT INTO t_noeud VALUES ('ND000180031093', NULL, NULL, NULL, 'DSPE', 'A001', 'B001', 'C002', NULL, 'SF', 'OPT', NULL, 'C', 25.00, 'ORTO', 'GPS GRAND PUBLIC', '2015-05-26 00:00:00', '2015-06-01 00:00:00', NULL, NULL, NULL, '01010000206A0800009CFFFFFF975E2441B7F7FF7F3D795941');
INSERT INTO t_noeud VALUES ('ND000180031094', NULL, NULL, NULL, 'DSPE', 'A001', 'B001', 'C003', NULL, 'SF', 'OPT', NULL, 'C', 25.00, 'ORTO', 'GPS GRAND PUBLIC', '2015-05-26 00:00:00', '2015-06-01 00:00:00', NULL, NULL, NULL, '01010000206A080000A0FFFFFF255F2441B7F7FFFF3E795941');
INSERT INTO t_noeud VALUES ('ND000180031100', NULL, NULL, NULL, 'DSPE', 'A001', 'B001', 'C002', NULL, 'SF', 'OPT', NULL, 'C', 25.00, 'ORTO', 'GPS GRAND PUBLIC', '2015-05-26 00:00:00', '2015-06-01 00:00:00', NULL, NULL, NULL, '01010000206A080000A6FFFFFFB75E2441B6F7FFBF3B795941');
INSERT INTO t_noeud VALUES ('ND000180031101', NULL, NULL, NULL, 'DSPE', 'A001', 'B001', 'C002', NULL, 'SF', 'OPT', NULL, 'C', 25.00, 'ORTO', 'GPS GRAND PUBLIC', '2015-05-26 00:00:00', '2015-06-01 00:00:00', NULL, NULL, NULL, '01010000206A080000A5FFFFFFC75E2441B9F7FFFF3B795941');
INSERT INTO t_noeud VALUES ('ND000180031227', NULL, NULL, NULL, 'DSPE', 'A001', 'B001', 'C004', NULL, 'SF', 'OPT', NULL, 'C', 25.00, 'ORTO', 'GPS GRAND PUBLIC', '2015-05-26 00:00:00', '2015-06-01 00:00:00', NULL, NULL, NULL, '01010000206A080000A3FFFFFF095F2441B6F7FF3F39795941');
INSERT INTO t_noeud VALUES ('ND000180031284', NULL, NULL, NULL, 'DSPE', 'A001', 'B001', 'C003', NULL, 'SF', 'OPT', NULL, 'C', 25.00, 'ORTO', 'GPS GRAND PUBLIC', '2015-05-26 00:00:00', '2015-06-01 00:00:00', NULL, NULL, NULL, '01010000206A080000A5FFFFFF4F5F2441B5F7FFBF45795941');
INSERT INTO t_noeud VALUES ('ND000180031287', NULL, NULL, NULL, 'DSPE', 'A001', 'B001', 'C003', NULL, 'SF', 'OPT', NULL, 'C', 25.00, 'ORTO', 'GPS GRAND PUBLIC', '2015-05-26 00:00:00', '2015-06-01 00:00:00', NULL, NULL, NULL, '01010000206A080000A8FFFFFF315F2441B4F7FF3F48795941');
INSERT INTO t_noeud VALUES ('ND000180031292', NULL, NULL, NULL, 'DSPE', 'A001', 'B001', 'C003', NULL, 'SF', 'OPT', NULL, 'C', 25.00, 'ORTO', 'GPS GRAND PUBLIC', '2015-05-26 00:00:00', '2015-06-01 00:00:00', NULL, NULL, NULL, '01010000206A0800009FFFFFFF3B5F2441B7F7FF3F3F795941');
INSERT INTO t_noeud VALUES ('ND000180031301', NULL, NULL, NULL, 'DSPE', 'A001', 'B001', 'C003', NULL, 'SF', 'OPT', NULL, 'C', 25.00, 'ORTO', 'GPS GRAND PUBLIC', '2015-05-26 00:00:00', '2015-06-01 00:00:00', NULL, NULL, NULL, '01010000206A080000AAFFFFFF3F5F2441B4F7FF3F47795941');
INSERT INTO t_noeud VALUES ('ND000180031330', NULL, NULL, NULL, 'DSPE', 'A001', 'B001', 'C004', NULL, 'SF', 'OPT', NULL, 'C', 25.00, 'ORTO', 'GPS GRAND PUBLIC', '2015-05-26 00:00:00', '2015-06-01 00:00:00', NULL, NULL, NULL, '01010000206A080000A4FFFFFF135F2441B7F7FFBF37795941');
INSERT INTO t_noeud VALUES ('ND000180031350', NULL, NULL, NULL, 'DSPE', 'A001', 'B001', 'C003', NULL, 'PT', 'OPT', NULL, 'C', 25.00, 'ORTO', 'GPS GRAND PUBLIC', '2015-05-26 00:00:00', '2015-06-01 00:00:00', NULL, NULL, NULL, '01010000206A0800006B6E0B0C445F24415A3CF10948795941');
INSERT INTO t_noeud VALUES ('ND000180031404', NULL, NULL, NULL, 'DSPE', NULL, NULL, NULL, NULL, 'SF', 'OPT', NULL, 'C', 25.00, 'ORTO', 'GPS GRAND PUBLIC', '2015-06-06 00:00:00', NULL, NULL, NULL, NULL, '01010000206A08000000000000525F24410000000071795941');
INSERT INTO t_noeud VALUES ('ND000180031413', NULL, NULL, NULL, 'DSPE', 'A001', 'B001', 'C003', NULL, 'SF', 'OPT', NULL, 'C', 25.00, 'ORTO', 'GPS GRAND PUBLIC', '2015-05-26 00:00:00', '2015-06-01 00:00:00', NULL, NULL, NULL, '01010000206A080000A4FFFFFF255F2441BAF7FF7F48795941');
INSERT INTO t_noeud VALUES ('ND000180031414', NULL, NULL, NULL, 'DSPE', 'A001', 'B001', 'C003', NULL, 'SF', 'OPT', NULL, 'C', 25.00, 'ORTO', 'GPS GRAND PUBLIC', '2015-05-26 00:00:00', '2015-06-01 00:00:00', NULL, NULL, NULL, '01010000206A0800009FFFFFFF255F2441B5F7FF7F46795941');
INSERT INTO t_noeud VALUES ('ND000180032722', NULL, NULL, NULL, 'DSPE', 'A001', 'B001', 'C004', NULL, 'PT', 'OPT', NULL, 'C', 25.00, 'ORTO', 'GPS GRAND PUBLIC', '2015-05-26 00:00:00', '2015-06-01 00:00:00', NULL, NULL, NULL, '01010000206A080000F0563C8C065F24414FD64D3838795941');
INSERT INTO t_noeud VALUES ('ND000180032793', NULL, NULL, NULL, 'DSPE', 'A001', 'B001', 'C005', NULL, 'PT', 'OPT', NULL, 'C', 25.00, 'ORTO', 'GPS GRAND PUBLIC', '2015-05-26 00:00:00', '2015-06-01 00:00:00', NULL, NULL, NULL, '01010000206A080000F9AAD31D1E5F244112F2CCA94A795941');
INSERT INTO t_noeud VALUES ('ND200180030502', NULL, NULL, NULL, 'DSPE', 'A002', 'B001', NULL, NULL, 'ST', 'OPT', 'Non present sur données d''entrée : ajout pour positionnement local technique', 'C', 25.00, 'ORTO', 'GPS GRAND PUBLIC', '2015-05-28 00:00:00', '2015-06-01 00:00:00', NULL, NULL, NULL, '01010000206A0800005D7859501A5F244174EC10B54D795941');
INSERT INTO t_noeud VALUES ('ND201180030502', 'COULANGES', NULL, NULL, 'DSPE', 'A001', NULL, NULL, NULL, 'SE', 'VID', NULL, NULL, 15.00, 'ORTO', 'CARTORADIO (ANFR)', '2015-06-08 00:00:00', NULL, NULL, NULL, NULL, '01010000206A080000FF60DDA80B632441CC1B1F3AAE795941');


--
-- TOC entry 4013 (class 0 OID 156669)
-- Dependencies: 234
-- Data for Name: t_organisme; Type: TABLE DATA; Schema: gracethd; Owner: -
--

INSERT INTO t_organisme VALUES ('OR900000000000', '380129866', 'ORANGE', 'SA à conseil d''administration', 'Télécommunications filaires (6110Z)', 'FRTE', '38012986646850', NULL, NULL, 'RUE OLIVIER DE SERRES', 78, NULL, NULL, '75505', 'PARIS CEDEX 15 ', NULL, NULL, NULL, '2015-05-26 00:00:00', '2015-06-02 00:00:00', NULL, NULL, NULL);
INSERT INTO t_organisme VALUES ('OR900000000001', NULL, 'CADaGEO', NULL, NULL, NULL, NULL, NULL, NULL, NULL, NULL, NULL, NULL, NULL, NULL, NULL, NULL, NULL, '2015-05-26 00:00:00', NULL, NULL, NULL, NULL);
INSERT INTO t_organisme VALUES ('OR900000000002', NULL, 'SMO', NULL, NULL, NULL, NULL, NULL, NULL, NULL, NULL, NULL, NULL, NULL, NULL, NULL, NULL, NULL, '2015-05-26 00:00:00', NULL, NULL, NULL, NULL);
INSERT INTO t_organisme VALUES ('OR900000000003', '444608442', 'ERDF', 'SA à directoire', 'Distribution d''électricité (3513Z)', NULL, '44460844213631', NULL, NULL, 'PLACE DES COROLLES', 34, NULL, 'TOUR ERDF', '92400', 'COURBEVOIE', NULL, NULL, NULL, '2015-05-26 00:00:00', '2015-06-02 00:00:00', NULL, NULL, NULL);
INSERT INTO t_organisme VALUES ('OR900000000004', NULL, 'ALCATEL', NULL, NULL, NULL, NULL, NULL, NULL, NULL, NULL, NULL, NULL, NULL, NULL, NULL, NULL, NULL, '2015-06-02 00:00:00', NULL, NULL, NULL, NULL);
INSERT INTO t_organisme VALUES ('OR900000000005', NULL, 'COMMUNE', NULL, NULL, NULL, NULL, NULL, NULL, NULL, NULL, NULL, NULL, NULL, NULL, NULL, NULL, NULL, '2015-06-02 00:00:00', '2015-06-06 00:00:00', NULL, NULL, NULL);
INSERT INTO t_organisme VALUES ('OR000000000004', NULL, 'SFR', NULL, NULL, 'SFR0', '34305956400793', NULL, NULL, 'SQUARE BELA BARTOK', 1, NULL, NULL, '75015', 'PARIS', NULL, NULL, 'Société française du radiotéléphone', '2015-06-03 00:00:00', NULL, NULL, NULL, NULL);
INSERT INTO t_organisme VALUES ('OR000000000005', NULL, 'FREE', NULL, NULL, 'FREE', '42193886100034', NULL, NULL, 'RUE DE LA VILLE L''EVÊQUE', 8, NULL, NULL, '75008', 'PARIS', NULL, NULL, NULL, '2015-06-03 00:00:00', NULL, NULL, NULL, NULL);


--
-- TOC entry 4039 (class 0 OID 157689)
-- Dependencies: 260
-- Data for Name: t_position; Type: TABLE DATA; Schema: gracethd; Owner: -
--

INSERT INTO t_position VALUES ('PS180030675101', 1, 'FO180030329001', 'FO180034417001', 'CS001800306751', NULL, 'SFU', 'EP', 'OK', 'SF000180031330', NULL, '2015-06-08 00:00:00', NULL, NULL, NULL, NULL);
INSERT INTO t_position VALUES ('PS180030675102', 2, 'FO180030329002', 'FO180034417002', 'CS001800306751', NULL, 'SFU', 'EP', 'OK', 'SF001180031330', NULL, '2015-06-08 00:00:00', NULL, NULL, NULL, NULL);
INSERT INTO t_position VALUES ('PS180030976101', 1, 'FO180030975001', 'FO180030329001', 'CS001800309761', NULL, 'SFU', 'EP', 'OK', 'SF000180031330', NULL, '2015-06-08 00:00:00', NULL, NULL, NULL, NULL);
INSERT INTO t_position VALUES ('PS180030714101', 1, 'FO180030916001', 'FO180030975001', 'CS001800307141', NULL, 'SFU', 'EP', 'OK', 'SF000180031330', NULL, '2015-06-08 00:00:00', NULL, NULL, NULL, NULL);
INSERT INTO t_position VALUES ('PS180030519001', 1, 'FO180030017101', 'FO180030916001', NULL, 'TI000180030519', 'CSP', 'EP', 'OK', NULL, NULL, '2015-06-08 00:00:00', NULL, NULL, NULL, NULL);
INSERT INTO t_position VALUES ('PS180030515001', 1, 'FO180030227101', 'FO180030017101', NULL, 'TI000180030515', 'CSP', 'EP', 'OK', NULL, NULL, '2015-06-08 00:00:00', NULL, NULL, NULL, NULL);
INSERT INTO t_position VALUES ('PS180030511001', 1, 'FO180030001001', 'FO180030227101', NULL, 'TI000180030511', 'CSP', 'EP', 'OK', NULL, NULL, '2015-06-08 00:00:00', NULL, NULL, NULL, NULL);
INSERT INTO t_position VALUES ('PS180030714201', 1, 'FO180030003001', 'FO180030001001', 'CS001800307142', NULL, 'SFU', 'EP', 'OK', NULL, NULL, '2015-06-08 00:00:00', NULL, NULL, NULL, NULL);
INSERT INTO t_position VALUES ('PS180030091101', 1, 'FO180030007001', 'FO180030003001', 'CS001800300911', NULL, 'SFU', 'EP', 'OK', NULL, NULL, '2015-06-08 00:00:00', NULL, NULL, NULL, NULL);
INSERT INTO t_position VALUES ('PS180030512001', 1, 'FO180030257101', 'FO180030008101', NULL, 'TI000180030512', 'CSP', 'EP', 'OK', NULL, NULL, '2015-06-08 00:00:00', NULL, NULL, NULL, NULL);
INSERT INTO t_position VALUES ('PS180030508001', 1, 'FO180030008101', 'FO180030007001', NULL, 'TI000180030508', 'CSP', 'EP', 'OK', NULL, NULL, '2015-06-08 00:00:00', NULL, NULL, NULL, NULL);
INSERT INTO t_position VALUES ('PS180030976102', 2, 'FO180030975002', 'FO180030329002', 'CS001800309761', NULL, 'SFU', 'EP', 'OK', 'SF001180031330', NULL, '2015-06-08 00:00:00', NULL, NULL, NULL, NULL);
INSERT INTO t_position VALUES ('PS180030714102', 2, 'FO180030916002', 'FO180030975002', 'CS001800307141', NULL, 'SFU', 'EP', 'OK', 'SF001180031330', NULL, '2015-06-08 00:00:00', NULL, NULL, NULL, NULL);
INSERT INTO t_position VALUES ('PS180030519002', 2, 'FO180030027101', 'FO180030916002', NULL, 'TI000180030519', 'CSP', 'EP', 'OK', NULL, NULL, '2015-06-08 00:00:00', NULL, NULL, NULL, NULL);
INSERT INTO t_position VALUES ('PS180030515002', 2, 'FO180030227101', 'FO180030027101', NULL, 'TI000180030515', 'CSP', 'EP', 'OK', NULL, NULL, '2015-06-08 00:00:00', NULL, NULL, NULL, NULL);
INSERT INTO t_position VALUES ('PS180030502001', 1, NULL, 'FO180030257101', NULL, 'TI000180030502', 'CSP', 'EP', 'OK', NULL, NULL, '2015-06-08 00:00:00', NULL, NULL, NULL, NULL);
INSERT INTO t_position VALUES ('PS180030511002', 1, 'FO180030001001', 'FO180030227101', NULL, 'TI000180030511', 'CSP', 'EP', 'OK', NULL, NULL, '2015-06-08 00:00:00', NULL, NULL, NULL, NULL);
INSERT INTO t_position VALUES ('PS180030714202', 1, 'FO180030003001', 'FO180030001001', 'CS001800307142', NULL, 'SFU', 'EP', 'OK', NULL, NULL, '2015-06-08 00:00:00', NULL, NULL, NULL, NULL);
INSERT INTO t_position VALUES ('PS180030091102', 1, 'FO180030007001', 'FO180030003001', 'CS001800300911', NULL, 'SFU', 'EP', 'OK', NULL, NULL, '2015-06-08 00:00:00', NULL, NULL, NULL, NULL);
INSERT INTO t_position VALUES ('PS180030508002', 1, 'FO180030008101', 'FO180030007001', NULL, 'TI000180030508', 'CSP', 'EP', 'OK', NULL, NULL, '2015-06-08 00:00:00', NULL, NULL, NULL, NULL);
INSERT INTO t_position VALUES ('PS180030512002', 1, 'FO180030257101', 'FO180030008101', NULL, 'TI000180030512', 'CSP', 'EP', 'OK', NULL, NULL, '2015-06-08 00:00:00', NULL, NULL, NULL, NULL);
INSERT INTO t_position VALUES ('PS180030502002', 1, NULL, 'FO180030257101', NULL, 'TI000180030502', 'CSP', 'EP', 'OK', NULL, NULL, '2015-06-08 00:00:00', NULL, NULL, NULL, NULL);
INSERT INTO t_position VALUES ('PS180030676101', 1, 'FO180030739001', 'FO180034421001', 'CS001800306761', NULL, 'SFU', 'EP', 'OK', 'SF000180031092', NULL, '2015-06-08 00:00:00', NULL, NULL, NULL, NULL);
INSERT INTO t_position VALUES ('PS180030976201', 1, 'FO180030975003', 'FO180030739001', 'CS001800309762', NULL, 'SFU', 'EP', 'OK', 'SF000180031092', NULL, '2015-06-08 00:00:00', NULL, NULL, NULL, NULL);
INSERT INTO t_position VALUES ('PS180030714103', 3, 'FO180030916003', 'FO180030975003', 'CS001800307141', NULL, 'SFU', 'EP', 'OK', 'SF000180031092', NULL, '2015-06-08 00:00:00', NULL, NULL, NULL, NULL);
INSERT INTO t_position VALUES ('PS180030519003', 3, 'FO180030037101', 'FO180030916003', NULL, 'TI000180030519', 'CSP', 'EP', 'OK', NULL, NULL, '2015-06-08 00:00:00', NULL, NULL, NULL, NULL);
INSERT INTO t_position VALUES ('PS180030515003', 3, 'FO180030227101', 'FO180030037101', NULL, 'TI000180030515', 'CSP', 'EP', 'OK', NULL, NULL, '2015-06-08 00:00:00', NULL, NULL, NULL, NULL);
INSERT INTO t_position VALUES ('PS180030511003', 1, 'FO180030001001', 'FO180030227101', NULL, 'TI000180030511', 'CSP', 'EP', 'OK', NULL, NULL, '2015-06-08 00:00:00', NULL, NULL, NULL, NULL);
INSERT INTO t_position VALUES ('PS180030714203', 1, 'FO180030003001', 'FO180030001001', 'CS001800307142', NULL, 'CSP', 'EP', 'OK', NULL, NULL, '2015-06-08 00:00:00', NULL, NULL, NULL, NULL);
INSERT INTO t_position VALUES ('PS180030091103', 1, 'FO180030007001', 'FO180030003001', 'CS001800300911', NULL, 'SFU', 'EP', 'OK', NULL, NULL, '2015-06-08 00:00:00', NULL, NULL, NULL, NULL);
INSERT INTO t_position VALUES ('PS180030508003', 1, 'FO180030008101', 'FO180030007001', NULL, 'TI000180030508', 'CSP', 'EP', 'OK', NULL, NULL, '2015-06-08 00:00:00', NULL, NULL, NULL, NULL);
INSERT INTO t_position VALUES ('PS180030512003', 1, 'FO180030257101', 'FO180030008101', NULL, 'TI000180030512', 'CSP', 'EP', 'OK', NULL, NULL, '2015-06-08 00:00:00', NULL, NULL, NULL, NULL);
INSERT INTO t_position VALUES ('PS180030502003', 1, NULL, 'FO180030257101', NULL, 'TI000180030502', 'CSP', 'EP', 'OK', NULL, NULL, '2015-06-08 00:00:00', NULL, NULL, NULL, NULL);
INSERT INTO t_position VALUES ('PS180030705101', 1, 'FO180030341001', 'FO180034603001', 'CS001800307051', NULL, 'SFU', 'EP', 'OK', 'SF000180031284', NULL, '2015-06-08 00:00:00', NULL, NULL, NULL, NULL);
INSERT INTO t_position VALUES ('PS180030714104', 4, 'FO180030916004', 'FO180030341001', 'CS001800307141', NULL, 'SFU', 'EP', 'OK', 'SF000180031284', NULL, '2015-06-08 00:00:00', NULL, NULL, NULL, NULL);
INSERT INTO t_position VALUES ('PS180030519004', 4, 'FO180030047101', 'FO180030916004', NULL, 'TI000180030519', 'CSP', 'EP', 'OK', NULL, NULL, '2015-06-08 00:00:00', NULL, NULL, NULL, NULL);
INSERT INTO t_position VALUES ('PS180030515004', 4, 'FO180030227101', 'FO180030047101', NULL, 'TI000180030515', 'CSP', 'EP', 'OK', NULL, NULL, '2015-06-08 00:00:00', NULL, NULL, NULL, NULL);
INSERT INTO t_position VALUES ('PS180030511004', 1, 'FO180030001001', 'FO180030227101', NULL, 'TI000180030511', 'CSP', 'EP', 'OK', NULL, NULL, '2015-06-08 00:00:00', NULL, NULL, NULL, NULL);
INSERT INTO t_position VALUES ('PS180030714204', 1, 'FO180030003001', 'FO180030001001', 'CS001800307142', NULL, 'CSP', 'EP', 'OK', NULL, NULL, '2015-06-08 00:00:00', NULL, NULL, NULL, NULL);
INSERT INTO t_position VALUES ('PS180030091104', 1, 'FO180030007001', 'FO180030003001', 'CS001800300911', NULL, 'SFU', 'EP', 'OK', NULL, NULL, '2015-06-08 00:00:00', NULL, NULL, NULL, NULL);
INSERT INTO t_position VALUES ('PS180030508004', 1, 'FO180030008101', 'FO180030007001', NULL, 'TI000180030508', 'CSP', 'EP', 'OK', NULL, NULL, '2015-06-08 00:00:00', NULL, NULL, NULL, NULL);
INSERT INTO t_position VALUES ('PS180030512004', 1, 'FO180030257101', 'FO180030008101', NULL, 'TI000180030512', 'CSP', 'EP', 'OK', NULL, NULL, '2015-06-08 00:00:00', NULL, NULL, NULL, NULL);
INSERT INTO t_position VALUES ('PS180030502004', 1, NULL, 'FO180030257101', NULL, 'TI000180030502', 'CSP', 'EP', 'OK', NULL, NULL, '2015-06-08 00:00:00', NULL, NULL, NULL, NULL);


--
-- TOC entry 4027 (class 0 OID 157141)
-- Dependencies: 248
-- Data for Name: t_ptech; Type: TABLE DATA; Schema: gracethd; Owner: -
--

INSERT INTO t_ptech VALUES ('PT000180030064', NULL, 'PT000180030064', 'ND000180030064', NULL, NULL, NULL, 'OR900000000000', 'OR900000000000', 'OR900000000002', 'LOC', 'AVP', 'OK', NULL, NULL, NULL, 'C', 'R', NULL, 'K1C', false, '1.1', NULL, NULL, NULL, NULL, true, NULL, NULL, false, NULL, '2015-05-26 00:00:00', '2015-06-04 00:00:00', NULL, NULL, NULL);
INSERT INTO t_ptech VALUES ('PT000180030065', NULL, 'PT000180030065', 'ND000180030065', NULL, NULL, NULL, 'OR900000000000', 'OR900000000000', 'OR900000000002', 'LOC', 'AVP', 'OK', NULL, NULL, NULL, 'C', 'T', NULL, 'OHN', false, '1.1', NULL, NULL, NULL, NULL, false, NULL, NULL, false, NULL, '2015-05-26 00:00:00', '2015-06-04 00:00:00', NULL, NULL, NULL);
INSERT INTO t_ptech VALUES ('PT000180030072', NULL, 'PT000180030072', 'ND000180030072', NULL, NULL, NULL, 'OR900000000000', 'OR900000000000', 'OR900000000002', 'LOC', 'AVP', 'OK', NULL, NULL, NULL, 'C', 'R', NULL, 'OHN', false, '1.1', NULL, NULL, NULL, NULL, true, NULL, NULL, false, NULL, '2015-05-26 00:00:00', '2015-06-04 00:00:00', NULL, NULL, NULL);
INSERT INTO t_ptech VALUES ('PT000180030091', NULL, 'PT000180030091', 'ND000180030091', NULL, NULL, NULL, 'OR900000000000', 'OR900000000000', 'OR900000000002', 'LOC', 'AVP', 'OK', NULL, NULL, NULL, 'C', 'R', NULL, 'D4', false, '1.1', NULL, NULL, NULL, NULL, true, NULL, NULL, false, NULL, '2015-05-28 00:00:00', '2015-06-04 00:00:00', NULL, NULL, NULL);
INSERT INTO t_ptech VALUES ('PT000180030502', NULL, 'PT000180030502', 'ND000180030502', NULL, NULL, NULL, 'OR900000000002', 'OR900000000002', 'OR900000000002', 'CST', 'AVP', 'OK', NULL, NULL, NULL, 'C', 'R', NULL, 'L4T', false, '1.1', NULL, NULL, NULL, NULL, true, NULL, NULL, false, NULL, '2015-05-26 00:00:00', '2015-06-04 00:00:00', NULL, NULL, NULL);
INSERT INTO t_ptech VALUES ('PT000180030503', NULL, 'PT000180030503', 'ND000180030503', NULL, NULL, NULL, 'OR900000000002', 'OR900000000002', 'OR900000000002', 'CST', 'AVP', 'OK', NULL, NULL, NULL, 'C', 'T', NULL, 'L2T', false, '1.1', NULL, NULL, NULL, NULL, false, NULL, NULL, false, NULL, '2015-05-26 00:00:00', '2015-06-04 00:00:00', NULL, NULL, NULL);
INSERT INTO t_ptech VALUES ('PT000180031350', NULL, 'PT000180031350', 'ND000180031350', NULL, NULL, NULL, 'OR900000000003', 'OR900000000003', 'OR900000000002', 'LOC', 'AVP', 'OK', NULL, NULL, NULL, 'A', 'R', NULL, 'PIND', false, '1.1', NULL, NULL, NULL, 3.00, true, NULL, NULL, false, NULL, '2015-05-26 00:00:00', '2015-06-04 00:00:00', NULL, NULL, NULL);
INSERT INTO t_ptech VALUES ('PT000180032722', NULL, 'PT000180032722', 'ND000180032722', NULL, NULL, NULL, 'OR900000000000', 'OR900000000000', 'OR900000000002', 'LOC', 'AVP', 'OK', NULL, NULL, NULL, 'A', 'R', NULL, 'PIND', false, '1.1', NULL, NULL, NULL, 3.00, true, NULL, NULL, false, NULL, '2015-05-26 00:00:00', '2015-06-04 00:00:00', NULL, NULL, NULL);
INSERT INTO t_ptech VALUES ('PT000180032793', NULL, 'PT000180032793', 'ND000180032793', NULL, NULL, NULL, 'OR900000000000', 'OR900000000000', 'OR900000000002', 'LOC', 'AVP', 'OK', NULL, NULL, NULL, 'A', 'T', NULL, 'PIND', false, '1.1', NULL, NULL, NULL, 0.50, false, NULL, NULL, false, NULL, '2015-05-26 00:00:00', '2015-06-04 00:00:00', NULL, NULL, NULL);


--
-- TOC entry 4014 (class 0 OID 156682)
-- Dependencies: 235
-- Data for Name: t_reference; Type: TABLE DATA; Schema: gracethd; Owner: -
--

INSERT INTO t_reference VALUES ('RF000000000001', 'BP', 'OR900000000004', 'bp-48', 'A', NULL, '2015-06-02 11:55:27', NULL, NULL, NULL, NULL);
INSERT INTO t_reference VALUES ('RF000000000002', 'CA', 'OR900000000004', 'Cable-FO-96', 'A', NULL, '2015-06-02 11:55:27', NULL, NULL, NULL, NULL);
INSERT INTO t_reference VALUES ('RF000000000003', 'CA', 'OR900000000004', 'Cable-FO-2', 'A', NULL, '2015-06-04 00:00:00', NULL, NULL, NULL, NULL);
INSERT INTO t_reference VALUES ('RF000000000004', 'CA', 'OR900000000004', 'Cable-FO-4', 'A', NULL, '2015-06-04 00:00:00', NULL, NULL, NULL, NULL);
INSERT INTO t_reference VALUES ('RF000000000005', 'CA', 'OR900000000004', 'Cable-FO-6', 'A', NULL, '2015-06-04 00:00:00', NULL, NULL, NULL, NULL);
INSERT INTO t_reference VALUES ('RF000000000006', 'CA', 'OR900000000004', 'Cable-FO-12', 'A', NULL, '2015-06-04 00:00:00', NULL, NULL, NULL, NULL);
INSERT INTO t_reference VALUES ('RF000000000007', 'CA', 'OR900000000004', 'Cable-FO-24', 'A', NULL, '2015-06-04 00:00:00', NULL, NULL, NULL, NULL);
INSERT INTO t_reference VALUES ('RF000000000008', 'CA', 'OR900000000004', 'Cable-FO-36', 'A', NULL, '2015-06-04 00:00:00', NULL, NULL, NULL, NULL);
INSERT INTO t_reference VALUES ('RF000000000009', 'CA', 'OR900000000004', 'Cable-FO-48', 'A', NULL, '2015-06-04 00:00:00', NULL, NULL, NULL, NULL);
INSERT INTO t_reference VALUES ('RF000000000010', 'CA', 'OR900000000004', 'Cable-FO-576', 'A', NULL, '2015-06-04 00:00:00', NULL, NULL, NULL, NULL);
INSERT INTO t_reference VALUES ('RF000000000011', 'BA', 'OR900000000004', 'Baie-42u', 'A', NULL, '2015-06-04 00:00:00', NULL, NULL, NULL, NULL);
INSERT INTO t_reference VALUES ('RF000000000012', 'BA', 'OR900000000004', 'Baie-28u', 'A', NULL, '2015-06-04 00:00:00', NULL, NULL, NULL, NULL);
INSERT INTO t_reference VALUES ('RF000000000013', 'BP', 'OR900000000004', 'bp-576', 'A', NULL, '2015-06-04 00:00:00', NULL, NULL, NULL, NULL);
INSERT INTO t_reference VALUES ('RF000000000014', 'CS', 'OR900000000004', 'Cassette-xxx', 'A', NULL, '2015-06-04 00:00:00', NULL, NULL, NULL, NULL);
INSERT INTO t_reference VALUES ('RF000000000015', 'TI', 'OR900000000004', 'Tiroir-2', 'A', NULL, '2015-06-04 00:00:00', NULL, NULL, NULL, NULL);
INSERT INTO t_reference VALUES ('RF000000000016', 'TI', 'OR900000000004', 'Tiroir-3', 'A', NULL, '2015-06-04 00:00:00', NULL, NULL, NULL, NULL);
INSERT INTO t_reference VALUES ('RF000000000017', 'TI', 'OR900000000004', 'Tête-3', 'A', NULL, '2015-06-04 00:00:00', NULL, NULL, NULL, NULL);
INSERT INTO t_reference VALUES ('RF000000000018', 'EQ', 'OR900000000004', 'PBO-12', 'A', NULL, '2015-06-04 00:00:00', NULL, NULL, NULL, NULL);
INSERT INTO t_reference VALUES ('RF000000000019', 'EQ', 'OR900000000004', 'PBO-24', 'A', NULL, '2015-06-04 00:00:00', NULL, NULL, NULL, NULL);
INSERT INTO t_reference VALUES ('RF000000000020', 'EQ', 'OR900000000004', 'PTO', 'A', NULL, '2015-06-04 00:00:00', NULL, NULL, NULL, NULL);
INSERT INTO t_reference VALUES ('RF000000000021', 'CA', 'OR900000000004', 'Jarretiere 1Fo', 'A', NULL, '2015-06-08 00:00:00', NULL, NULL, NULL, NULL);
INSERT INTO t_reference VALUES ('RF000000000022', 'CA', 'OR900000000004', 'Jarretiere 2Fo', 'A', NULL, '2015-06-08 00:00:00', NULL, NULL, NULL, NULL);


--
-- TOC entry 4040 (class 0 OID 157732)
-- Dependencies: 261
-- Data for Name: t_ropt; Type: TABLE DATA; Schema: gracethd; Owner: -
--

INSERT INTO t_ropt VALUES (1, 'RT000000000001', 'Route 001 vers SUF SF000180031330', 'FO180034417001', NULL, NULL, '2015-06-08 00:00:00', NULL, NULL, NULL, NULL);
INSERT INTO t_ropt VALUES (2, 'RT000000000001', 'Route 001 vers SUF SF000180031330', 'FO180030329001', NULL, NULL, '2015-06-08 00:00:00', NULL, NULL, NULL, NULL);
INSERT INTO t_ropt VALUES (3, 'RT000000000001', 'Route 001 vers SUF SF000180031330', 'FO180030975001', NULL, NULL, '2015-06-08 00:00:00', NULL, NULL, NULL, NULL);
INSERT INTO t_ropt VALUES (4, 'RT000000000001', 'Route 001 vers SUF SF000180031330', 'FO180030916001', NULL, NULL, '2015-06-08 00:00:00', NULL, NULL, NULL, NULL);
INSERT INTO t_ropt VALUES (5, 'RT000000000001', 'Route 001 vers SUF SF000180031330', 'FO180030017101', NULL, NULL, '2015-06-08 00:00:00', NULL, NULL, NULL, NULL);
INSERT INTO t_ropt VALUES (6, 'RT000000000001', 'Route 001 vers SUF SF000180031330', 'FO180030227101', NULL, NULL, '2015-06-08 00:00:00', NULL, NULL, NULL, NULL);
INSERT INTO t_ropt VALUES (8, 'RT000000000001', 'Route 001 vers SUF SF000180031330', 'FO180030003001', NULL, NULL, '2015-06-08 00:00:00', NULL, NULL, NULL, NULL);
INSERT INTO t_ropt VALUES (9, 'RT000000000001', 'Route 001 vers SUF SF000180031330', 'FO180030007001', NULL, NULL, '2015-06-08 00:00:00', NULL, NULL, NULL, NULL);
INSERT INTO t_ropt VALUES (10, 'RT000000000001', 'Route 001 vers SUF SF000180031330', 'FO180030008101', NULL, NULL, '2015-06-08 00:00:00', NULL, NULL, NULL, NULL);
INSERT INTO t_ropt VALUES (11, 'RT000000000001', 'Route 001 vers SUF SF000180031330', 'FO180030257101', NULL, NULL, '2015-06-08 00:00:00', NULL, NULL, NULL, NULL);
INSERT INTO t_ropt VALUES (12, 'RT000000000002', 'Route 001 vers SUF SF001180031330', 'FO180034417002', NULL, NULL, '2015-06-08 00:00:00', NULL, NULL, NULL, NULL);
INSERT INTO t_ropt VALUES (13, 'RT000000000002', 'Route 001 vers SUF SF001180031330', 'FO180030329002', NULL, NULL, '2015-06-08 00:00:00', NULL, NULL, NULL, NULL);
INSERT INTO t_ropt VALUES (14, 'RT000000000002', 'Route 001 vers SUF SF001180031330', 'FO180030975002', NULL, NULL, '2015-06-08 00:00:00', NULL, NULL, NULL, NULL);
INSERT INTO t_ropt VALUES (15, 'RT000000000002', 'Route 001 vers SUF SF001180031330', 'FO180030916002', NULL, NULL, '2015-06-08 00:00:00', NULL, NULL, NULL, NULL);
INSERT INTO t_ropt VALUES (16, 'RT000000000002', 'Route 001 vers SUF SF001180031330', 'FO180030027101', NULL, NULL, '2015-06-08 00:00:00', NULL, NULL, NULL, NULL);
INSERT INTO t_ropt VALUES (17, 'RT000000000002', 'Route 001 vers SUF SF001180031330', 'FO180030227101', NULL, NULL, '2015-06-08 00:00:00', NULL, NULL, NULL, NULL);
INSERT INTO t_ropt VALUES (18, 'RT000000000002', 'Route 001 vers SUF SF001180031330', 'FO180030001001', NULL, NULL, '2015-06-08 00:00:00', NULL, NULL, NULL, NULL);
INSERT INTO t_ropt VALUES (19, 'RT000000000002', 'Route 001 vers SUF SF001180031330', 'FO180030003001', NULL, NULL, '2015-06-08 00:00:00', NULL, NULL, NULL, NULL);
INSERT INTO t_ropt VALUES (20, 'RT000000000002', 'Route 001 vers SUF SF001180031330', 'FO180030007001', NULL, NULL, '2015-06-08 00:00:00', NULL, NULL, NULL, NULL);
INSERT INTO t_ropt VALUES (21, 'RT000000000002', 'Route 001 vers SUF SF001180031330', 'FO180030008101', NULL, NULL, '2015-06-08 00:00:00', NULL, NULL, NULL, NULL);
INSERT INTO t_ropt VALUES (22, 'RT000000000002', 'Route 001 vers SUF SF001180031330', 'FO180030257101', NULL, NULL, '2015-06-08 00:00:00', NULL, NULL, NULL, NULL);
INSERT INTO t_ropt VALUES (23, 'RT000000000003', 'Route 001 vers SUF SF000180031092', 'FO180034421001', NULL, NULL, '2015-06-08 00:00:00', NULL, NULL, NULL, NULL);
INSERT INTO t_ropt VALUES (24, 'RT000000000003', 'Route 001 vers SUF SF000180031092', 'FO180030739001', NULL, NULL, '2015-06-08 00:00:00', NULL, NULL, NULL, NULL);
INSERT INTO t_ropt VALUES (25, 'RT000000000003', 'Route 001 vers SUF SF000180031092', 'FO180030975003', NULL, NULL, '2015-06-08 00:00:00', NULL, NULL, NULL, NULL);
INSERT INTO t_ropt VALUES (26, 'RT000000000003', 'Route 001 vers SUF SF000180031092', 'FO180030916003', NULL, NULL, '2015-06-08 00:00:00', NULL, NULL, NULL, NULL);
INSERT INTO t_ropt VALUES (27, 'RT000000000003', 'Route 001 vers SUF SF000180031092', 'FO180030037101', NULL, NULL, '2015-06-08 00:00:00', NULL, NULL, NULL, NULL);
INSERT INTO t_ropt VALUES (28, 'RT000000000003', 'Route 001 vers SUF SF000180031092', 'FO180030227101', NULL, NULL, '2015-06-08 00:00:00', NULL, NULL, NULL, NULL);
INSERT INTO t_ropt VALUES (29, 'RT000000000003', 'Route 001 vers SUF SF000180031092', 'FO180030001001', NULL, NULL, '2015-06-08 00:00:00', NULL, NULL, NULL, NULL);
INSERT INTO t_ropt VALUES (30, 'RT000000000003', 'Route 001 vers SUF SF000180031092', 'FO180030003001', NULL, NULL, '2015-06-08 00:00:00', NULL, NULL, NULL, NULL);
INSERT INTO t_ropt VALUES (31, 'RT000000000003', 'Route 001 vers SUF SF000180031092', 'FO180030007001', NULL, NULL, '2015-06-08 00:00:00', NULL, NULL, NULL, NULL);
INSERT INTO t_ropt VALUES (32, 'RT000000000003', 'Route 001 vers SUF SF000180031092', 'FO180030008101', NULL, NULL, '2015-06-08 00:00:00', NULL, NULL, NULL, NULL);
INSERT INTO t_ropt VALUES (33, 'RT000000000003', 'Route 001 vers SUF SF000180031092', 'FO180030257101', NULL, NULL, '2015-06-08 00:00:00', NULL, NULL, NULL, NULL);
INSERT INTO t_ropt VALUES (34, 'RT000000000004', 'Route 001 vers SUF SF000180031284', 'FO180034603001', NULL, NULL, '2015-06-08 00:00:00', NULL, NULL, NULL, NULL);
INSERT INTO t_ropt VALUES (35, 'RT000000000004', 'Route 001 vers SUF SF000180031284', 'FO180030341001', NULL, NULL, '2015-06-08 00:00:00', NULL, NULL, NULL, NULL);
INSERT INTO t_ropt VALUES (36, 'RT000000000004', 'Route 001 vers SUF SF000180031284', 'FO180030916004', NULL, NULL, '2015-06-08 00:00:00', NULL, NULL, NULL, NULL);
INSERT INTO t_ropt VALUES (37, 'RT000000000004', 'Route 001 vers SUF SF000180031284', 'FO180030047101', NULL, NULL, '2015-06-08 00:00:00', NULL, NULL, NULL, NULL);
INSERT INTO t_ropt VALUES (38, 'RT000000000004', 'Route 001 vers SUF SF000180031284', 'FO180030227101', NULL, NULL, '2015-06-08 00:00:00', NULL, NULL, NULL, NULL);
INSERT INTO t_ropt VALUES (39, 'RT000000000004', 'Route 001 vers SUF SF000180031284', 'FO180030001001', NULL, NULL, '2015-06-08 00:00:00', NULL, NULL, NULL, NULL);
INSERT INTO t_ropt VALUES (40, 'RT000000000004', 'Route 001 vers SUF SF000180031284', 'FO180030003001', NULL, NULL, '2015-06-08 00:00:00', NULL, NULL, NULL, NULL);
INSERT INTO t_ropt VALUES (41, 'RT000000000004', 'Route 001 vers SUF SF000180031284', 'FO180030007001', NULL, NULL, '2015-06-08 00:00:00', NULL, NULL, NULL, NULL);
INSERT INTO t_ropt VALUES (42, 'RT000000000004', 'Route 001 vers SUF SF000180031284', 'FO180030008101', NULL, NULL, '2015-06-08 00:00:00', NULL, NULL, NULL, NULL);
INSERT INTO t_ropt VALUES (43, 'RT000000000004', 'Route 001 vers SUF SF000180031284', 'FO180030257101', NULL, NULL, '2015-06-08 00:00:00', NULL, NULL, NULL, NULL);


--
-- TOC entry 4041 (class 0 OID 157745)
-- Dependencies: 262
-- Data for Name: t_siteemission; Type: TABLE DATA; Schema: gracethd; Owner: -
--

INSERT INTO t_siteemission VALUES ('SE000180030001', 'ND201180030502', NULL, 'OR900000000002', 'OR900000000002', NULL, 'CST', 'MCO', 'NC', NULL, NULL, NULL, 'TEL', NULL, NULL, NULL, '2015-06-08 00:00:00', NULL, NULL, NULL, NULL);


--
-- TOC entry 4021 (class 0 OID 156878)
-- Dependencies: 242
-- Data for Name: t_sitetech; Type: TABLE DATA; Schema: gracethd; Owner: -
--

INSERT INTO t_sitetech VALUES ('ST200180030001', 'ND000180030001', NULL, 'NRO', 'OR900000000002', 'OR900000000002', 'OR900000000002', 'CST', 'AVP', 'OK', NULL, NULL, NULL, 'SHE', 'NRO', 1250, NULL, NULL, '2015-05-28 00:00:00', NULL, NULL, NULL, NULL);
INSERT INTO t_sitetech VALUES ('ST200180030008', 'ND200180030502', NULL, 'PM7', 'OR900000000002', 'OR900000000002', 'OR900000000002', 'CST', 'AVP', 'OK', NULL, NULL, NULL, 'ADR', 'SRO', 750, NULL, NULL, '2015-05-26 00:00:00', '2015-05-28 00:00:00', NULL, NULL, NULL);


--
-- TOC entry 4026 (class 0 OID 157103)
-- Dependencies: 247
-- Data for Name: t_suf; Type: TABLE DATA; Schema: gracethd; Owner: -
--

INSERT INTO t_suf VALUES ('SF000180031091', 'ND000180031091', 'AD000180031091', NULL, NULL, NULL, NULL, 'R', 'IN0000000001', 'IN0000000001', NULL, 'EL', NULL, '2015-05-26 00:00:00', '2015-06-02 00:00:00', NULL, NULL, NULL);
INSERT INTO t_suf VALUES ('SF000180031092', 'ND000180031092', 'AD000180031092', NULL, NULL, NULL, NULL, 'R', 'IN0000000002', 'IN0000000013', NULL, 'EL', NULL, '2015-05-26 00:00:00', '2015-06-02 00:00:00', NULL, NULL, NULL);
INSERT INTO t_suf VALUES ('SF000180031093', 'ND000180031093', 'AD000180031093', NULL, '1', '1', NULL, 'R', 'IN0000000002', 'IN0000000014', NULL, 'EL', NULL, '2015-05-26 00:00:00', '2015-06-02 00:00:00', NULL, NULL, NULL);
INSERT INTO t_suf VALUES ('SF000180031094', 'ND000180031094', 'AD000180031094', NULL, NULL, NULL, NULL, 'R', 'IN0000000003', 'IN0000000003', NULL, 'EL', NULL, '2015-05-26 00:00:00', '2015-06-02 00:00:00', NULL, NULL, NULL);
INSERT INTO t_suf VALUES ('SF000180031100', 'ND000180031100', 'AD000180031100', NULL, '1', '1', NULL, 'R', 'IN0000000004', 'IN0000000004', NULL, 'EL', NULL, '2015-05-26 00:00:00', '2015-06-02 00:00:00', NULL, NULL, NULL);
INSERT INTO t_suf VALUES ('SF000180031101', 'ND000180031101', 'AD000180031101', NULL, NULL, NULL, NULL, 'R', 'IN0000000005', 'IN0000000005', NULL, 'EL', NULL, '2015-05-26 00:00:00', '2015-06-02 00:00:00', NULL, NULL, NULL);
INSERT INTO t_suf VALUES ('SF000180031227', 'ND000180031227', 'AD000180031227', NULL, NULL, NULL, NULL, 'P', 'IN0000000006', 'IN0000000006', NULL, 'EL', NULL, '2015-05-26 00:00:00', '2015-06-02 00:00:00', NULL, NULL, NULL);
INSERT INTO t_suf VALUES ('SF000180031284', 'ND000180031284', 'AD000180031284', NULL, NULL, NULL, NULL, 'R', 'IN0000000002', 'IN0000000015', NULL, 'EL', NULL, '2015-05-26 00:00:00', '2015-06-02 00:00:00', NULL, NULL, NULL);
INSERT INTO t_suf VALUES ('SF000180031287', 'ND000180031287', 'AD000180031287', NULL, NULL, NULL, NULL, 'R', 'IN0000000007', 'IN0000000007', NULL, 'EL', NULL, '2015-05-26 00:00:00', '2015-06-02 00:00:00', NULL, NULL, NULL);
INSERT INTO t_suf VALUES ('SF000180031292', 'ND000180031292', 'AD000180031292', NULL, NULL, NULL, NULL, 'R', 'IN0000000008', 'IN0000000008', NULL, 'EL', NULL, '2015-05-26 00:00:00', '2015-06-02 00:00:00', NULL, NULL, NULL);
INSERT INTO t_suf VALUES ('SF000180031301', 'ND000180031301', 'AD000180031301', NULL, NULL, NULL, NULL, 'P', 'IN0000000009', 'IN0000000009', NULL, 'EL', NULL, '2015-05-26 00:00:00', '2015-06-02 00:00:00', NULL, NULL, NULL);
INSERT INTO t_suf VALUES ('SF000180031330', 'ND000180031330', 'AD000180031330', NULL, '1', '1', NULL, 'R', 'IN0000000010', 'IN0000000010', NULL, 'EL', NULL, '2015-05-26 00:00:00', '2015-06-02 00:00:00', NULL, NULL, NULL);
INSERT INTO t_suf VALUES ('SF000180031413', 'ND000180031413', 'AD000180031413', NULL, NULL, NULL, NULL, 'R', 'IN0000000011', 'IN0000000011', NULL, 'EL', NULL, '2015-05-26 00:00:00', '2015-06-02 00:00:00', NULL, NULL, NULL);
INSERT INTO t_suf VALUES ('SF000180031414', 'ND000180031414', 'AD000180031414', NULL, NULL, NULL, NULL, 'R', 'IN0000000012', 'IN0000000012', NULL, 'EL', NULL, '2015-05-26 00:00:00', '2015-06-02 00:00:00', NULL, NULL, NULL);
INSERT INTO t_suf VALUES ('SF001180031093', 'ND000180031093', 'AD000180031093', NULL, '1', '2', NULL, 'R', 'IN0000000017', 'IN0000000017', NULL, 'EL', NULL, '2015-06-04 00:00:00', NULL, NULL, NULL, NULL);
INSERT INTO t_suf VALUES ('SF001180031100', 'ND000180031100', 'AD000180031100', NULL, '1', '2', NULL, 'R', 'IN0000000019', 'IN0000000019', NULL, 'EL', NULL, '2015-06-04 00:00:00', NULL, NULL, NULL, NULL);
INSERT INTO t_suf VALUES ('SF001180031227', 'ND000180031227', 'AD000180031227', NULL, NULL, NULL, NULL, 'R', 'IN0000000006', 'IN0000000006', NULL, 'EL', NULL, '2015-06-04 00:00:00', NULL, NULL, NULL, NULL);
INSERT INTO t_suf VALUES ('SF001180031330', 'ND000180031330', 'AD000180031330', NULL, '1', '1', NULL, 'R', 'IN0000000010', 'IN0000000110', NULL, 'EL', NULL, '2015-06-03 00:00:00', '2015-06-04 00:00:00', NULL, NULL, NULL);
INSERT INTO t_suf VALUES ('SF002180031093', 'ND000180031093', 'AD000180031093', NULL, '1', '3', NULL, 'R', 'IN0000000018', 'IN0000000018', NULL, 'EL', NULL, '2015-06-04 00:00:00', NULL, NULL, NULL, NULL);
INSERT INTO t_suf VALUES ('SF002180031330', 'ND000180031330', 'AD000180031330', NULL, '1', '2', NULL, 'R', 'IN0000000010', 'IN0000000210', NULL, 'EL', NULL, '2015-06-03 00:00:00', NULL, NULL, NULL, NULL);
INSERT INTO t_suf VALUES ('SF003180031330', 'ND000180031330', 'AD000180031330', NULL, '1', '2', NULL, 'R', 'IN0000000010', 'IN0000000310', NULL, 'EL', NULL, '2015-06-03 00:00:00', NULL, NULL, NULL, NULL);


--
-- TOC entry 4024 (class 0 OID 157047)
-- Dependencies: 245
-- Data for Name: t_tiroir; Type: TABLE DATA; Schema: gracethd; Owner: -
--

INSERT INTO t_tiroir VALUES ('TI000180030502', NULL, 'TI000180030502', 'BA000180030502', 'OR900000000000', 'OK', 'TIROIR', 'RF000000000015', 2, 1, '1', 'TiroirCollecte', '2015-06-02 11:57:35', NULL, NULL, NULL, NULL);
INSERT INTO t_tiroir VALUES ('TI000180030503', NULL, 'TI000180030503', 'BA000180030503', 'OR000000000004', 'OK', 'TIROIR', 'RF000000000015', 2, 1, '1', 'TiroirCollecte', '2015-06-02 11:57:35', NULL, NULL, NULL, NULL);
INSERT INTO t_tiroir VALUES ('TI000180030504', NULL, 'TI000180030504', 'BA000180030504', 'OR000000000005', 'OK', 'TIROIR', 'RF000000000015', 2, 1, '1', 'TiroirCollecte', '2015-06-02 11:57:35', NULL, NULL, NULL, NULL);
INSERT INTO t_tiroir VALUES ('TI000180030508', NULL, 'TI000180030508', 'BA000180030509', 'OR900000000002', 'OK', 'TIROIR', 'RF000000000016', 3, 1, '1', 'TiroirTransportNROPM', '2015-06-02 11:57:35', NULL, NULL, NULL, NULL);
INSERT INTO t_tiroir VALUES ('TI000180030509', NULL, 'TI000180030509', 'BA000180030509', 'OR900000000002', 'OK', 'TIROIR', 'RF000000000016', 3, 4, '1', 'TiroirTransportPM7', '2015-06-02 11:57:35', NULL, NULL, NULL, NULL);
INSERT INTO t_tiroir VALUES ('TI000180030510', NULL, 'TI000180030510', 'BA000180030505', 'OR900000000002', 'OK', 'TIROIR', 'RF000000000016', 3, 1, '2', 'TiroirTransportNROPM', '2015-06-02 11:57:35', NULL, NULL, NULL, NULL);
INSERT INTO t_tiroir VALUES ('TI000180030511', NULL, 'TI000180030511', 'BA000180030506', 'OR900000000002', 'OK', 'TIROIR', 'RF000000000016', 3, 1, '2', 'TiroirTransportPM7', '2015-06-02 11:57:35', NULL, NULL, NULL, NULL);
INSERT INTO t_tiroir VALUES ('TI000180030512', NULL, 'TI000180030512', 'BA000180030507', 'OR900000000000', 'OK', 'TIROIR', 'RF000000000016', 3, 24, '1', 'TiroirCoupleurOrange', '2015-06-02 11:57:35', NULL, NULL, NULL, NULL);
INSERT INTO t_tiroir VALUES ('TI000180030513', NULL, 'TI000180030513', 'BA000180030507', 'OR000000000004', 'OK', 'TIROIR', 'RF000000000016', 3, 21, '1', 'TiroirCoupleurSFR', '2015-06-02 11:57:35', NULL, NULL, NULL, NULL);
INSERT INTO t_tiroir VALUES ('TI000180030514', NULL, 'TI000180030514', 'BA000180030507', 'OR000000000005', 'OK', 'TIROIR', 'RF000000000016', 3, 18, '1', 'TiroirCoupleurFREE', '2015-06-02 11:57:35', NULL, NULL, NULL, NULL);
INSERT INTO t_tiroir VALUES ('TI000180030515', NULL, 'TI000180030515', 'BA000180030508', 'OR900000000000', 'OK', 'TIROIR', 'RF000000000016', 3, 24, '1', 'TiroirCoupleurOrange', '2015-06-02 11:57:35', NULL, NULL, NULL, NULL);
INSERT INTO t_tiroir VALUES ('TI000180030516', NULL, 'TI000180030516', 'BA000180030508', 'OR000000000004', 'OK', 'TIROIR', 'RF000000000016', 3, 21, '1', 'TiroirCoupleurSFR', '2015-06-02 11:57:35', NULL, NULL, NULL, NULL);
INSERT INTO t_tiroir VALUES ('TI000180030517', NULL, 'TI000180030517', 'BA000180030508', 'OR000000000005', 'OK', 'TIROIR', 'RF000000000016', 3, 18, '1', 'TiroirCoupleurFREE', '2015-06-02 11:57:35', NULL, NULL, NULL, NULL);
INSERT INTO t_tiroir VALUES ('TI000180030518', NULL, 'TI000180030518', 'BA000180030505', 'OR900000000002', 'OK', 'TETE', 'RF000000000017', 3, 24, '2', 'TiroirDistribution', '2015-06-02 11:57:35', NULL, NULL, NULL, NULL);
INSERT INTO t_tiroir VALUES ('TI000180030519', NULL, 'TI000180030519', 'BA000180030506', 'OR900000000002', 'OK', 'TETE', 'RF000000000017', 3, 24, '2', 'TiroirDistribution', '2015-06-02 11:57:35', NULL, NULL, NULL, NULL);


--
-- TOC entry 4020 (class 0 OID 156850)
-- Dependencies: 241
-- Data for Name: t_zcoax; Type: TABLE DATA; Schema: gracethd; Owner: -
--



--
-- TOC entry 4019 (class 0 OID 156817)
-- Dependencies: 240
-- Data for Name: t_zdep; Type: TABLE DATA; Schema: gracethd; Owner: -
--

INSERT INTO t_zdep VALUES ('ZD000180030001', NULL, NULL, 'DSPE', 'A001', 'B001', NULL, NULL, NULL, 'AVP', NULL, 'GPS GRAND PUBLIC', '2015-06-06 00:00:00', NULL, NULL, NULL, NULL, '01060000206A080000010000000103000000010000000C000000B2CC1322575E2441C002AB3B44795941AF62CCDBF55E244157C19F7A52795941CEA9A47D2A5F24419210647151795941F71030398A5F244107161F064E79594112A9DCBF0060244199129F0644795941916718C7296024410E7F8C423F79594193CB4E2A2F602441167ECB933879594139674D43FE5F24418BEAB8CF3379594127AA6F01565F24415A659C3432795941BA0508E7CE5E244101BBDC6E3479594105D9CEB5675E24416F8CC1BC3B795941B2CC1322575E2441C002AB3B44795941');


--
-- TOC entry 4016 (class 0 OID 156738)
-- Dependencies: 237
-- Data for Name: t_znro; Type: TABLE DATA; Schema: gracethd; Owner: -
--

INSERT INTO t_znro VALUES ('ZN000180030001', 'ND000180030001', 'DSPE', 'A001', 'B0001', NULL, '1', 'PON', 'EC', 'EC', NULL, NULL, 'SMO', '2015-05-28 00:00:00', '2015-06-08 00:00:00', NULL, NULL, NULL, '01060000206A080000010000000103000000020000001A050000D85BC13E6E9A2441692D021B3A79594162F3ABA65C9C2441F32D29297E7959412F1B2145D89F2441BD90706E9F795941F458173B02A22441EA7154AFE2795941E0A62FE351A22441FAF72EE3F2795941F0441BF7C4A424413DDCF2EFF4795941CE19169FEFA424418BE0FED4F0795941A710746236A524416AC4CC72ED7959416B0508728CA52441443B3561E7795941F6BBCCC4D5A52441C4EE120AE1795941D71098F5FFA5244186FFA7D2E9795941E2A0EB7D3FA72441B1EA9E3A0D7A5941682A4D830CAD2441C12DDCB2617A594164D25D339BAD2441B7FA41A8697A5941325AAC3282B22441317FA176FC7A5941CAAC23FAA7B22441A93A412DFC7A59410015BB463DB82441F05DCB7CEF7A5941650B235A33BD244197AF8762197B59418F8BF54F26BE244141C36791237B5941F8706E2789BE2441EABBA144347B594126211BFE91BF2441A5710B1BFD7A59414EE71DD8C9C02441D59D663ABC7A5941D3463523D4C22441DCD0E80CA07A59417F01D5779CC32441C6CDA9DD9A7A59417279A65E15C4244140F1052B977A5941D81E172D8AC424416E898DCD917A594182B57652D7C42441A01AD9FE887A594175511E91A0C52441927D98956B7A59419BBD77CB2EC6244179A8DC20647A5941BC925C3381C6244181E967D4607A5941155446A7E9C624416F2056B25E7A5941F2FF0A161FC72441D5ADDE435E7A5941BDE9AD7C6EC72441223518AC5E7A5941611ADE048DC724412062153C5E7A5941849B8333A8C72441570BDD8E5C7A59411268F06A4EC82441307A0AD35A7A5941569CBF1666C8244165434C1B5A7A59414E25A59E7EC824414DE350F8587A59412AEE4C6E95C824412D06160D577A5941F358E8AA4DC92441D5C5FE80427A59416354C4CAE2C92441305C8D88377A5941DD74647AC9CB2441A72A8E9C347A5941B1645E9EF0CB2441BD52CBAE347A59418A5FA3C1A5CC244117332BB1367A59414FEC63544ECD24411B3E331C377A5941AF47C0B266CD24417F3839BC337A59412788DD56BCCC244138484FE91A7A594113241AF3DACC244168DD792A197A5941841C02DB75CD24415641FC93157A59418874B55BFBCD24412306092E137A5941D5A1476615CE24411BF8668B127A594136F8861931CE244152EC4557117A594177E8C1BA53CE2441413918530F7A594190E9197586CE24415FACA2E90A7A59412F49885292CE2441D8C07C7C097A59410EA075747CCE24416242950BD0795941160E55F276CE24419007B1AAC7795941087E0851F2CD244124A8395F6B7959417021226DACCD2441AFE4CC72377959415AA290157CCD2441E1D90267287959410DD3BF4C7ACD2441731DFAC022795941BA4E971DE2CD2441C28021CCF8785941DFB0A59ADDCD2441CE45C4C0F17859411AA5710EB6CD244122CBDAE1B37859417A31922FAACD244174C93E33A178594134C98FFA2DCC24411D1B2658677859416C4D7872FACB2441218EA27063785941F641001C2ACB2441E1A47CE53E78594128C73D5276CA24418C093A810D785941E2A243E768CA2441DBCFB7A8047859411F14AF1C60CA2441FA7A51DCFB77594143FA88285CCA24419E2BA0EDF3775941934A7FBE5FCA244196515D27F377594103C599CC4CCA24417DF7BF8DE8775941848CF72621CA244123146F76E2775941F1BDBD13F4C92441863A4BE5E2775941589C398DA5C924411D2C7EABD8775941E4D9186867C924412240D02DCA7759414A51496887C92441CDAB1819C8775941E893BA0BBAC82441FA4646D995775941ADD17240D9C124419F8BAE4A8C765941313C92C6B8C124419185A4D885765941126D7E6C9AC12441CD9E8F0C837659419F165DA568C12441D41733CA7776594162D4509D0BBE2441F82FF06783765941CF4741BC6AB824419D02386262765941791237CF4DAD2441003B4E670B7659418FC1089D85AB24415700E03C067659419B0B771F1BAB24411029D0350F765941E3CE083BD2AA24412ED7EF2613765941294B641E68AA2441835D862F1676594143F21EA961A824415EE16B8D1B7659418790086ADCA32441B39E807EFA755941C39DBCF21FA324415005D3740576594135596136F2A224419287B8970876594189AA2BFE82A12441C9AC5FDF247659414798EB3D4DA1244182D11E0F1F7659411F187897F9A024413D064BAD24765941B2736746CEA02441FF48493927765941A583BF72669F24419B772B6739765941B5E527A4379F2441D90593B53B765941A494ED399E9E2441A2F78E294076594139DFDA576F9E24418AC4E3F3407659410B28DAB54F9E244182D41B2C4176594152D1AAD9E39D2441C8BCF0F83F765941FF0554F0499D2441ACB42D2E447659417A7C2DC8849C244117A747C946765941721A809A7F9B2441D66D438347765941EF1825D8969A2441C709AA3049765941498C5B894E9A2441194D313F4A7659414C1BFEC8179A24413DE8FB904C7659416CEEBA27DB992441C8163FEE507659413A631578F49824418C740B465F765941236DC5EF92982441D4C6FB77627659411D85C83D1298244191112A7C687659419AE8B8DDCF972441FD89F44068765941734B722F2D972441329AEE6462765941602C0418F596244161C978736276594105ABE68A8F96244182134F775F765941B781E6EE0D9624413C8903F660765941F36CFB03A494244188D16CC46A76594131216E6E51942441A4AFE2AE6B76594142B153EEF0932441A38727236D765941B572DBCF5C932441F9BBE4236C7659417575E860DA922441EF8FAC936C765941C8D820674C922441AFFA44276C7659418696F2C243922441747204C26B76594196188692359224414705868669765941717B8ABA1C922441DF0305926476594138E2A5DDE7902441CC334AC72B7659418BCC6C5F078F2441404328CBD0755941900E11EC27882441F7D84854507559413D441FEF178824416FE200564F755941E1965220258824414986DECE4C7559418A339889A788244186CC60F731755941D39C28F6C4882441698DB2802B755941D980DE59C58824413836C6FB2A7559414C22F9E0C7882441D76E0DE02A7559415695F9A62589244136EAEEDE1475594182429FB23D8924415A22F5B10E755941237AC8BF65892441AAF38B780575594135AEF6887E892441ECDF5B0DFF7459411586B6C5A48A244169FA4067B77459419563E02FCD8A244153A40E2DAD74594164AC9565FE8A2441EFAD2F75A1745941412A14DEFD8A24418528481FA1745941EEC23C65008B2441208F2003A17459419F1F8AF2658B2441BC17FD6888745941CD59DBC4738B2441AF62FB4286745941F6C8B0A26F8C2441566C6DF265745941345EA214CF8C2441B17ED02857745941716C96B6A58D2441573452132F7459418F93CDA6148E244125EDA133197459412E5659341D8E244126DA99251874594132479D7E278E24416AE8812B16745941A2004CA3058F24410A33F408F97359418EA5D3170A8F2441E956EEBEF8735941222328790D8F2441D0788DDBF8735941BC71F4E1C8902441B143C3D02C74594143816EB8559124414D2556083D745941121FC8885D9124414994216B3D74594143245917679124418D84B56D3D745941F78189BF6E912441AC76C7D33C7459414161E493E3922441D5490B020C745941A914E24A469324410A6B276AFF73594157910DC8F29324413C767778E8735941D71956ADF8932441A4928B18E873594108E742BF7295244104538900137459419F81D7FF7F952441F13C0CFB13745941E5F1D731C7952441FA1ABEA714745941CA670505E39724415C3119991D74594130CC2BFAFE972441F0CF58441E7459410F9E6B890D982441AEE971AD1F745941FF1C83F011982441076269D71F745941BE7E7D171798244117A3FF9F1F7459411FB880498E9A2441B01C0A58E6735941BC9BED8CDC9A24412E289911E07359413F285784229B244184016C3DDB7359414BFFCD7B8A9B24415EB57AEAD47359419D2D1D41C99B2441C8EA0A4ED27359418668EC81F09B2441BF37382AD17359416CF86F38189C24410FF88D57D07359410E97630F549C2441A278C3A9CF73594191F55509709C2441AE2DAD75D0735941BBD30404819C244143E4031DD0735941F9553C18B49C2441DB459966CE735941458317B3FF9C2441435363E2CC7359418602A5EB149D24419D19ADC4CC7359419CEBA55FA39D244118BA2DCDCD735941A5F8C00EF29D24411EAC9A03CE735941108403A3039E24410756F6B0CD7359416E2F70AE2E9E244133C58152CC735941DF35D6034D9E244196D991EECB7359418DCF2B98DD9E24410FE9C20BCD735941CE48037E489F244154A68C17CF73594163B19D64FF9F2441D947AC15D3735941378CD7553FA02441BB99413BD4735941B52D4CBB73A02441555F8080D4735941C13508EEF4A02441B10D46A0D3735941FD8AD3A45EA12441610D15E9D17359414DEF271775A12441D6682AF5D0735941FD476847F3A12441E00E7DF2C7735941C6735F0B11A224416E4E211BC5735941B61A322A5DA22441AD5CC960B87359419E71A39D6AA22441BA1BE33FB3735941A9FA734374A22441876334F5B0735941E89DF72294A224416E49BEBAAC7359418C046CEFD4A22441A511AE3DA573594189A9F7ACE9A2244118ECE08DA1735941FAD6B9AB00A32441CA4894699C73594150E0FFF312A32441A205A6A097735941D51105EF1CA32441D038DA5E9673594170B0777C65A324410F29FC7A8F735941D311CB18A6A324410E993B9287735941E14AEBD9BBA32441CA7F8D5985735941C70C06D7E7A324410EBD13708173594186A6596443A424410CA007437A7359411C566BF23BA424416D0B410B797359410E27534F2BA4244193B39E0673735941FBD683588BA32441DD3FA02129735941E114719E48A3244160D2D5A708735941690F937DFAA22441CCDF66D6E9725941C4354534DFA22441D5A2F9BAE1725941EB8BC3FDD8A224414DA4EDC2DA725941ACAFC1E4D5A22441D510211FDA725941270E0C8EB0A2244166993CC6D5725941C9C45185A5A2244162A6B2EAD3725941376ABBBD9BA2244126DCF1D4D0725941DEC63DA098A224413559745CCE725941DE64E6A09AA2244160642AAECC725941B498207FA1A224417DB55690CB725941ECE5F8B4B8A22441237E3CCDCB7259415222E96244A22441A3B22BF2B772594170A98A67FFA124419B1BCBE0AF725941AAE49DC904A2244194F8182AAF725941460B8980AFA224411EE126529F725941D09C56BFB9A22441C2AAC9A19E7259412509EEFE4CA324416E5E819097725941F1BC89904DA32441E23E560997725941BE0D46EF2FA324413C9816C589725941BCBEE4E31DA324416FE2CE49837259415CD8786F03A3244165EC5A1E7C725941B31BE1A324A324413BE1646F787259419085DF6B48A32441EBA4D3D574725941060670C466A3244163594975727259411248507913A42441CE635500687259416AA3D87951A42441401DEBBA637259417AD01797D8A4244136AF43105872594147BB91C44FA524410B87132C4972594145FDD4C553A52441CC907258487259416144CC8C39A5244139E28B76387259416A6BF7EC33A52441379089B93672594113BC49D72EA52441B11E6420367259413B7B606FFCA424417CC6D9E9327259419E15DEB8F3A42441BBEC5F21327259417BFC88B2E1A4244191A08CB52F7259413E078FECDAA42441B5650F3F2E72594126AF5342CDA42441CFE32BBA297259411A4B68BCC8A42441524C1CCD2872594131AAED2FAEA42441D0D20D8D2572594183DBDC66AAA42441A464929025725941CC9F956737A42441C8E6AD6D2B72594106E4626F2DA42441F65BF2642B7259411E046B2517A42441264967392A725941C92B2E9C09A42441E3AAA3CD29725941AA2BBA63FAA32441215151F229725941210C22EAE3A32441026389A52A725941C75F38CEB8A324418B5FA38D2C72594120D714384DA32441BFDDFE7232725941AD6F0728FBA2244142B0D09337725941E286AE2BB2A224418B6537ED3972594186101939ABA224411EF0AED9397259412BD0A435A6A224415E9D785B3972594167FC451554A22441A55B2E8C247259417CD21FC53DA22441B95DC1381F725941211A111425A224419C0DDC0B1A7259413011C6C39DA124414D1331B801725941D173618794A12441A5DAF45C007259418C7174CE75A12441B9C730FEFC715941208942283BA1244118B2A8D5F37159415E5555BA0AA12441A9E1178BEF7159419ADCE3DF03A124417F2FBB05EF715941DF642513E7A02441B83C0EE2F8715941EAB74E82DCA024410D271A12FB715941B3A77D65AFA0244109CAA0DD02725941800604136CA024412EBB9C3E0D725941C91CDB3665A02441E78DE8C70D725941E31870B360A0244198EFDF9A0D7259414B29697034A02441ADCB61E508725941F885A8D012A02441956228F005725941226D86BDFC9F2441E17CBC5201725941C64C0D64CB9F24410359F69900725941C2FEDB0CBA9F244127D88A270272594157EADC1BB69F2441EF6E9C660272594158D82FA7A89F24414B747C8901725941F7EC9282A59F2441EB940CA001725941807A6A616B9F24418E798D1D0B725941BF4EF7641F9F2441CEC7E92111725941741934AEFF9E244158137EF117725941EAC3936FE79E2441A645F9E9197259418EE1D633D19E2441087D70551B725941DD2D43D08B9E244170B97EFA1E72594196CB18166B9E24412D9235FD20725941AFEC3E27449E2441172651F523725941B749392F0F9E2441698FE1BA2872594114EF0B73E49D2441130FA3462D72594154C5072ABE9D244137D01ACC2E725941489B65BDA29D244140CE4E89357259414EDA865F8B9D2441B8C3201738725941A3B95544729D24419665AD553A72594121A834934B9D244163A85D253D7259419A242159BB9C24419CFDB04A46725941E6415685B49C24413E30CAF94672594114D76E1DB79C2441A368710248725941B1646B1FFC9C2441B5264D925272594112F78DC5009D2441B8E74190537259416F2AD20C019D24412F97912954725941C5714296F99C244151E30AE157725941DFFB43C1F19C24416182B87B597259417B8A0959969C2441BC76F85D60725941152A7B217B9C244194E124894F7259419010CF6A5F9C2441A47423AB42725941ACBEB147499C2441411538A23C72594125285530209C244191542DC733725941D306B7BB069C244193A49B212F72594105442033039C2441A275AE852E725941304B16A9DD9B24411BF78E4527725941C8532FCAA39B24412770B9482172594129E9513E8A9B24415D1790CB1C7259411BD64515869B2441B22048F11A725941BADCE6A6829B244149DFD9AA177259416A6DD4707B9B244177FA17AF0A7259416FA89D93779B2441E312DE7E077259411E2BE088709B24415E06222A04725941E1B6526B5C9B2441505D6D6E0072594108CD37734D9B2441306D044DFE7159418B327305319B2441BDF1A036FB71594133896104289B2441EA1ABC7FF971594179F1161B229B2441E3C30DC6F57159416877CC151D9B2441ADC355DEEC7159413EAD7E771A9B2441E9DA1B98E67159410F6BD17D269B2441A562EE2ED87159414F53E4A3139B2441B8AAC80ECF7159418C2843FB119B24415CDD43A2C3715941AE7AA0DD139B244104B8DF8EBB7159415341DE65129B24415FC8458AB7715941A454EAC00B9B2441E68FC7B7B471594152B197C7009B24416711DAEFB1715941A7774921C79A244178FD240DA67159413F65A877BC9A2441E206FFCEA27159415598A4B4B79A2441A4065016A0715941BCD528D2AF9A2441F0EE95798E7159414403EA8CAD9A2441C7D12AF48C715941C79ACE909E9A2441B77A1C8687715941F92F66BE879A244115E5328381715941BF36E486739A2441499DC2AA7D715941993F0C054D9A2441353BD79F78715941370B228F329A2441AB6B343374715941F9E8A083299A244110FDFCB371715941555A4B30FC992441FD3A73EF5E7159414BFA77CFEA992441D79E2CA65971594150C22F08B999244159A39AE44D715941B2A33F68B5992441C568C5344C715941EDD579FDB299244112AAD8FE40715941120CEAA1A9992441B548F3723A7159419D60A8989B992441A631E2FD2D71594184A2287587992441B9F76332257159415B810FF57D992441CD283B8B2271594128C65C8C5A992441F40C98861A715941A8248DF83A99244149D2E1E615715941DD0E95CF37992441A56A086D0671594113EA73DE309924413BC7BE87047159415D5E3F6010992441C3510B9DFE7059413DACC2F4F0982441696F30D6F9705941F6721E72BC98244106B303B9F570594189186433A5982441E9B6C906F170594127FEB92498982441C73D3FBFEE7059412F3CBF1494982441830F0A9EEC70594181D40ED39298244132867A1EDF705941DC5D73007C98244154F1F838D9705941BB1D2559D8972441E13820E6BF705941F798FD7BD1972441D8881152BE70594149355855A49724418129D32BB7705941DF1AA8E4889724410B035B22B27059416FC3C56474972441BDD7E2E9AC70594163714ABC1A972441545246F89B705941CFAA6DAB0397244164DF0E0397705941CB1A8312AC9624414FD338A986705941E44F509E9996244106D6328F83705941ADBC49E7929624416611F0F881705941CBEA90E777962441230998587C705941C4D2352E379624414542C9BF717059413979F72320962441E845FD636C70594105ABAB34FD9524413EC4B2F462705941A12089E4DD952441C5B276E159705941884AE0B3AD9524417218BAD94E70594116D4F5288B952441063D7DF844705941922B8FCF5495244111A8821F3D705941FDDB4510499524418CEF3F99387059410512110C48952441E8D7208E37705941DA50EBC349952441D778E09B3570594166B1173D5895244161A37EFF2C705941BDB4DAE853952441965234182770594179B4A6414E9524412628D8E8237059415CE138A0379524416B239B3C1C70594139BF1EC33395244114B55E321970594139C23A5033952441E65CA306167059414B8C0F3A37952441699597BE0F7059411CFD28535495244111D429BD03705941039A37B24F95244177F5A06F017059410C5BE06149952441CFC42D41FF6F5941450E9C5A41952441FBA6DD87FD6F5941636760FB13952441A466638DF66F59410F098BF7EC9424410677596EF16F59419616F9C4979424417FE1615BE86F5941A44D596069942441437834A2E26F59417AF6A618399424416ED19155DA6F5941153290C5FA9324415EC0804CD16F59411AFF4432DB932441E8A9F278CB6F594105AC0150B3932441B6F537EBC46F5941F638BBB9B29324416804E97CC46F5941BE48865AA993244159D1CC55C36F59410A2130809D93244184CF3459C16F5941C6DC9ABE7593244190993A8ABC6F59418C7FEE22449324410234BAEAB46F5941E2E30CA5309324415903E1B5AE6F594140B3B10C02932441C4D43AEFA96F5941045B61E7DB922441DC4D1B4BA16F5941D310C7B89192244121016B13976F5941695904AB8B92244172F98EC2956F5941706A99788C9224411FA522F3946F594168F400FBA99224410B7C85718D6F5941B18B4C46AD922441663602C88B6F5941CB83AEEFAB922441335608EE886F5941ACCF3867A79224412A73E111876F5941FA89C3569D922441BBADB26D846F594120DBFD499392244109FE4299826F5941E8D54CE1929224414359BF32826F5941B25707EB8C922441873E7591816F59419CE8C0746D922441501B09F57B6F5941624BCF3E5B92244188A35D59796F5941D801CE144792244174E96BFD766F59419103D1B8309224418EB902FA746F5941A88A1BA31C922441DC78BCBA736F59415D5EA409BA91244194655F0B6F6F5941B095AF379D91244124FB235A6D6F5941AD9EF4398B912441A3BF49FB6B6F59411946BD6878912441AC24B2F8696F5941452593AC76912441AC77C471696F594180AE987B6B9124417270F71B686F5941C82D55D958912441FB90985D626F5941C54175BF51912441AC2F641D616F5941CF30D1E8FC902441F60556CB576F5941ED8162B4E49024415A3E82A1556F5941DE17CFC0D1902441B0BA8E79546F5941145A6F50BE90244115C4CECB536F5941C40B525B8290244170A3DE61526F594114625C436C902441BE0314FD506F59419A86C1665E902441EE03B2AA4F6F59412736213F259024412D61676B4B6F5941A75C7E250B90244101607E654A6F59413065F5EAD68F244115A05B19496F59410A00AD53B88F2441D0341AD8476F5941203CC4B9868F2441C1EA788C446F59418185B36F4C8F24413047F863416F59411B6BD2B43F8F2441C866187E406F5941F0C48054198F2441EC8623613C6F5941D4396C27058F2441DDBCCBE63A6F5941ED4323DAEE8E244183A8ADCD396F5941C68C293CA88E2441DF0C7885376F5941888322E07F8E24412E9E19B0366F5941FF65C243528E244185506A14366F5941DB05B06C438E2441E264DA9F356F59415FED9E27368E24415E5A9DE1346F5941A0428998278E244146460B84336F59419AF1FB7D1B8E2441A6AD74D7316F5941EA2280E6118E2441739E5BEC2F6F5941F07785E70A8E2441E8D914D12D6F5941FEED9388068E2441B0EE44952B6F5941C9489F97038E24414C50F964276F5941AAA73A4EFF8D244149D2F73A256F5941EF32E207E28D24413DE995C31B6F5941909EA1B5D18D2441EAA2881E196F5941A5983D109E8D24418A0781CA126F5941D871D6418C8D2441AEBFD54F116F5941B1DCE131698D2441267FAB800E6F5941A7B0C777408D244133428DB70D6F594170FF35E72E8D2441656F70850C6F5941138ABF502C8D24416323BBC80B6F5941AFF58A59258D24413BE937EE0A6F5941A668AE6FDA8C244176EB5F71F56E5941A1A1D861DB8C2441551633ECF26E5941EB4EAE12E38C2441A220128EF16E594184DED710368D24419B98AB9CEA6E5941F5B4B073638D244198970E94EA6E5941EAFFAB8A6D8D24412469799DE96E594100371F1A8B8D24415C4C287BE26E5941523B20C28D8D2441F2029BFFD96E59414677CF92548D2441969B5756C56E594103CCE32D428D24412564F6D5BE6E59410924B443288D2441B336C137B76E5941750BFC2F168D2441933E435EB26E5941A92AA8030D8D244199DDD762AB6E5941826FB795048D24410FCA7D68A06E594170D6D886F88C244154F0D4869E6E5941F340EB6EC78C24411EE9F9FF996E59417763A2AE968C2441E20E774B966E59415F10BE7E628C2441B052954D936E5941CE2DFA102B8C2441C049151F916E5941D94C28C5138C2441255E86BD8F6E5941BF9BE6040B8C244111074CE68E6E5941A2FB2AA0FC8B2441AD9C32E28C6E5941C23E7A3BF18B2441B75C408D8A6E5941F4F34598CF8B2441581D96F6816E59412E7D9D7BCF8B24417122EE7F816E59410B6CFBFCCC8B2441A671BB907F6E5941C9E33B93C48B24413C146BFB7B6E5941F97267E5AE8B24417ED9AA4B766E594158DC9842BE8A2441D44E08763B6E594118F8961B7C8A2441248274E0296E5941E44CA162448A244149629554176E5941B2218C7B3A8A2441A55922CF146E5941D1DE7208218A2441C3DB054C0C6E594103BDB0301F8A24419699C5B20A6E59411A1D1947158724411965B5E1916D594124E60448ED84244107DFC5ABB16D5941D375A83354822441F236F57CCB6D5941AB9EA5826880244108F7A275E26D594107F910664B7F24414900D6BEF26D59419C7DE67DB07E2441FABB91CBFB6D5941185B55B8017E2441C85BE1FA006E594102C59A5D967C24414B0564E11C6E59415A317D8B6B7B2441F36A5235316E5941970B76FB6F792441AE06EB635A6E5941562C46E1537824416C8825536A6E5941AB43EB5DB3752441C5600D8F956E5941DF6DE2DC98732441A93B4204B16E5941ED797B545A722441DF08BBBDC96E5941600E8A07D76F244113326410E96E59414D59A1C3097024415C8269A4F36E5941C4ADE04B73702441F027DE68FA6E59413FA33767336C2441AF5D990CB96F59417D859033436A24414BDD34D0AB6F5941D4FC734D71692441189D0495F96F59412BD76A5FFE672441BBFF5457EF6F594105FF1A01C1662441736153FF63705941E66F65767C622441B7BBDC6048705941BF0A96E3B8612441F8C634208C705941428E449983612441FE5C5EFC87705941A5C84151E05F24412F747A396A7059413E9C3F001E5F2441B21BBD4F76705941E6BFA255A15C2441B44E7F98637059419E26197B4D5824412C34999C43705941452271BE6A582441FB3DB05238705941FC05843C97572441547D517CD96F5941DD5E7BDA25542441072F85DB826F594110D40298F25124418076F8AB576F5941402AA6CC87512441AFADF3B14B6F59419B06A3B2454F2441A3C0F878156F5941A02DF8D1204D244152BB1F46ED6E594178B5E063154D24419AD242B1E56E59410244C19EA55324411EB39E8D956D594186917F9975532441250994EE896C5941ED1DA71E31522441A32EBD0F006C5941303D58F395512441484956216A6B5941841966E8D15124414E5E10D1686B5941F2ED2A763A522441C9F7C533616B594142EA748680522441B4E78BC0616B594130C9B93CB2522441C31746B25C6B5941607B5317345324417B9C176F596B59419C80B59B51532441CE4503E6516B59413CECA3683754244112317DA74C6B59413D7BA4E7955424418D1C876C446B594179568036BE542441FDFE9CC2486B59410E05B1F4EF54244144F17254446B5941C3232D12F95424411B57642F376B5941C6F985DB3E552441EEF75D5C336B594125BFAABA88552441C61188C5216B5941BCA107C6C4552441F12D14B5216B5941F48D76E795552441D3478C1F156B594120E01E689F542441B5FC99AA146B59418D41CEF9215424417A3A1BD41E6B594167389C9919532441A9A6FD5B146B594182F946AC90522441F5BFE8D11D6B59418D741AEC1252244176FE39F7226B59417589EE9BDE51244135880A46186B59417099D357725124417E65C9B3216B5941C51973F23251244156C09DC01C6B59414E1A7EC6C65024414E367C9D276B59414BA3B0D36A50244163F84A21246B594191B652A60F5024417628271B2C6B5941C199E21EBF4F2441E1FC0DE4276B594145F72293244F2441B8D74FEB2A6B5941DAA606003A4E24419C18409D316B5941DC57F318DE4D2441301954D82E6B59413D8C167B7D4E2441AE7459321E6B59419B0E4BA76B4E24411D0AF7E6146B594163438853494D2441522F6395326B594147F3DC1FC54C2441E0A2BCFD2C6B5941397D0740254C244167995B79366B594139F9E8E57E4B2441C443AB7F346B5941B07F0EB9F54A244146BC21603A6B5941FACA3963B74A2441BAB89A2F456B5941AD43C689454A2441CE317EC5506B59416AE382BB8D49244120FDC23B4B6B594167FD02D9F24824417A7EE83E496B594102B3AAA964482441C0EBF3DF596B59415C648C4CB64824410E1FD0906E6B594146D2C8CC4F482441B12340B4786B5941703ACE2605482441D967B4A2766B5941F80A369BFE46244149FD3E63876B5941B3B02F4964462441880628008E6B594133D6B0E684452441997DBC62906B5941C64F6B5A4C452441E25948E89B6B59413FDB6374AC4424411F0B96ACA46B594106D764A51144244133BFE61EA46B594136B4219B0C442441320F7828AE6B594165EC7B23B743244122498520B66B59410B05D3B7954324414540007EC46B594108013E962743244184A457FACA6B5941B06596A93C432441AD5EEF32CF6B5941C15353A03F43244116B06329D06B59416212A286404324414CE3F06CD26B5941FA060196344324415D257661EF6B5941DA7874992B432441FF211BBFF06B59419F8293B91A432441FE4B0AF1F16B5941E89C09BE18432441C6C5A9F8F06B59417CFB1C8817432441F1B6CCF8D66B5941750258430C43244153AFC608CE6B594128A40A2C0943244199330E43CD6B594184954D7C0543244182D2C125CD6B5941518AE3A099412441EE2A8F1EE36B5941EA34C0734A412441148D5FF7F26B594153899FEDF1402441E83FFB58226C594183CDAACD74402441F30409CF306C59418D6D6ACBC33F24414BA274063B6C594196209F0DDE3E24414444631A346C59417E23046A993E2441CB67B552366C5941F456573D543E24418A2933AA306C5941E765888F9C3D2441FE10758F2C6C5941AFC018856F3D2441C3F165C9386C59416FB79786F13C24414BFCE5593A6C59413D08166DD03C24414D90E2BA4D6C594112BD1F96F33C24410A3A4328596C594186BE0A499E3C244189017147636C59416B05138BC13C24413B855623706C594152B415B86B3C24413806DD60726C594178C64461FE3B24415701FA0B6C6C5941D4DA8B3D7B3B2441E50DDA36766C594157F7CEC5133B24415274AA05726C594162F382A76D3A2441DE0ECCA1736C5941F1A3BA0A823924411A2367906A6C5941FEE8740986382441AA561AB26D6C59410283036C2D372441034ECD4E636C5941DC1B71EFF13424418F64E3FC7C6C59418C4712F5683424418279F9BA856C5941A7C7AE7186342441C7D7B3E0916C5941BCB109B85A342441E40FDF72B16C5941AF77E5F20A3424412A9FD8B2B86C594176A043E1A1332441FA490622B46C5941A74CBB6D83322441A18FA76CB66C59415E2E4C69743224416CA5B4DFC36C5941C119DE663532244183D1B9E3CD6C59414B6B7A8B37322441CDD6DABBED6C594120A956430D322441A93AE12A046D594131BFA15AB7312441E722483D0C6D5941353EEE35B03224416397EFFD3B6D5941607878089E332441D921C3EB596D5941529BA5CC3C3624411BC86E569E6D594189E798B0E7372441D64BA833CD6D59414BA6AA98993824414EB8648BD16D5941A2B64CB2D23824413F2B0491D26D5941D86AB90F3C3924414E9EC42AD36D5941F37E142B893A2441045C0805DD6D5941F35EED2C903A2441801E653DDC6D59413564B1DCC73A2441ED198555CF6D5941244048E4CC3A24410E6F0386CE6D5941B3A14325D33A244175B9F336CE6D5941B57C69FADA3A2441451E00B0CE6D5941F59D06BEDB3A2441943AEC87CF6D5941AD7F5CF8AB3A24418A03D857D96D5941D64155A0963A2441A7312E6EDD6D594162619C7BF238244128D49FCC296E59412643EBFBCB3624419B78B6D18E6E5941B6F5DA45DD362441C93093048F6E5941AB5A973B2236244188733136C96E5941D4011C4B283624418400BE6BC96E59414B53F889DD35244126BEA2FFF56E59412790366DB7352441DB9275A2F46E59410323904684352441BAAB8E8B186F59414D60F92A72362441B6D54EF01C6F5941CC844B184D382441CCC6905D326F5941B7BE42BFFD3924412CD2B8B2486F5941BA9FA859E03A2441A02979FC586F5941B2DF1B14D33B2441D96E49D4646F5941C590D2B5243C24417A0575016B6F59414BE45533E33C2441E88099DA706F59411E4D29C4CC3D244190493DFF816F5941023A90C4003E244196D3FC6C846F5941B38F7414613E2441ADD15A448A6F59414F12A099203F244115358EEB926F59417A736A9E553F2441C2EB6B82976F59415E9BC330DC3F24419EE6D216A16F594197044A690B40244193EA4B76A96F5941B18256713D40244144FE174AB56F5941C916A7DF77402441CE212BF7C96F59415C34628B11402441C6AF6686D16F5941ED2000AA1F402441901EDBD4D56F59419F4DB6DDFF3F2441DCF47B59D86F5941BFA417051C40244144274EC5DF6F5941D42F1FE0AF3F2441552992AFEA6F594198685ACE274024415F921BAC0170594114DC921A71402441E00A11650C705941746D4136AB402441FF010E930F705941070E589707412441372BD65B1B7059414D0A494C3A4124419B2C126024705941B09D67BDA2412441CCA09A1849705941C7A3FD626241244104F1CDDB4F705941022343B177412441242F0D3965705941B41C26BAF44124413E5912577B705941BAC20CD2F5412441073A2FCB7E70594128D27EBEFC432441BCAC6B3FD370594107066AB0C64324417DA8A4D0D8705941B2FE55D383442441BCD87017FE7059413E832607FD4524413F9448CEDE70594177B9730A4C4624410B82DA01F1705941F7DB66598A462441F9E51BB5FF70594119CA11726B45244151BDC1BD18715941DBF143B4D8432441B852CAE23D715941022B6E1B67432441227482E32A715941A01DC92C3B43244129F74A0720715941F66238621A4324416A0066BF1371594111320B0B8A42244101C27FE31F7159413EF61BA66C422441F3795B981F71594112D2064DE3412441410F6FEA2C715941A3A18C966B4124413B60E4F318715941F50EB8BB41412441AEE23E61137159416376BE9F1F412441A9351C270D7159416A5EA71DD1402441339D5D00027159419CC381774640244173E5C93FEF7059415391378DC33F24414E6AC6F1DB705941FDAA36F2503F24414E6D5592C6705941BFE76824B13E244179519A6DBA70594140FD48B4983D2441287E39DECC705941DE077F21643D24416D16D3A6CE7059416FDC0885543D244143D295CDCD705941CB422F9E373D2441CB05DC11D5705941CDE80AF1373D2441F2923DB6D9705941A925EADB323D244117EFA656DB7059418826AF51103D2441B6079EB2DB705941C20DCE43933C24414A2655D0EB705941732895E1603C2441653BAEFAE77059418322BD433E3B244137A390FB097159413B9CE317A83A244114253E5E197159416314DAB8B6392441DEC4631B38715941F430437745382441F21AD4E7697159418C6E15C8CB372441ED1CC9E57C715941F176AB95CA3724417E58D5BE7D7159417AC501FF6037244107C0CBB391715941DECFA6CEB93624411B5E66FBA67159411B0FB3BBD9372441BC2A42CAB8715941AC6D2F3ADD372441CCCC2C36B9715941E5186781E0372441066D9737BA7159414A6AE9D9E9372441584A5857C17159411A74BD33003824417EC885B6C8715941B07C21411438244168B2917ED7715941D0B0A2C82D3824415512C351E9715941620694A7513824412A7F7D75EE71594199D9C2848B38244101C3B134F8715941E4641D0CCB3824410150690B0372594120E40B062F392441700C077113725941CB00280345392441BA22B38518725941EC9F98B9B93924417D90EED23872594108C43146B13A24412C84832A7E725941D1A40C6AD03B2441C6EEE50FC172594158E845ECD73B2441BD3C8761C3725941CCF93932B53C244114323EBC4073594186EE1A8BB83C2441DAD80DCB417359413E08BE266A3C24419E28213777735941B1A9D568E13B2441EA794ECCAE735941BE5F8B66E23B2441635C3252B2735941D64E5F36CA3B2441257BD5D1BE735941FBFA5118713B2441DEB79A22E573594127D7B1F8693B2441EED21145E773594154C5637F5A3B2441A55446F5EA73594186EDC11E193C24418F24589C2B745941E8479E51333C244180A3466A307459418710ED293B3C244194C0D6B032745941A9A1E29D553C2441A46825603C74594166C22127C73C24412476D61F6474594146ECF3FD183D2441492F354180745941C9EC87256A3D244144179A329D7459415C3538CAC53D2441C8B5F302BC7459419C34A14BAD3C24413547495ED47459412EB55B0D8C3A24418D0D32EC03755941EC2B41457A3A244130BD0BBF05755941DE7C6DDD753A2441C38B71EF067559418BA6FBF35E3A2441928CCBF60775594187972C84F1392441BC9F6B911175594109461CC790392441D769144C1A755941E9C15BF4643924415DCB58F71D7559419F1D22D35D392441EABABE901E755941FB3D4D7A4F392441C2FC361A1F755941AED72E3DBF382441968F513A2C755941F04C03B696382441BE0934A12F755941A3C75DA60E3824418D6E2B4A38755941EF4E22FF933724415209207A41755941C60CF38F0937244189DF566A4C755941BEDEAB132B3624414D2009A75C7559414E0328EFF8352441764508B460755941AA2ED1B8C53524411F643E66657559418747A3F8BD342441E016F9D779755941B48D561A9B342441224DBED77C755941D339890390342441E78C74A57C755941F4ADE6318C34244114DC0D077D7559419279FF637A3424411007817C80755941842B47D1773424418C6B5202817559412229A75875342441BB1F592081755941843BFBA36434244146E6998184755941004305425D34244196048C77857559411BEFFCC84E34244125C733E985755941B0CA091C4334244186E1870787755941147C6432013424412DDD43DE8E755941F76D0D78DC3324413E8810C192755941636DDE7A483324410429496AA1755941E443CB4104332441215F718AA975594116C04C14CD3224417EFAF8B6B07559416F910A8CB1322441F277E934B4755941F559534BA5322441DD6356ABB47559417F6B5D10DA3024417A5F24EBDE755941962CAD7FC2302441D9E52EA5E0755941DC22965E3D2F244103658D1305765941AF30A206432F244131C620A2117659416D08F876482F24412AF438D21B765941D9D87F82562F244144C666E9437659415341CADF542F2441878374A744765941F0FEF1AC572F24416E1F5F324676594124CD8CA36C2F244177200E457A7659414F569C5B702F244153D74B508376594195E10079782F24414838AC6B8D765941025A6FB1802F244139D85FF09676594151600A45912F2441B2859A60A37659419377F9D342302441D94BB13F3C77594111B189484330244178B1698B3F775941F80BCE343C30244120DF5A3A51775941B067662833302441ACE23C7D68775941EF7A404AE72F24414536A3650F7859417E3F1EC0E32F24412776A1C812785941E6EFD148E52F2441F2F73A3F13785941683F8C48F52F24416A999817157859417F7F7A9D0E302441930D7D5F1A785941FA37DDED203024415C273DB31F7859417C06EBE53030244189D867B925785941733E554D343024417DE1290B26785941739EF39656302441DCD1798D32785941A662463296302441AC3782FD457859410D84310C9730244184337FEF4678594186113444EF302441EC5DE8ED6278594181AC915EF0312441936F263099785941467E0246203224410D37B1A6AF7859418B32CA493C3224414B7E55CCBC785941B42C98DACC322441A84956BEEA78594192A365A5F7322441888E622C1279594129A0F2A92133244151476C2D167959418D4112E59B332441BBF03DD32779594132B3FD9728342441D09732C4327959415573FE8EC8342441B89006FB3B7959414769906E0D35244129DC335C4379594170AF96AF51352441F093464C4D795941C3D13E957835244176A289B650795941C4EF721A093624412F05C6BD507959418ABE403F1F372441E23977004A795941FBC8B248893B2441F08C48D461795941DA9918DDBE3B2441D60CA46A5F795941E49C8105D1412441FD39EFBD49795941A32CA19FDE4224416FA5B1FAF679594160918DA5F84224418EAA6101087A59414F83949BE1422441AA3C1C02117A594148BB6D83DD42244123FC919B217A594118232B45EC422441D9004717337A59414412F6A0044324411AED1B033B7A5941645AC3EE07432441A4947EDB447A594115E313EC9F4124410A1FABF3DE7A5941AAA7A815044024412B7649418F7B59413B21428709402441B8E7A64F917B5941A8C81979FB3F2441B1E6D737927B59414F57453CD93F2441C53576C7A17B5941C69FBF6DCB3F2441798BD6D8AF7B5941982EC7E2ED3E24413DD73108D17B594172C34EEADC3E244158C742CED17B5941F8E98B04CC3E2441DFE2B9BDD07B59419CE440F9123E244192C13805E97B59413143E2EE583D2441A3479E57067C5941AB9B497F213D2441F2A45FFC0B7C59415F2D525C0E3D244140C879D30B7C594142B7BB64983C244154A3E349167C5941FFCCDB95643C2441F64473831D7C594123004C06643C24415E34E55E1F7C5941A180B0182A3C2441B9D75E9D247C59411FE20F8C073C244151BC5C072A7C5941D306390BBB3B244125D1C5E52E7C5941E463BBD96C3B24415305C1B3397C5941E7B8F8AD213B24413D0FFB7C467C5941B9715551103B24418C9E0C8F477C594162F799C6023B2441B65458FE497C5941105705670B3B2441FE6565FA4D7C59411B5010BFEE3A24415E6B601E527C59411EE6349EA53A24411F5A38475A7C59414D7C08CE9C3A244184AD6DA95C7C59417FA9F91B773A2441F522C29F5E7C59413931F760143A2441B5B5BA816A7C59413EE94F56EE39244137B03C3E717C59413242D16B67392441D6B3DED9827C59415D04D111523824413156BF989F7C5941D66A25A7463824413BA8DE5AA27C594194C2DC2B063824414AD3E4A0A07C594183D76EA5FE372441D9A175BFA07C5941AAFF6DF900382441C7C4AD41A37C59419F5F46DC273824411A520811BC7C59415A9AAEC9623824414624C9A5D07C5941C68DDDEF9F382441CB3B0750F47C594102D969F9EE392441361E91E94E7D5941C5DD0EBCFC3924410D785F8D5E7D5941203B0599473A244189B834AB607D5941521DC6057C3A244176ABC97A647D59418E85964D833C244133662D50AC7D594118E51FB68F3C2441E605D265AD7D594151AE38E6F83D2441515800A1A97D59410E8D995CED3F2441E878DEE2B97D59413D16C7B460422441F2F8BA6FD77D5941947C7E576842244159DB1411D97D5941393C2D6A2D422441BC87A76C107E5941777B4BC8264224415ADA89C3A67E5941F04C9EDA1242244119A2BEEDD27E5941CE5A78A514422441EC97F5F4DE7E5941C7AA4C3D2F4224418930696AEC7E59414CB12530534224415D6782BDF97E5941AEF1ED2A8C4224411F9D45C0047F59415C9C6A1F5F4024418DD56F59C87F59418E9963247340244140C37892518059417BEA1442B33F24415E95D489C480594182E958A2BB3F2441E58A72A6CB805941D7224305404024416C0B59FA0581594177CE885F434024411709DE360B8159410CB9BAC728402441A04418B21181594113BBE8179E3F244124F6E49326815941B63CC8D83C402441B0DAE9B344815941F27E54DD92402441387D8C3E4D815941FC1B69FF684124410AC4C0418E81594187A11C919641244128B17DE098815941CAE3E83CB4412441F9D2C1379D815941EB64B107894224412A5F64ADF4815941FECF2B8CB4422441F3BED45D18825941482A4A00C242244152EE7D571B825941AAEC7C0DF0422441D2F057673E825941B5784D5C3D432441234FF53064825941F24646A25143244153D0D4EB68825941496B620C5D43244122FA195869825941974DF9E0794424414D3679795C8259411C66FB9B33452441DDF473FE55825941BA963EECF7452441136E1D8B51825941CE2DCE98024624415BE9C6AB528259419AAB873EAF462441EE369B054E82594123FC6D67C44724416DEE373C4D825941F071070D1B4824411684E3D64D8259419E04E0D662482441DC1C8E6D50825941DE404A0A0C4A2441FB2FD2A333825941C95C15992F4A24417EB686D03082594188B151122D4A2441382FF8C92E825941B8EEA6B3B34A244110F7B39225825941764E16773E4B24416C8597DD1D8259414016D196594B2441577F9C121F825941407EE90D794B244111A015271E82594183D92B16B14B2441719C484618825941CBBC0AF5104C2441FE0BAA0F138259418394D79DC34C24416BD088CA168259412AE62B15EE4C2441279F9CA6198259419AA0FC14FE4C2441072922CA188259413683A46BFF4D24417E98E951098259414C02CCC8454E2441D7A732E7F8815941A34EE0EB414E2441F6283A63E88159414AE6469D4B4E244132450019E0815941A523775C894E2441A84701EFD58159414530AD22B34E244169DFF42AD181594139878575914F2441B721D943BA81594164E7F80FF94F24410A42D968B18159414896E4A231502441F0C9D2D8AE815941AFEA948155502441E010086CAF815941228D9BDF60502441E017A590AB815941F4013C263C512441648F5EB4A8815941498DABE387512441FC0E2890A58159411D6A1F33325224418A741281A681594162115019C5522441DA57F265AE815941A17FB134F6522441593A2738B481594117C92AB4415324419C0F2348B88159413CD2768A9653244108856F85BF81594119089214FE5324410569F9C9C381594157E2084619542441EE63E16EC48159411428F6502B542441C9EF37DEC1815941A44C57244B54244135D8030795815941162263C37E5424417D46478686815941A8AC9421C8542441148420847F815941B8A1C1A63455244161046C4D7A815941C42AEA3ABA55244169FBBADA798159414008E3E37856244186E965AC7B815941E889E3ADA356244132C3D90979815941E2B901ECD656244191391FD779815941A5373348E85624416804340F78815941F83C7B0DE6562441625F9599758159415ADD1ABF635624411D117C3B648159412BDDAF8D415524417F1F9F314D81594169F92093B2542441F6CE9B9F3F815941682E23509E54244115BE686C3C8159413118DB3C9D5424419BC37F133981594101F21186C8542441FF88931732815941C5A526531A55244176590DBE2F815941B22B78A0B1552441BB99ABBF2581594187E5EEA751562441550DE9AE20815941374E31C0CB5624418488E02121815941A421927BD85624411CDA4822228159414C4EC826E2562441C37F310D1F81594186E7A51AD75624417E4B296D1A81594147EA72A6FC552441C8EE73FCF7805941228901AFF4552441B0D2D0BBF5805941CC0A0EC8F755244152DCA11EEF805941AC8695F903562441A087697DEA80594199BB8BB125562441372C9A87E4805941BCE9E6A7F1562441D36AC5B6CE805941B598C080E4572441646CD9E7C9805941F85267ABA4582441237DD84BCA80594137D2F948AD5824412EAACC73C980594165736B9DE7582441E1719BC3BE8059413103FFED0758244119A1466191805941F403C3D2165824418A9DC1CF83805941F2718AC41F582441C4CDCA6A828059415A0B5743335824410F60687082805941218D724151582441489161E583805941E66F0A14E4592441F9BCC0815C80594109845D9B1F5A24413F9F716B558059415354D46CED5924411E35870148805941737BDC9793592441AEC063783680594160CD0A8B65592441C022B27930805941DA02AF2D2259244115162206138059419106CB15C75824412C75826EF97F5941B262C774BB582441DA8F1C1DDD7F5941896D06EE9558244133E365D2C37F5941E0901C0E8F58244148E77CBBB67F59410ACE673E9C5824419FD50FE5AC7F5941D24105F253582441328109469A7F59417F6BBE3531582441B2DE26378B7F5941BAF65ACE13582441BB698A96837F5941AC740E7DFD572441A2B1F1C67F7F5941F79FC0F3CD572441A6D76D0A7B7F59417C2C68819F572441D58C881F727F5941A9FCDFC5A7572441C88477AD6A7F5941D6F5700ECE57244138A38558627F5941E8ED7B7AD35724411ACB7DFB5B7F5941C8CB983F0958244103C26DA84B7F59410CE133CE755824418F6EE00F377F5941E4EF4F91D7582441B8F974D0317F5941E30A884670592441EDAB424A237F59413DCFA841E1592441F15E7C381F7F5941ED5B8BD8595A2441A01DA66F177F5941C1601C24A05A2441E72D91C2107F5941EEACF2CBD95A244131F06E66097F5941757D8581225B24414953C8E6F67E59419C35A2F5675B244166064C43EB7E5941C6594E80695B2441B735ACC7E27E59411D772225825B2441D971642BD87E5941AC005CF1815B244198686BE4D37E5941CD62B9829B5B24412D42EF70D37E5941F6F0ADE2E05B2441E22B5882CB7E594142215F12085C24413A5599A3C87E5941946C138BCD5C2441E9C536E0A17E5941180D3AD2E15C2441D81576538B7E594145AABF01035D2441C7FB748D7F7E59416054DBD0935D2441B1399F6F6E7E5941EC0852B9DB5D24418F90707C617E5941ED53DD98095E2441F66785DA507E5941459317FB055E2441034466653F7E59419C9E46191E5E2441151E5332377E5941286E309A5E5E2441C4CC65D12F7E5941B71D8771895E2441E453F6A1257E5941FBC0EDB6295F24419B3915AF157E59414182A330635F2441FE3491B5157E59419DAE2AEF705F24411AB9E56C117E5941CB5AB27E925F24413D4C358B0C7E5941B661402B845F2441C18C3761097E59410B52A88A8A5F2441E503C2E7057E5941EEDB6B5DBB5F24419B8F8A74FF7D5941DF6CC3A325602441583B7CEA007E5941948B74A54F602441809AAF68FD7D594124263BDA536024417C2942E2F27D5941FD72791570602441910D4D29EA7D5941FFC4E0389160244122104DC7C57D59415C68C2116B6024413C92E796B77D594155F51C07EA5F24413974A976A27D594149950989735F24414BE93163847D594130F1B7C74F5F244193D180AB727D5941A7D9D9B74D5F24416F0622E16B7D5941A42A4E2D5D5F2441821C133B687D59411A657859065F244101637B546B7D59416683187AD35E2441A84E9FB36B7D5941E72C822A805E2441A4FEFF66697D59414D5ADF043F5E24418C75F5FC607D5941B6FBC6DFFE5D2441CBD1B57A4F7D59413759CFE87A5D24411BB045B8487D59415BFB65E3BA5C2441DCD3F6F8447D5941D74D0F82965C2441F6B5A244437D5941C0D931921E5C2441AC619A22397D59419293ADB2E85B2441DAE42939367D5941125278B4365B24419FB066F1257D59417AA34C415E5A244121BE9E5F197D5941E59080AB045A2441B20CA3600F7D594180A3415CB75824410A397C94FF7C5941FD3CDD2B45582441A7FC10A3007D59410D35732AC457244105932B42FF7C59412FDB6A075F5724410157DB37FB7C5941FACB837D445724414B08B2AEF87C59415F1EC1AA445724415BC8C35CE47C5941DBF9FB9111572441623709ADD07C5941D0F112587F582441DE1BB412977C5941E8DFAF49D65824414384B1018C7C5941ECE83597495924418F77B5F1807C5941A6CE68C57B5924418DADC74E7A7C59411E91885999592441A639A3D2737C5941E2557E14AF592441DC795831667C5941806F4DA5B15924411E5DA2645B7C59416151A93678592441A19193F4347C5941E52B85BA7B592441144283DD2C7C59417250C358755A2441A4F3EC03B67B5941760FC09D195824410D5927A5897B59418E54940156582441E42A05E7817B5941EED516623E582441638311BA7E7B5941DEE96C6FDE552441E83AD54B357B5941F8236454D3552441DB021F77347B59414142E95F30562441D1238AFA287B5941EB9460469256244162FEE3891A7B5941A06DD004F55624417A3055150A7B5941AFB67C5B3A57244107410877FD7A5941A20704A1B6572441414023E9E97A59413457DD246058244157F03818CD7A5941A425455E135924417C678DBEB87A59416C966818B85A24418B58000D787A5941E016FE38C25B2441677922BE067A5941963DB77FE75B24416110EFC4DF7959412F4B06A1E75B2441B628B94ED8795941D6C68780DA5B2441CAE7EEEED0795941BECFB785B35B2441744DEE1AC5795941F1C05E04EC5B2441149EFA5CC07959413608A24D5C5C2441221A5097B37959414681C8537D5C24416C605287B0795941A196ACCD975C24412C1A80D8AC79594188B91F394C5D2441E86BA566C079594118A95DE3725E2441569F67CDD979594195548CB5D75E24416AC5B3709B7959418D4E216CF85E24412A3FE34B9D795941691EDF8C295F244163E244AFA1795941D762A953605F2441F3F6D7F1A6795941F8D8C8D47D5F24415E413F84AA795941F71A8736B35F24418DFC6C00B279594149597AF6E65F2441DF1DF62DB77959414211CF4B07602441DF893A9CB9795941CBFEB257346024418A8B09ACBB795941715A6281A8602441FB6CCD1FBF795941E04BC93AE26024418C662C83C2795941802D4CF0296124418C6ACDCAC879594140B98C3059612441E4E4382BD0795941825CA7575A61244135C81559D07959411DD6C39C716124416BF33D28D57959411D4C8D677461244156033E38D5795941737C567681612441E282F50AD9795941C473E54A8F612441F9EDB662DE795941C59FD8C2B6612441017E6C1AF079594111CC1F07CF61244106B3C60DF9795941A488B3BFD6612441B254CD2DFB795941F2EA806DEA612441771FAE48FF7959415E199AC13B6224411D139C3B0D7A59416CC8A3685B62244198B718BA0C7A5941A2BBC0586B622441C586A2BF0B7A5941002F42520A632441F8823A84FE79594151A4EB600F6324413D88D2D5FD7959414CFD57711B6324410EBAC02DF7795941C3262EDD21632441586D2651F579594112808CA1286324411EFF47D1F57959414EDCC8938F632441FAD1A550047A59419E5CB0C0B86324414FA598900A7A594151B8D5123C642441DA61752C1B7A5941E4479BF77A642441C0790B52247A5941257E11869664244147690B9A277A59418321F3E7C364244108FFF2C42B7A5941F879B2FE0D652441DCF96B6A337A594181E5C0303D6524413B1A4462377A5941932A922BBA652441F5DCD63D447A594180F51954FB65244173BE2D704A7A594149DDB9B545662441F4E438B6507A59414AA962A3F366244126E386795D7A5941814FCC3D30672441AE25276B637A59413FAA408FAD672441717B9103517A5941A3D0A9510968244193C1C5835B7A5941B501F22A23682441124174015F7A5941C145B6C145682441D225DEAC647A5941287D669E9B682441C1068A84757A5941D8D256CFAD6824414CF5754B7A7A59417E0C02FACA68244167A03D96867A59410FE2689CE768244195D08B5C7D7A59414F89FE94FF6824411F9D9715777A59410DA844DA23692441BE933A5D6D7A5941BC2F111D32692441A4AF2D536A7A5941E031C0E7A1692441C8C20644567A59414C155BECC0692441AEE59DF9517A59419B4FD4251D6C2441697E5855067A59415A6AA5B2446C2441E1AE2216017A5941AEE2E307776C244129F26D22FA79594104E9DCEB7B6C244182B43700FA7959413D520A73D76C244164FB4BBAF0795941991FCD21FD6C244143CB27AEEB795941BA2CE9B41D6D2441D7EA2F1AE6795941F14EC189236D24410F02BBB3E47959416D694755516D244151519488D37959411EC2ABEB596D2441E66839B2CE7959416CBBFA1D676D2441F5E5852EC4795941EF598C5EB570244187573730117A5941FEA1BCD600712441EBBF85AF177A59416D12A0B1407124412BE5265F107A59413058226E23732441929E5191307A59414BDE4003187224413DB447AE487A5941FD66303825732441603ADC9E6F7A59411F7DD4AA317324417E575319717A59414605CDF8417324415E11C571727A594182048F6D8773244130A46301767A5941455DD6ABA27424412F95A386857A594162D3BAC9B77424419628C27F867A5941111286F6C6742441056C987E877A59414423BE92037524415A6E38F3977A59417B7C7ACAA17824419BEC9C98D47A594146C880AD5B7A24414ABB9908F67A59416E96BD26AD7A244127CCA8F3FC7A59418F45F3FDD07A24415378BAB0FF7A5941288E8214E57A24414406804AFC7A594156D388ECF57A2441F9018DAEF87A5941DAC42DEC1B7B24414413A95BEF7A5941B66F6948307B2441E2701040EB7A5941299B3AC76B7B24412D081B2AE17A594106ED8A63AD7B2441D3D376D7D47A5941881BA5F9F27B244132EBC0F9C87A5941980F2C9F157C2441DD60A4C3CB7A5941458B35F42E7C2441031AD3CBCC7A5941AD3208033F7C24417989312CCE7A59419F9A334A837C244112B8EB4DD57A5941D176C12D307C2441B3018A9EE67A5941F1B193602F7C24418E4FC158E77A59417AE0113F927C2441F19AFB2E077B5941BC316600967C2441F4BB56F3077B594161181056EC7C244167C7FF33107B594186176717077D2441DDED50A1137B5941F6C66EA00F7D244142BCF0E1137B59418017C1D3287D2441F574BA49137B59418256C6B2317D2441737F686F137B594117593C434E7D244185772E3D177B59411D6246AB7D7D2441B3CCFD7F1E7B5941F8E63788A47D24414B031A87237B594145F76BC8C97D2441D8BC6F4A277B5941D2A9DA36D47D2441FEA2F00F287B5941130F76F9E27D24410D86179B287B59415274FECFFD7D2441C9D077E2287B594198464144067E24412626D570287B5941B521469D447E2441313B9F8F237B594184CBADE7697E2441BDB20B2C207B59418C607AA901832441152E29F4BC7A5941E451AC295483244151BDC864B67A59416B84DFB20C84244141DDEE4EA87A5941196F2FDF1C842441F2F24355A77A5941BDC01BF7DF882441C58C3BE9797A5941D2876837EF882441720F28FA787A59415BDE7277108924411CD9B381747A59412329C1A09289244115FC5A635D7A594147D142928A8A24414E949D1B327A59418E13BA7FF48A244149FC9E3A1F7A5941F7048B60F58A244106B588B01E7A5941C1D9EACEE78A24411C5C1555157A5941FC96832DD18A2441EF4CFF590A7A5941D7D57E48C18A244111CDEB57ED795941ABCFF429B88A244153C0DF7CD9795941E3A24774B08A244134A09260D579594164D26E07B48A2441A7C8B339C9795941F92E0EA4BD8A2441564BA1D4C3795941CE15BF2DC98A24412DD0770BBF795941972BFECFCF8A2441BD7FF170BD7959416F91C9CFF08A2441DA724E5FB67959415050E3F9468B24412850DBCBA279594117C7BD467B8B24414BA23C41A87959410011492E778C2441EE6C1CCFC07959419606748E0C8D2441653031C2CF7959411F50EC12208D244100656814D279594188E5B6C0218D244146B2EFDDD17959411D888420238D2441DFC82144D279594149CC8153208E24419EC97299ED795941ED587A4C3C8E244117C5F535F0795941BA362727578E2441742989F7F1795941EBFEC12D1E8F24414BECC3CE037A5941D0334CCC9290244126B31EFA237A5941EA48FC2EEE9324416E95F97FA77959414904D24E66962441B756D2037E795941F82918A799962441DB5E8E6E7A795941D85BC13E6E9A2441692D021B3A79594105000000ABDCD131405F24419884F1124A795941EAFC96A15F5F2441355763ED477959414423B7FD5F5F24414CFE234742795941D5AE9B1B605F2441ADC82BE547795941ABDCD131405F24419884F1124A795941');


--
-- TOC entry 4018 (class 0 OID 156799)
-- Dependencies: 239
-- Data for Name: t_zpbo; Type: TABLE DATA; Schema: gracethd; Owner: -
--

INSERT INTO t_zpbo VALUES ('ZP000180030675', 'ND000180032722', 'ZS000000000007', 'DSPE', 'A001', 'B001', NULL, NULL, NULL, 'SMO', '2015-05-28 00:00:00', '2015-06-08 00:00:00', NULL, NULL, NULL, '01060000206A0800000100000001030000000100000005000000B11196540E5F2441DBED91D63D795941DA9CAF3F365F24413E70CB6B3B795941F70B834A1C5F24411C193906347959417C328EBCF35E2441804EF8D736795941B11196540E5F2441DBED91D63D795941');
INSERT INTO t_zpbo VALUES ('ZP000180030676', 'ND000180030064', 'ZS000000000007', 'DSPE', 'A001', 'B001', NULL, NULL, NULL, 'SMO', '2015-05-28 00:00:00', '2015-06-08 00:00:00', NULL, NULL, NULL, '01060000206A080000010000000103000000010000000A0000000C312B49CF5E2441CB09EFDF3B7959414286A4ECC35E2441C229E9AD387959415BD1E61F7F5E2441ADC2BE663B795941031D87736D5E24416ADA45663E795941C67BD966685E2441F44372A54379594112A2A22B8A5E244132727FA84579594104E5F6DFBE5E2441C64F83E2407959413A3A7083B35E244113A5610B3E795941CF8F7D3CCA5E24410FB55E723C7959410C312B49CF5E2441CB09EFDF3B795941');
INSERT INTO t_zpbo VALUES ('ZP000180030698', 'ND000180031350', 'ZS000000000007', 'DSPE', 'A001', 'B001', NULL, NULL, NULL, 'SMO', '2015-05-28 00:00:00', '2015-06-08 00:00:00', NULL, NULL, NULL, '01060000206A08000001000000010300000001000000090000001EA659FF225F2441169B040B4B79594170F2BCF84C5F2441105BABE9487959412AD6C51E5C5F2441671DEF3A46795941DA9CAF3F365F24413E70CB6B3B795941C97AE9710E5F24411D6712D13D7959416BFB3728205F24413929007843795941CC2AE1A11D5F244110E80AE045795941C704476D155F2441034E99B0477959411EA659FF225F2441169B040B4B795941');


--
-- TOC entry 4017 (class 0 OID 156766)
-- Dependencies: 238
-- Data for Name: t_zsro; Type: TABLE DATA; Schema: gracethd; Owner: -
--

INSERT INTO t_zsro VALUES ('ZS000000000007', 'ND200180030502', 'ZN000180030001', 'DSPE', 'A001', 'B001', NULL, 'PM7', NULL, NULL, 'ADR', NULL, NULL, 'MONO', 462, NULL, NULL, false, NULL, NULL, NULL, NULL, NULL, '2015-05-26 00:00:00', '2015-06-08 00:00:00', NULL, NULL, NULL, '01060000206A080000010000000103000000010000005001000083D76EA5FE372441D9A175BFA07C5941AAFF6DF900382441C7C4AD41A37C59419F5F46DC273824411A520811BC7C59415A9AAEC9623824414624C9A5D07C5941C68DDDEF9F382441CB3B0750F47C594102D969F9EE392441361E91E94E7D5941C5DD0EBCFC3924410D785F8D5E7D5941203B0599473A244189B834AB607D5941521DC6057C3A244176ABC97A647D59418E85964D833C244133662D50AC7D594118E51FB68F3C2441E605D265AD7D594151AE38E6F83D2441515800A1A97D59410E8D995CED3F2441E878DEE2B97D59413D16C7B460422441F2F8BA6FD77D5941947C7E576842244159DB1411D97D5941393C2D6A2D422441BC87A76C107E5941777B4BC8264224415ADA89C3A67E5941F04C9EDA1242244119A2BEEDD27E5941CE5A78A514422441EC97F5F4DE7E5941C7AA4C3D2F4224418930696AEC7E59414CB12530534224415D6782BDF97E5941AEF1ED2A8C4224411F9D45C0047F59415C9C6A1F5F4024418DD56F59C87F59418E9963247340244140C37892518059417BEA1442B33F24415E95D489C480594182E958A2BB3F2441E58A72A6CB805941D7224305404024416C0B59FA0581594177CE885F434024411709DE360B8159410CB9BAC728402441A04418B21181594113BBE8179E3F244124F6E49326815941B63CC8D83C402441B0DAE9B344815941F27E54DD92402441387D8C3E4D815941FC1B69FF684124410AC4C0418E81594187A11C919641244128B17DE098815941CAE3E83CB4412441F9D2C1379D815941EB64B107894224412A5F64ADF4815941FECF2B8CB4422441F3BED45D18825941482A4A00C242244152EE7D571B825941AAEC7C0DF0422441D2F057673E825941B5784D5C3D432441234FF53064825941F24646A25143244153D0D4EB68825941496B620C5D43244122FA195869825941974DF9E0794424414D3679795C8259411C66FB9B33452441DDF473FE55825941BA963EECF7452441136E1D8B51825941CE2DCE98024624415BE9C6AB528259419AAB873EAF462441EE369B054E82594123FC6D67C44724416DEE373C4D825941F071070D1B4824411684E3D64D8259419E04E0D662482441DC1C8E6D50825941DE404A0A0C4A2441FB2FD2A333825941C95C15992F4A24417EB686D03082594188B151122D4A2441382FF8C92E825941B8EEA6B3B34A244110F7B39225825941764E16773E4B24416C8597DD1D8259414016D196594B2441577F9C121F825941407EE90D794B244111A015271E82594183D92B16B14B2441719C484618825941CBBC0AF5104C2441FE0BAA0F138259418394D79DC34C24416BD088CA168259412AE62B15EE4C2441279F9CA6198259419AA0FC14FE4C2441072922CA188259413683A46BFF4D24417E98E951098259414C02CCC8454E2441D7A732E7F8815941A34EE0EB414E2441F6283A63E88159414AE6469D4B4E244132450019E0815941A523775C894E2441A84701EFD58159414530AD22B34E244169DFF42AD181594139878575914F2441B721D943BA81594164E7F80FF94F24410A42D968B18159414896E4A231502441F0C9D2D8AE815941AFEA948155502441E010086CAF815941228D9BDF60502441E017A590AB815941F4013C263C512441648F5EB4A8815941498DABE387512441FC0E2890A58159411D6A1F33325224418A741281A681594162115019C5522441DA57F265AE815941A17FB134F6522441593A2738B481594117C92AB4415324419C0F2348B88159413CD2768A9653244108856F85BF81594119089214FE5324410569F9C9C381594157E2084619542441EE63E16EC48159411428F6502B542441C9EF37DEC1815941A44C57244B54244135D8030795815941162263C37E5424417D46478686815941A8AC9421C8542441148420847F815941B8A1C1A63455244161046C4D7A815941C42AEA3ABA55244169FBBADA798159414008E3E37856244186E965AC7B815941E889E3ADA356244132C3D90979815941E2B901ECD656244191391FD779815941A5373348E85624416804340F78815941F83C7B0DE6562441625F9599758159415ADD1ABF635624411D117C3B648159412BDDAF8D415524417F1F9F314D81594169F92093B2542441F6CE9B9F3F815941682E23509E54244115BE686C3C8159413118DB3C9D5424419BC37F133981594101F21186C8542441FF88931732815941C5A526531A55244176590DBE2F815941B22B78A0B1552441BB99ABBF2581594187E5EEA751562441550DE9AE20815941374E31C0CB5624418488E02121815941A421927BD85624411CDA4822228159414C4EC826E2562441C37F310D1F81594186E7A51AD75624417E4B296D1A81594147EA72A6FC552441C8EE73FCF7805941228901AFF4552441B0D2D0BBF5805941CC0A0EC8F755244152DCA11EEF805941AC8695F903562441A087697DEA80594199BB8BB125562441372C9A87E4805941BCE9E6A7F1562441D36AC5B6CE805941B598C080E4572441646CD9E7C9805941F85267ABA4582441237DD84BCA80594137D2F948AD5824412EAACC73C980594165736B9DE7582441E1719BC3BE8059413103FFED0758244119A1466191805941F403C3D2165824418A9DC1CF83805941F2718AC41F582441C4CDCA6A828059415A0B5743335824410F60687082805941218D724151582441489161E583805941E66F0A14E4592441F9BCC0815C80594109845D9B1F5A24413F9F716B558059415354D46CED5924411E35870148805941737BDC9793592441AEC063783680594160CD0A8B65592441C022B27930805941DA02AF2D2259244115162206138059419106CB15C75824412C75826EF97F5941B262C774BB582441DA8F1C1DDD7F5941896D06EE9558244133E365D2C37F5941E0901C0E8F58244148E77CBBB67F59410ACE673E9C5824419FD50FE5AC7F5941D24105F253582441328109469A7F59417F6BBE3531582441B2DE26378B7F5941BAF65ACE13582441BB698A96837F5941AC740E7DFD572441A2B1F1C67F7F5941F79FC0F3CD572441A6D76D0A7B7F59417C2C68819F572441D58C881F727F5941A9FCDFC5A7572441C88477AD6A7F5941D6F5700ECE57244138A38558627F5941E8ED7B7AD35724411ACB7DFB5B7F5941C8CB983F0958244103C26DA84B7F59410CE133CE755824418F6EE00F377F5941E4EF4F91D7582441B8F974D0317F5941E30A884670592441EDAB424A237F59413DCFA841E1592441F15E7C381F7F5941ED5B8BD8595A2441A01DA66F177F5941C1601C24A05A2441E72D91C2107F5941EEACF2CBD95A244131F06E66097F5941757D8581225B24414953C8E6F67E59419C35A2F5675B244166064C43EB7E5941C6594E80695B2441B735ACC7E27E59411D772225825B2441D971642BD87E5941AC005CF1815B244198686BE4D37E5941CD62B9829B5B24412D42EF70D37E5941F6F0ADE2E05B2441E22B5882CB7E594142215F12085C24413A5599A3C87E5941946C138BCD5C2441E9C536E0A17E5941180D3AD2E15C2441D81576538B7E594145AABF01035D2441C7FB748D7F7E59416054DBD0935D2441B1399F6F6E7E5941EC0852B9DB5D24418F90707C617E5941ED53DD98095E2441F66785DA507E5941459317FB055E2441034466653F7E59419C9E46191E5E2441151E5332377E5941286E309A5E5E2441C4CC65D12F7E5941B71D8771895E2441E453F6A1257E5941FBC0EDB6295F24419B3915AF157E59414182A330635F2441FE3491B5157E59419DAE2AEF705F24411AB9E56C117E5941CB5AB27E925F24413D4C358B0C7E5941B661402B845F2441C18C3761097E59410B52A88A8A5F2441E503C2E7057E5941EEDB6B5DBB5F24419B8F8A74FF7D5941DF6CC3A325602441583B7CEA007E5941948B74A54F602441809AAF68FD7D594124263BDA536024417C2942E2F27D5941FD72791570602441910D4D29EA7D5941FFC4E0389160244122104DC7C57D59415C68C2116B6024413C92E796B77D594155F51C07EA5F24413974A976A27D594149950989735F24414BE93163847D594130F1B7C74F5F244193D180AB727D5941A7D9D9B74D5F24416F0622E16B7D5941A42A4E2D5D5F2441821C133B687D59411A657859065F244101637B546B7D59416683187AD35E2441A84E9FB36B7D5941E72C822A805E2441A4FEFF66697D59414D5ADF043F5E24418C75F5FC607D5941B6FBC6DFFE5D2441CBD1B57A4F7D59413759CFE87A5D24411BB045B8487D59415BFB65E3BA5C2441DCD3F6F8447D5941D74D0F82965C2441F6B5A244437D5941C0D931921E5C2441AC619A22397D59419293ADB2E85B2441DAE42939367D5941125278B4365B24419FB066F1257D59417AA34C415E5A244121BE9E5F197D5941E59080AB045A2441B20CA3600F7D594180A3415CB75824410A397C94FF7C5941FD3CDD2B45582441A7FC10A3007D59410D35732AC457244105932B42FF7C59412FDB6A075F5724410157DB37FB7C5941FACB837D445724414B08B2AEF87C59415F1EC1AA445724415BC8C35CE47C5941DBF9FB9111572441623709ADD07C5941D0F112587F582441DE1BB412977C5941E8DFAF49D65824414384B1018C7C5941ECE83597495924418F77B5F1807C5941A6CE68C57B5924418DADC74E7A7C59411E91885999592441A639A3D2737C5941E2557E14AF592441DC795831667C5941806F4DA5B15924411E5DA2645B7C59416151A93678592441A19193F4347C5941E52B85BA7B592441144283DD2C7C59417250C358755A2441A4F3EC03B67B5941760FC09D195824410D5927A5897B59418E54940156582441E42A05E7817B5941EED516623E582441638311BA7E7B5941DEE96C6FDE552441E83AD54B357B5941F8236454D3552441DB021F77347B59414142E95F30562441D1238AFA287B5941EB9460469256244162FEE3891A7B5941A06DD004F55624417A3055150A7B5941AFB67C5B3A57244107410877FD7A5941A20704A1B6572441414023E9E97A59413457DD246058244157F03818CD7A5941A425455E135924417C678DBEB87A59416C966818B85A24418B58000D787A5941E016FE38C25B2441677922BE067A5941963DB77FE75B24416110EFC4DF7959412F4B06A1E75B2441B628B94ED8795941D6C68780DA5B2441CAE7EEEED0795941BECFB785B35B2441744DEE1AC5795941F1C05E04EC5B2441149EFA5CC07959413608A24D5C5C2441221A5097B37959414681C8537D5C24416C605287B0795941A196ACCD975C24412C1A80D8AC79594188B91F394C5D2441E86BA566C079594118A95DE3725E2441569F67CDD979594195548CB5D75E24416AC5B3709B7959418D4E216CF85E24412A3FE34B9D795941691EDF8C295F244163E244AFA1795941D762A953605F2441F3F6D7F1A6795941F8D8C8D47D5F24415E413F84AA795941F71A8736B35F24418DFC6C00B279594149597AF6E65F2441DF1DF62DB77959414211CF4B07602441DF893A9CB9795941CBFEB257346024418A8B09ACBB795941715A6281A8602441FB6CCD1FBF795941E04BC93AE26024418C662C83C2795941802D4CF0296124418C6ACDCAC879594140B98C3059612441E4E4382BD079594142CC0759C9612441AF9B6078CE795941A2DE03554B612441DC1E3BCEAE795941BD317445466124417337B088AD795941F18EB396D7602441FB323C4A7A7959414D04B9F2CA5F2441C1460C376E79594120FFD8027E5F24410AF920315D79594131BB00388C5F24410A146AFC5A795941B4EA14877C5F24416551FDED5779594124DCD8CE4B5F244158CC4B3F53795941386E88161F5F2441624AC6C752795941EDF32663155F2441C2C739B54B795941ABDCD131405F24419884F1124A795941EAFC96A15F5F2441355763ED477959414423B7FD5F5F24414CFE234742795941F8B30C360A5F2441F8F5850B32795941BC7AEC8FE05E24415DB37D7927795941F686E3BF915E24417626FA6B28795941C8DB80DB5A5E2441D27D6AFE1F79594177A8FFB1065E24417FD0053226795941924D6CCBEA5D24411FDAD2A82B79594147CD78C5FB5D2441986FA60937795941EEF918131A5E2441885C430D3D795941A198BF90045E2441A412AACF3F795941E098791DDA5D2441339B4DEE3C795941A9054BEBB95D24412F47340E39795941A71A04EA555D2441EB954A0B367959419542CC1B385C244166B9E6072F7959411F244484035C244114BD797B38795941C926EA28795B2441D435E48F32795941C14D1644505B24416D718B0F4A795941A1DFB7CAF95124418C9199E7C47859419B8F45E0E74A244157B178A07B78594193CB73E0FF472441902E9B63F078594122AAF6A992472441BB21557E017959417F88285F6C472441EE79307803795941B66672633A4324410EF44ECE3B795941188034E815432441DE19E1723F795941A23A29BB964224416CE202CD4679594131EBC3CB8B422441868FF2A8477959410867D13B4B422441D7630AE64879594108372C2B02422441291A528A49795941E49C8105D1412441FD39EFBD49795941A32CA19FDE4224416FA5B1FAF679594160918DA5F84224418EAA6101087A59414F83949BE1422441AA3C1C02117A594148BB6D83DD42244123FC919B217A594118232B45EC422441D9004717337A59414412F6A0044324411AED1B033B7A5941645AC3EE07432441A4947EDB447A594115E313EC9F4124410A1FABF3DE7A5941AAA7A815044024412B7649418F7B59413B21428709402441B8E7A64F917B5941A8C81979FB3F2441B1E6D737927B59414F57453CD93F2441C53576C7A17B5941C69FBF6DCB3F2441798BD6D8AF7B5941982EC7E2ED3E24413DD73108D17B594172C34EEADC3E244158C742CED17B5941F8E98B04CC3E2441DFE2B9BDD07B59419CE440F9123E244192C13805E97B59413143E2EE583D2441A3479E57067C5941AB9B497F213D2441F2A45FFC0B7C59415F2D525C0E3D244140C879D30B7C594142B7BB64983C244154A3E349167C5941FFCCDB95643C2441F64473831D7C594123004C06643C24415E34E55E1F7C5941A180B0182A3C2441B9D75E9D247C59411FE20F8C073C244151BC5C072A7C5941D306390BBB3B244125D1C5E52E7C5941E463BBD96C3B24415305C1B3397C5941E7B8F8AD213B24413D0FFB7C467C5941B9715551103B24418C9E0C8F477C594162F799C6023B2441B65458FE497C5941105705670B3B2441FE6565FA4D7C59411B5010BFEE3A24415E6B601E527C59411EE6349EA53A24411F5A38475A7C59414D7C08CE9C3A244184AD6DA95C7C59417FA9F91B773A2441F522C29F5E7C59413931F760143A2441B5B5BA816A7C59413EE94F56EE39244137B03C3E717C59413242D16B67392441D6B3DED9827C59415D04D111523824413156BF989F7C5941D66A25A7463824413BA8DE5AA27C594194C2DC2B063824414AD3E4A0A07C594183D76EA5FE372441D9A175BFA07C5941');


-- Completed on 2016-08-23 17:00:34

--
-- PostgreSQL database dump complete
--

